"bpid","mlbid","Name","Age","Season","Team","G","GS","IP","W","L","SV","ERA","RA9","DRA","FIP","cFIP","WHIP","K%","BB%","HR%","GB%","DRA-","WARP"
158731,800311,"Didier Fuentes",20,2025,"ATL",4,4,13,0,3,0,13.85,13.85,6.01,9.22,115,2.23,17.4,8.7,8.7,26.5,133,-0.1
150806,699134,"Bradgley Rodriguez",21,2025,"SD",7,0,7.7,1,0,0,1.17,1.17,4.04,3.22,93,0.91,29,9.7,0,56.3,89,0.1
153071,702056,"Trey Yesavage",21,2025,"TOR",3,3,14,1,0,0,3.21,3.21,3.89,2.26,91,1.43,25.8,11.3,0,56.4,86,0.3
153283,702674,"Caden Dana",21,2025,"LAA",7,5,32.3,0,4,0,6.4,6.68,4.84,6.39,104,1.48,23.4,12.8,6.4,40.4,107,0.3
141891,683409,"Angel Chivilli",22,2025,"COL",43,0,58.7,1,5,0,7.06,7.52,4.86,6.12,107,1.69,15.6,8.4,4.7,49.8,108,-0.1
148008,691251,"Andry Lara",22,2025,"WSH",9,0,14.3,0,0,0,8.79,9.42,4.9,5.52,106,2.44,12.8,10.3,2.6,50.8,108,0
148109,691441,"Cristian Mena",22,2025,"AZ",3,0,6.7,1,0,0,1.35,1.35,4.76,4.12,102,0.9,30.8,11.5,3.8,53.3,105,0
148223,691587,"Eury Pérez",22,2025,"MIA",20,20,95.3,7,6,0,4.25,4.44,4.69,3.76,100,1.05,27.3,8.3,3.1,31.4,104,1.1
148246,691594,"Javier Sanoja",22,2025,"MIA",8,0,9.3,0,0,0,16.39,16.39,6.79,10.19,131,3.11,1.9,9.3,7.4,22.9,150,-0.2
148424,692030,"Jose Corniell",22,2025,"TEX",1,0,1.7,0,1,0,16.2,21.6,6.25,11.45,117,2.4,11.1,11.1,11.1,42.9,138,0
151426,696149,"Bubba Chandler",22,2025,"PIT",7,4,31.3,4,1,1,4.02,4.02,3.95,2.74,92,0.93,25,3.2,1.6,46.5,88,0.5
151488,700363,"AJ Smith-Shawver",22,2025,"ATL",9,9,44.3,3,2,0,3.86,4.06,5.48,3.92,110,1.4,22,10.5,2.1,35.2,121,0.1
151613,695549,"Jackson Jobe",22,2025,"DET",10,10,49,4,1,0,4.22,4.41,5.73,5.09,117,1.49,17.9,12.4,3.2,42.7,127,0
151625,695534,"Chase Petty",22,2025,"CIN",3,2,6,0,3,0,19.5,21,5.77,11.89,112,3.67,17.5,20,7.5,25,128,0
151723,695505,"Chase Burns",22,2025,"CIN",13,8,43.3,0,3,0,4.57,5.19,3.41,2.74,78,1.32,35.6,8.5,2.7,35.2,75,1.1
160614,696270,"Ryan Johnson",22,2025,"LAA",14,0,14.7,1,1,1,7.36,9.2,3.71,5.44,91,1.98,22.2,6.9,5.6,49,82,0.2
161459,801139,"Payton Tolle",22,2025,"BOS",7,3,16.3,0,1,0,6.06,6.61,4.49,6.17,98,1.59,25.7,10.8,6.8,31.9,99,0.2
162781,804636,"Jonah Tong",22,2025,"NYM",5,5,18.7,2,3,0,7.71,9.64,4.58,4.4,96,1.77,25.3,10.3,3.4,35.7,101,0.2
166694,806960,"Luis Morales",22,2025,"ATH",10,9,48.7,4,3,0,3.14,3.33,5.29,4.59,113,1.15,21.6,9,4,35,117,0.2
112555,679883,"Luinder Avila",23,2025,"KC",13,0,14,1,1,0,1.29,1.29,4.22,2.05,97,0.93,28.6,10.7,0,50,93,0.1
118994,679922,"Carlos Duran",23,2025,"ATH",1,0,0.3,0,0,0,81,81,4.76,30.05,120,12,0,60,0,0,105,0
121867,682790,"Wikelman González",23,2025,"CWS",16,0,20.3,1,0,0,2.66,3.98,4.56,3,100,1.23,28.7,13.8,1.1,30,101,0.1
128054,679885,"Justin Martinez",23,2025,"AZ",17,0,15.3,1,2,5,4.11,4.7,4.57,4.13,95,1.24,32.8,17.9,1.5,53.3,101,0
141711,683155,"Joey Estes",23,2025,"ATH",3,2,11,0,2,0,9.82,9.82,6.53,8.59,127,2,10.9,10.9,7.3,26.2,145,-0.2
142066,683618,"Edgardo Henriquez",23,2025,"LAD",22,0,19,2,1,1,2.37,2.37,4.25,3.48,94,1.16,23.1,6.4,2.6,45.5,94,0.1
142085,683627,"Anthony Molina",23,2025,"COL",17,1,34.7,1,1,0,7.27,7.79,5.02,7.03,108,1.67,15,3.8,7.5,40.9,111,0
145915,689254,"Mason Fluharty",23,2025,"TOR",55,0,52.7,5,2,1,4.44,4.78,4.35,3.88,100,1.14,26,11.2,2.8,40.6,96,0.3
147751,690953,"Mick Abel",23,2025,,10,8,39,3,4,0,6.23,6.46,4.84,5.13,103,1.51,22.4,9.2,4.6,37.3,107,0.3
147803,690986,"Kyle Harrison",23,2025,,11,6,35.7,1,1,0,4.04,4.04,4.25,3.75,96,1.37,24.4,9,2.6,36.9,94,0.5
147807,690990,"Cade Horton",23,2025,"CHC",23,22,118,11,4,0,2.67,3.05,4.63,3.67,107,1.08,20.4,6.9,2.1,42.4,103,1.4
147819,690997,"Nolan McLean",23,2025,"NYM",8,8,48,5,1,0,2.06,2.44,3.17,3.05,77,1.04,30.3,8.5,2.1,60.2,70,1.4
148274,691769,"Philip Abner",23,2025,"AZ",5,0,3.7,0,0,0,4.91,4.91,3.89,2.95,93,2.18,27.8,16.7,0,30,86,0
148324,691799,"Grant Taylor",23,2025,"CWS",36,2,36.7,2,4,6,4.91,4.91,3.05,1.33,70,1.42,34.4,9.6,0,47.7,68,0.8
148363,691951,"Sam Aldegheri",23,2025,"LAA",4,2,13.7,0,2,0,7.9,9.22,5.21,7.22,105,2.2,16.4,13.7,4.1,40.4,115,0
151666,701656,"Logan Henderson",23,2025,"MIL",5,5,25.3,3,0,0,1.78,1.78,4.49,3.1,98,0.99,33.3,8.1,3,20.7,99,0.4
151692,692230,"Carlos Rodriguez",23,2025,"MIL",4,0,9.7,1,0,0,6.52,6.52,5.39,5.08,110,2.28,22,18,2,33.3,119,-0.1
151715,700187,"Troy Taylor",23,2025,"SEA",8,0,6.7,0,0,0,12.15,12.15,6.13,8.15,123,2.55,5.4,8.1,5.4,22.6,136,-0.1
156680,694819,"Jacob Misiorowski",23,2025,"MIL",15,14,66,5,3,0,4.36,4.64,3.79,3.66,87,1.23,32,11,2.9,34.9,84,1.4
160224,694462,"Hurston Waldrep",23,2025,"ATL",10,9,56.3,6,1,0,2.88,2.88,4.07,3.29,93,1.19,24,9.6,1.3,49,90,1
161332,694973,"Paul Skenes",23,2025,"PIT",32,32,187.7,10,10,0,1.97,2.16,3.18,2.45,76,0.95,29.5,5.7,1.5,44.3,70,5.4
161602,801403,"Chase Dollander",23,2025,"COL",21,21,98,2,12,0,6.52,6.98,5.46,5.62,113,1.55,18.6,11.1,4.1,41.8,121,0.3
163878,806185,"Hayden Birdsong",23,2025,"SF",21,10,65.7,4,4,0,4.8,5.76,6.09,5.05,115,1.49,22.8,12.4,3.4,33.5,135,-0.6
163965,802419,"Thomas Harrington",23,2025,"PIT",3,1,8.7,0,1,1,15.58,15.58,5.7,8.53,112,2.88,14,14,6,41.7,126,-0.1
164332,808963,"Roki Sasaki",23,2025,"LAD",10,8,36.3,1,1,0,4.46,4.46,6.23,5.89,120,1.43,17.4,13.7,3.7,38.9,138,-0.2
170375,813349,"Connelly Early",23,2025,"BOS",4,4,19.3,1,2,0,2.33,2.79,2.99,0.82,73,1.09,36.7,5.1,0,48.9,66,0.6
173462,820862,"José Fermin",23,2025,"LAA",40,0,34.3,3,2,0,4.46,5.5,4.92,5.9,106,1.4,25.7,15.1,5.3,31.5,109,-0.1
110327,675848,"Juan Mejia",24,2025,"COL",55,0,61.3,2,2,1,3.96,4.99,4.37,3.79,95,1.26,26.1,9.6,2.3,38.3,97,0.3
110387,672456,"Keider Montero",24,2025,"DET",20,12,90.7,5,3,0,4.37,4.57,5.15,4.85,111,1.39,18.5,8,4.1,40.5,114,0.2
112289,678215,"Luarbert Arias",24,2025,"MIA",7,0,10.3,0,0,0,11.32,11.32,6.01,5.83,116,2.13,18.2,9.1,3.6,21.1,133,-0.2
114206,671737,"Taj Bradley",24,2025,,27,27,142.7,6,8,0,5.05,5.55,4.66,4.26,103,1.31,21,9.3,3.1,42.8,103,1.7
117444,681168,"Luis Curvelo",24,2025,"TEX",17,0,19,1,1,0,5.68,6.16,5.45,4.58,113,1.42,23.8,11.9,3.6,25.9,121,-0.2
120108,680755,"Braydon Fisher",24,2025,"TOR",52,1,50,7,0,0,2.7,2.7,4.35,2.93,99,1.02,30.7,9.4,2,35.6,96,0.3
122780,682995,"Hunter Barco",24,2025,"PIT",2,0,3,1,0,0,0,0,4.27,1.22,98,1,25,0,0,44.4,94,0
126791,681432,"Luke Little",24,2025,"CHC",2,0,2.7,0,0,0,3.38,6.75,4.32,6.97,98,2.63,26.7,40,0,40,96,0
129321,682825,"Luis Mey",24,2025,"CIN",23,0,21,2,0,0,3.43,3.43,5.09,5.65,106,1.62,21.9,17.7,3.1,50.9,113,-0.1
132337,678821,"Luis Peralta",24,2025,"COL",22,0,19,1,3,0,9.47,10.42,6.06,8.8,119,2.32,15.8,17.8,5.9,29.2,134,-0.3
133260,682990,"Quinn Priester",24,2025,"MIL",29,24,157.3,13,3,0,3.32,3.55,3.7,4.1,92,1.24,20.2,7.7,2.8,55.1,82,3.3
141257,680573,"Simeon Woods Richardson",24,2025,"MIN",23,22,111.3,7,4,0,4.04,4.28,5.01,4.43,110,1.28,22.7,9.8,3.6,33,111,0.8
141319,680736,"Justin Wrobleski",24,2025,"LAD",24,2,66.7,5,5,2,4.32,4.59,2.93,3.01,72,1.23,27.1,6.1,2.1,48.9,65,1.5
141755,683175,"Connor Phillips",24,2025,"CIN",21,0,25,5,0,0,2.88,3.24,4.52,3.9,99,0.92,32.7,12.2,3.1,30.8,100,0.1
143047,685326,"McCade Brown",24,2025,"COL",7,7,25.7,0,5,0,7.36,7.36,5.95,7.04,115,1.83,18.3,13.5,4.8,34.6,132,-0.1
143786,686563,"Jonathan Cannon",24,2025,"CWS",22,17,103.7,4,10,0,5.82,5.99,5.68,5.05,113,1.49,18.5,8.2,4.1,37.3,126,-0.2
143969,686930,"Mason Barnett",24,2025,"ATH",5,5,22.3,1,1,0,6.85,7.25,5.57,4.8,111,1.66,17.3,10.6,2.9,35.1,123,0
144003,687134,"Bradley Blalock",24,2025,"COL",14,12,58.7,2,6,0,9.36,9.36,6.83,7.4,130,1.84,9.8,8.4,6.2,40.1,151,-0.8
144267,686799,"Jack Kochanowicz",24,2025,"LAA",23,23,111,3,11,0,6.81,7.22,5.6,5.97,116,1.75,14.1,11.3,4.1,52.3,124,0.1
144346,687209,"Zach Maxwell",24,2025,"CIN",8,0,10,0,0,0,4.5,4.5,4.27,5.72,94,1.4,30.2,9.3,7,30.8,94,0.1
144355,686790,"Trevor McDonald",24,2025,"SF",3,2,15,1,0,0,1.8,3.6,4.32,2.62,97,1,23.3,3.3,1.7,52.3,96,0.2
144449,687074,"Tyler Owens",24,2025,"DET",3,0,3,0,0,0,3,3,5.55,5.38,112,2,6.7,20,0,45.5,123,0
144455,687223,"Carson Palmquist",24,2025,"COL",9,7,34.3,0,4,0,8.91,9.17,6.76,7.88,123,2.04,15.4,14.3,5.7,30.8,150,-0.5
144607,687075,"Brandon Sproat",24,2025,"NYM",4,4,20.7,0,2,0,4.79,4.79,4.43,2.88,100,1.21,20.2,8.3,0,50,98,0.3
144755,687847,"Marc Church",24,2025,"TEX",5,0,4.7,0,0,0,3.86,3.86,5.48,4.76,114,2.14,21.7,26.1,0,41.7,121,0
144849,687863,"Porter Hodge",24,2025,"CHC",36,0,33,2,2,2,6.27,6.55,4.41,5.98,95,1.58,27.2,12.2,6.1,38.2,98,0.1
145156,687931,"Carson Whisenhunt",24,2025,"SF",5,5,23.3,2,1,0,5.01,5.4,5.63,6.99,111,1.46,15.7,11.8,5.9,45.8,125,0
145203,688642,"Zach Agnos",24,2025,"COL",30,0,31.3,1,3,4,6.61,7.18,5.86,5.61,119,1.5,13.9,11.7,3.6,39.2,130,-0.4
145872,688138,"Logan Evans",24,2025,"SEA",16,15,81.3,6,5,0,4.32,4.98,5.71,4.97,116,1.39,16.9,8.9,3.7,39.8,126,-0.1
146336,690829,"Ben Joyce",24,2025,"LAA",5,0,4.3,1,0,0,6.23,8.31,6.26,6.97,120,1.62,4.8,9.5,4.8,38.9,139,-0.1
146369,689147,"Orion Kerkering",24,2025,"PHI",69,0,60,8,4,4,3.3,4.2,4.29,3.9,96,1.37,24.4,10.2,2.3,42.9,95,0.3
147607,689958,"Andrew Walters",24,2025,"CLE",2,0,1.3,0,0,0,13.5,13.5,4.64,9.8,101,1.5,33.3,0,16.7,25,103,0
148204,682989,"Victor Mederos",24,2025,"LAA",5,3,17,0,2,0,7.41,7.41,6.31,7.11,119,1.76,17.3,14.8,4.9,32.7,140,-0.2
149389,692285,"Luis Guerrero",24,2025,"BOS",13,0,17.3,0,1,0,4.15,4.15,5.8,4.32,121,1.33,13.9,19.4,0,45.8,128,-0.2
150972,700270,"Yilber Díaz",24,2025,"AZ",1,0,3,0,0,0,9,9,6.35,5.55,112,2.33,6.7,20,0,36.4,141,-0.1
151438,700241,"Michael McGreevy",24,2025,"STL",17,16,95.7,8,4,0,4.42,4.7,4.59,4.36,107,1.25,14.5,5,3,47.3,102,1.2
151531,697812,"Joe Rock",24,2025,"TB",3,0,7.7,0,0,0,2.35,2.35,3.69,3.44,87,1.17,31.4,5.7,2.9,55,82,0.1
152811,675512,"Troy Melton",24,2025,"DET",16,4,45.7,3,2,0,2.76,2.96,4.64,4.52,106,1.01,20,8.3,3.9,43,103,0.3
155346,693645,"Cam Schlittler",24,2025,"NYY",14,14,73,4,3,0,2.96,2.96,4.67,3.65,102,1.22,27.6,10.2,2.6,36.4,103,0.9
156820,694918,"Blade Tidwell",24,2025,"NYM",4,2,15,1,1,0,9,9,6.02,7.55,118,2.2,12.8,12.8,5.1,33.3,133,-0.1
158579,800048,"Parker Messick",24,2025,"CLE",7,7,39.7,3,1,0,2.72,2.72,3.55,2.9,86,1.31,23,3.6,2.4,48.8,79,1
158580,800049,"Adam Mazur",24,2025,"MIA",6,6,30,0,4,0,4.8,6.3,6.11,4.99,118,1.5,13.7,8.6,2.9,43,135,-0.1
163793,805123,"AJ Blubaugh",24,2025,"HOU",11,3,32,3,1,0,1.69,3.09,4.46,4.42,101,0.91,28,9.6,4.8,33.3,99,0.2
163990,805427,"Drew Sommers",24,2025,"DET",4,0,3,0,1,0,18,18,3.8,9.38,93,3.33,15.8,15.8,5.3,33.3,84,0
170364,815083,"Mitch Farris",24,2025,"LAA",5,5,24.3,1,3,0,6.66,7.03,6.05,4.69,113,1.44,22.4,10.3,3.7,21.1,134,-0.1
108077,666659,"Sauryn Lao",25,2025,,8,0,11,1,0,0,4.91,5.73,4.64,4.71,101,1.45,18.4,4.1,4.1,45.9,103,0
108552,666619,"Gregory Santos",25,2025,"SEA",8,0,7,1,1,0,5.14,7.71,5.64,6.48,116,2.29,0,22.2,0,60.7,125,-0.1
109622,672710,"Roansy Contreras",25,2025,,5,0,12.7,0,0,0,5.68,5.68,5.15,6.01,112,1.11,11.8,3.9,5.9,35.7,114,-0.1
109907,672782,"Yoendrys Gómez",25,2025,,21,9,62.7,3,3,1,5.17,5.74,5.49,5.19,113,1.39,20.9,9.7,4.3,36.4,122,0
110535,672724,"Oswald Peraza",25,2025,"LAA",2,0,2.3,0,0,0,30.86,30.86,4.98,9.91,110,3.86,0,0,6.3,46.7,110,0
111079,672582,"Angel Zerpa",25,2025,"KC",69,2,64.7,5,2,0,4.18,4.18,3.36,3.78,84,1.38,21.1,8,2.5,61.7,74,1.1
111097,676962,"Ben Brown",25,2025,"CHC",25,15,106.3,5,8,1,5.92,6.18,3.74,4.16,84,1.44,25.6,6.8,3.8,42.2,83,2.1
111154,676679,"Luis Vázquez",25,2025,"BAL",4,0,4.3,0,0,0,0,0,4.6,3.74,106,0.92,0,7.1,0,69.2,102,0
111177,676282,"Joey Cantillo",25,2025,"CLE",34,13,95.3,5,3,1,3.21,3.68,3.67,3.47,86,1.26,26.9,10.5,2.5,41,81,1.9
111200,668881,"Hunter Greene",25,2025,"CIN",19,19,107.7,7,4,0,2.76,2.93,3.71,3.36,85,0.94,31.4,6.2,3.6,33.5,82,2.5
112382,681293,"Spencer Arrighetti",25,2025,"HOU",7,7,35.3,1,5,0,5.35,5.35,5.91,5.45,117,1.42,19.9,12.8,3.8,37.3,131,-0.1
112437,677952,"Braxton Ashcraft",25,2025,"PIT",26,8,69.7,4,4,0,2.71,2.84,3.6,2.86,86,1.25,24.3,8.2,1,49.7,80,1.3
113344,678368,"Valente Bellozo",25,2025,"MIA",32,6,81.3,1,4,0,4.65,4.87,5.6,5.29,120,1.33,15.5,6.6,4.3,30.8,124,-0.5
114159,671212,"Joe Boyle",25,2025,"TB",13,9,52,1,4,0,4.67,5.71,4.25,4.11,95,1.37,25.7,12.4,2.7,44.5,94,0.7
114818,680732,"Sean Burke",25,2025,"CWS",28,22,134.3,4,11,0,4.22,5.09,5.23,4.84,109,1.44,22.3,10.6,3.9,35.4,116,0.4
114867,681347,"Mike Burrows",25,2025,"PIT",23,19,96,2,4,0,3.94,4.03,4.32,4.09,99,1.24,24.1,7.7,3.2,40.9,96,1.4
118309,672282,"Reid Detmers",25,2025,"LAA",61,0,63.7,5,3,3,3.96,4.1,3.07,3.03,74,1.3,30.1,9.4,2.3,44,68,1.3
119330,669438,"Mason Englert",25,2025,"TB",29,0,44.7,0,1,0,3.83,4.03,4.18,3.05,96,1.21,23.8,5.9,2.2,40.6,93,0.3
119979,678606,"Jose A. Ferrer",25,2025,"WSH",72,0,76.3,4,4,11,4.48,4.83,3.07,3.12,77,1.27,21.9,4.9,1.5,59.6,68,1.5
122650,678020,"Seth Halvorsen",25,2025,"COL",42,0,39.7,1,2,11,4.99,5.9,4.3,5.21,95,1.54,20.9,11.6,4.1,51.7,95,0.2
123266,678692,"Ronny Henriquez",25,2025,"MIA",69,0,73,7,1,7,2.22,2.84,3.5,3.23,82,1.1,32.3,8.9,2.6,39.7,78,1.1
123271,669371,"Cole Henry",25,2025,"WSH",57,0,52.7,1,2,2,4.27,4.61,6.05,5.42,120,1.42,21.6,13.3,2.9,31.5,134,-0.8
123682,677955,"Jaden Hill",25,2025,"COL",28,0,29.3,1,1,0,3.38,4.3,4.48,3.53,98,1.33,24,9.3,1.6,43.4,99,0.1
123838,680684,"Gunnar Hoglund",25,2025,"ATH",6,6,32.3,1,3,0,6.4,6.4,5.15,6.67,112,1.52,16.5,7.9,7.2,41,114,0.2
123911,680880,"Grant Holman",25,2025,"ATH",22,2,23,4,2,0,5.09,5.48,4.92,4.57,109,1.52,16.5,8.7,2.9,43.4,109,0
126483,683004,"Jack Leiter",25,2025,"TEX",29,29,151.7,10,10,0,3.86,4.09,5.05,4.06,108,1.28,22.9,10.4,2.8,37.6,112,1.1
126657,669461,"Matthew Liberatore",25,2025,"STL",29,29,151.7,8,12,0,4.21,4.69,5.07,4.11,108,1.31,18.8,6.2,2.9,37.6,112,1.1
128575,680729,"Garrett McDaniels",25,2025,"LAA",10,0,10.7,0,0,0,5.91,6.75,4.57,6.89,102,1.97,12,16,4,71.4,101,0
129854,682254,"Mason Montgomery",25,2025,"TB",57,0,46,1,3,1,5.67,6.26,3.74,3.83,84,1.65,30.1,12.9,2.9,41.5,83,0.6
130423,682610,"Roddery Muñoz",25,2025,"STL",9,0,11,0,0,0,8.18,8.18,5.13,7.86,106,1.64,27.5,17.6,7.8,21.4,114,-0.1
130861,680951,"Doug Nikhazy",25,2025,"CLE",2,1,4,0,1,0,13.5,13.5,5.01,5.05,105,2.75,21.7,26.1,0,25,111,0
131358,681857,"Reese Olson",25,2025,"DET",13,13,68.7,4,4,0,3.15,3.15,4.47,3.41,99,1.21,22.8,8.8,1.8,42.6,99,1
131860,680730,"Mitchell Parker",25,2025,"WSH",33,30,164.7,9,16,1,5.68,6.34,6.3,5.07,119,1.43,14.2,8,3.4,36.8,139,-1.2
132620,678022,"Jack Perkins",25,2025,"ATH",12,4,38.7,3,2,3,4.19,4.19,4.77,4.03,105,1.16,23,11.2,2.5,41.3,106,0.2
134211,680689,"Lyon Richardson",25,2025,"CIN",34,0,37.7,0,3,0,4.54,5.97,4.96,4.15,108,1.54,17.4,12.2,1.2,53.8,110,-0.1
134629,677958,"Kumar Rocker",25,2025,"TEX",14,14,64.3,4,5,0,5.74,5.88,4.78,4.79,102,1.46,19.5,8,3.8,48.5,106,0.7
134896,678495,"Randy Rodríguez",25,2025,"SF",50,0,50.7,3,5,4,1.78,2.13,3.46,2.49,81,0.89,33.8,5.6,2,37.1,77,0.8
136375,680885,"Spencer Schwellenbach",25,2025,"ATL",17,17,110.7,7,4,0,3.09,3.58,3.56,3.34,84,0.97,24.9,4.1,3,47.1,79,2.7
136890,681217,"Chase Silseth",25,2025,"LAA",10,0,11,0,0,0,1.64,1.64,3.94,3.78,91,1.45,26.5,12.2,2,55.2,87,0.1
137155,681916,"Dylan Smith",25,2025,"DET",7,0,13,1,0,0,1.38,1.38,5.38,4.28,115,0.85,8.3,10.4,0,52.8,119,-0.1
137252,681343,"Shane Smith",25,2025,"CWS",29,29,146.3,7,8,0,3.81,4.31,4.41,4.01,99,1.2,23.5,9.4,2.8,40.4,98,2.2
139369,682842,"Abner Uribe",25,2025,"MIL",75,0,75.3,3,2,7,1.67,2.15,3.46,2.84,81,1.04,30.2,9.1,1.3,52.6,77,1.2
139673,672841,"Carlos Vargas",25,2025,"SEA",70,0,77,5,5,1,3.97,4.56,3.96,4.5,98,1.35,16.3,6.9,3,55.9,88,0.7
139729,678024,"Mike Vasil",25,2025,"CWS",47,3,101,5,3,4,2.5,2.85,4.63,4.24,107,1.25,19.4,12.3,1.9,50.7,102,0.3
140142,680767,"Victor Vodnik",25,2025,"COL",52,0,50.7,4,3,10,3.02,3.38,4.32,3.85,96,1.4,22.8,12.1,1.9,54.3,96,0.3
140479,677960,"Ryan Weathers",25,2025,"MIA",8,8,38.3,2,2,0,3.99,4.7,4.29,4.68,97,1.28,22.3,7.2,4.2,44,95,0.6
140736,669391,"Owen White",25,2025,"CWS",3,0,7,0,0,0,9,9,4.43,4.48,100,2.43,17.1,8.6,2.9,42.3,98,0
140834,677961,"Cole Wilcox",25,2025,"TB",1,0,1,0,0,0,27,63,4.88,10.05,105,7,8.3,25,0,37.5,108,0
140930,668909,"Gavin Williams",25,2025,"CLE",31,31,167.7,12,5,0,3.06,3.33,4.33,4.31,98,1.27,24.6,11.8,3.3,45.6,96,2.6
141131,668390,"Cole Winn",25,2025,"TEX",33,0,41.7,0,1,0,1.51,1.73,4.35,3.82,102,0.96,21.6,10.5,1.9,46.2,96,0.2
143422,684974,"Craig Yoho",25,2025,"MIL",8,0,8.7,0,0,0,7.27,7.27,5.11,6.57,112,1.96,17.1,22,2.4,41.7,113,0
143599,686228,"Juan Burgos",25,2025,,13,0,13.3,1,1,0,6.08,6.75,4.59,5.02,102,1.88,21.5,12.3,3.1,42.9,102,0
143656,686218,"Emmet Sheehan",25,2025,"LAD",15,12,73.3,6,3,0,2.82,3.56,3.93,3.02,90,0.97,30.6,7.6,2.4,33.7,87,1.3
143994,686701,"Ryan Bergert",25,2025,,19,15,76.3,2,2,0,3.66,3.77,6.13,3.99,119,1.26,22.6,10.8,2.5,28.5,136,-0.4
146772,688158,"David Morgan",25,2025,"SD",41,2,47.3,1,2,0,2.66,2.66,4.12,3.79,95,1.23,25.9,11.9,2.1,44.9,91,0.4
147783,690928,"Hunter Dobbins",25,2025,"BOS",13,11,61,4,1,0,4.13,4.43,4.44,3.79,102,1.28,17.6,6.6,2.3,48.4,98,0.8
147789,690916,"Richard Fitts",25,2025,"BOS",11,10,45,2,4,0,5,5.4,4.71,5.72,105,1.31,20.5,8.2,5.6,42.5,104,0.5
148211,691548,"Rolddy Muñoz",25,2025,"ATL",3,0,3.7,0,0,0,12.27,12.27,5.19,9.77,111,2.45,23.8,23.8,4.8,55.6,115,0
148637,694361,"Will Klein",25,2025,"LAD",14,0,15.3,1,1,0,2.35,3.52,4.32,2.83,95,1.57,30,14.3,0,51.4,96,0.1
149134,694350,"Zach Brzykcy",25,2025,"WSH",26,0,23,0,1,0,9,9,5.5,6.35,112,1.74,21.8,10.9,5.5,26.4,122,-0.2
149535,695418,"Brad Lord",25,2025,"WSH",48,19,130.7,5,10,0,4.34,4.48,4.13,4.32,97,1.29,19.8,7.9,3.1,48.2,91,2
149873,694037,"Daniel Palencia",25,2025,"CHC",54,0,52.7,1,6,22,2.91,3.25,3.65,3.16,84,1.14,28.4,7.4,2.3,38.2,81,0.7
151228,700669,"Gordon Graceffo",25,2025,"STL",26,0,43,3,1,1,6.28,6.91,4.53,3.01,97,1.47,20.7,6.7,1,45.7,100,0.1
151243,701552,"Andre Granillo",25,2025,"STL",14,0,21,1,0,1,4.71,4.71,5.44,4.51,113,1.38,19.8,7.7,3.3,27.7,120,-0.2
151286,694851,"Andrew Hoffmann",25,2025,,11,0,12,1,1,0,6,9,5.66,5.81,111,2,19.7,16.4,3.3,33.3,125,-0.1
151380,696147,"Sam Bachman",25,2025,"LAA",23,0,20.3,2,3,0,6.2,6.64,4.52,3.54,99,1.57,19.1,10.6,1.1,55.4,100,0.1
151556,700249,"Cade Povich",25,2025,"BAL",22,20,112.3,3,8,0,5.21,5.61,4.53,4.09,97,1.5,24.2,8.8,3.5,41.7,100,1.4
151557,701581,"David Festa",25,2025,"MIN",11,10,53.3,3,4,0,5.4,5.91,4.85,4.79,106,1.28,23.1,8.3,4.4,35.3,107,0.5
151582,696136,"Jordan Wicks",25,2025,"CHC",8,0,14.3,0,1,1,6.28,7.53,3.61,3.43,87,1.74,19.4,1.5,3,47.2,80,0.2
151587,696131,"Mason Black",25,2025,"SF",1,0,4,0,0,0,6.75,11.25,4.42,7.22,99,1.25,26.3,0,10.5,35.7,98,0
151637,701487,"Pierson Ohl",25,2025,"MIN",14,3,30,0,3,0,5.1,6.6,5.1,4.12,108,1.5,20.3,5.3,3.8,34.3,113,0
151651,701519,"Travis Adams",25,2025,"MIN",18,2,33.7,1,4,0,7.49,7.75,6.2,5.31,118,1.66,19.6,10.8,3.8,32.1,137,-0.5
151691,693433,"Bryan Woo",25,2025,"SEA",30,30,186.7,15,7,0,2.94,3.09,3.55,3.38,88,0.93,27.1,4.9,3.6,40.4,79,4.6
151693,702070,"Noah Cameron",25,2025,"KC",24,24,138.3,9,7,0,2.99,2.99,4.35,4.09,101,1.1,20.5,7.7,3.2,41.2,96,2.2
161632,801434,"Paul Gervase",25,2025,,6,0,8.3,0,0,0,4.32,4.32,5.59,8.01,116,1.68,20.5,15.4,7.7,16,124,-0.1
161805,801216,"Christian Montes De Oca",25,2025,"AZ",1,0,2.7,0,0,0,0,0,4.66,2.85,106,0.38,22.2,11.1,0,50,103,0
163859,805673,"Zebby Matthews",25,2025,"MIN",16,16,79.3,5,6,0,5.56,5.67,4.59,3.7,98,1.49,24.9,6.8,3.4,32.2,102,1
167390,805299,"Brandyn Garcia",25,2025,,14,0,14.3,0,2,0,5.65,7.53,4.23,3.12,97,1.81,21.2,12.1,0,48.8,94,0.1
108258,666661,"Juan Morillo",26,2025,"AZ",42,0,34.3,0,3,1,4.19,4.98,4.27,3.72,93,1.69,23.7,13.2,1.3,48.4,95,0.2
108274,662253,"Andrés Muñoz",26,2025,"SEA",64,0,62.3,3,3,38,1.73,2.6,3.49,2.34,81,1.03,32.7,11,0.8,50,77,0.9
108618,666277,"George Soriano",26,2025,"MIA",24,0,36.7,2,0,1,8.35,8.84,5.12,6.52,107,1.77,20.8,11,5.8,44.3,113,-0.1
108619,667755,"José Soriano",26,2025,"LAA",31,31,169,10,11,0,4.26,4.74,3.59,3.65,87,1.4,21,10.8,1.7,64.5,79,4.1
108993,668964,"Tobias Myers",26,2025,"MIL",22,6,50.7,1,2,0,3.55,3.73,5.18,4.01,111,1.36,17.3,6.8,2.3,36.4,115,0
109125,670970,"Adrian Morejon",26,2025,"SD",75,0,73.7,13,6,3,2.08,2.81,3.18,2.37,80,0.9,24.5,5.9,0.7,51.3,70,1.4
109324,665660,"Elvis Alvarado",26,2025,"ATH",37,0,42.3,1,1,0,3.19,3.61,4.2,4.23,96,1.32,27.3,12,3.3,39.4,93,0.3
109417,669358,"Shane Baz",26,2025,"TB",31,31,166.3,10,12,0,4.87,4.92,3.83,4.28,90,1.33,24.8,9,3.7,46.8,85,3.6
109661,674444,"Steven Cruz",26,2025,"KC",47,0,45.7,3,1,0,3.74,3.94,4.9,4.06,109,1.18,20.1,9.5,2.6,38.6,109,-0.1
110348,675650,"Michael Mercado",26,2025,"PHI",3,0,3,0,0,0,15,15,4.48,8.89,100,3.67,20,20,5,33.3,99,0
110572,673820,"Robinson Piña",26,2025,,2,0,2.3,0,0,0,7.71,15.43,5.55,9.1,113,2.57,7.1,7.1,7.1,33.3,123,0
111090,676070,"Jacob Amaya",26,2025,"CWS",1,0,1,0,0,0,0,0,4.86,3.05,108,0,0,0,0,0,108,0
111112,669022,"MacKenzie Gore",26,2025,"WSH",30,30,159.7,5,15,0,4.17,4.23,4.02,3.81,89,1.35,27.2,9.3,2.9,37.6,89,3.1
111121,676661,"Max Lazar",26,2025,"PHI",36,0,41.3,1,1,1,4.79,5.01,5.48,5.04,115,1.28,15.3,7.1,4.1,36.4,121,-0.3
111145,669422,"Matt Sauer",26,2025,"LAD",10,1,29.7,2,1,1,6.37,6.98,4.57,5.24,102,1.45,18.6,6.2,4.7,41.1,101,0.1
111151,676206,"Freddy Tarnok",26,2025,"MIA",5,0,7.3,1,0,1,2.45,2.45,4.23,4.31,95,0.68,35.7,14.3,3.6,69.2,94,0.1
111187,677649,"Ezequiel Duran",26,2025,"TEX",4,0,3.3,0,0,0,0,0,4.93,3.05,111,0.3,0,0,0,36.4,109,0
111203,669084,"DL Hall",26,2025,"MIL",20,3,38.7,1,0,0,3.49,3.49,4.71,3.82,108,1.06,17.4,11,1.3,36.9,104,0.1
111237,674384,"Eduarniel Núñez",26,2025,,10,0,12.7,1,0,0,7.11,7.11,6.1,6.74,122,1.89,18.3,18.3,3.3,20,135,-0.2
111327,671096,"Andrew Abbott",26,2025,"CIN",29,29,166.3,10,7,0,2.87,3.25,4.81,3.74,105,1.15,21.8,6.3,2.8,31.3,107,1.7
111773,671106,"Logan Allen",26,2025,"CLE",30,29,156.7,8,11,0,4.25,4.83,4.99,4.29,111,1.4,18,9.2,2.7,45.1,110,1.3
113331,678394,"Brayan Bello",26,2025,"BOS",29,28,166.7,11,9,0,3.35,3.83,4.7,4.11,107,1.24,17.7,8.4,2.3,49.6,104,1.9
113630,676440,"Tanner Bibee",26,2025,"CLE",31,31,182.3,12,11,0,4.24,4.59,4.28,4.25,101,1.23,21.3,7.1,3.5,44.6,95,3
114833,676475,"Alec Burleson",26,2025,"STL",1,0,1,0,0,0,0,0,4.2,6.22,99,1,0,0,0,33.3,93,0
115693,676508,"Ben Casparius",26,2025,"LAD",46,3,77.7,7,5,2,4.64,4.75,4.52,3.66,101,1.27,21.3,6.3,2.4,33.2,100,0.3
115711,680604,"Blas Castaño",26,2025,"SEA",1,0,3,0,0,0,9,9,6.1,9.72,118,2,6.3,12.5,6.3,25,135,-0.1
115906,676917,"Cade Cavalli",26,2025,"WSH",10,10,48.7,3,1,0,4.25,5.18,3.94,4.62,93,1.48,18.3,6.8,3.2,54.4,87,1
115926,677944,"Slade Cecconi",26,2025,"CLE",23,23,132,7,7,0,4.3,4.5,4.64,4.56,105,1.19,20,5.9,4.4,40.9,103,1.6
117185,676979,"Garrett Crochet",26,2025,"BOS",32,32,205.3,18,5,0,2.59,2.72,2.73,2.8,67,1.03,31.3,5.7,2.9,48.2,60,7
117298,678316,"Omar Cruz",26,2025,"SD",2,0,3.7,0,0,0,4.91,4.91,4.56,2.95,101,1.91,27.8,16.7,0,30,101,0
117434,675540,"Xzavion Curry",26,2025,"MIA",3,0,3,0,1,0,6,12,5.51,5.55,110,2.33,6.3,18.8,0,33.3,122,0
118842,676263,"Jack Dreyer",26,2025,"LAD",67,5,76.3,3,2,4,2.95,3.07,3.93,2.91,93,1.05,24.1,7.8,1.3,36.8,87,0.8
119133,671109,"Jake Eder",26,2025,"LAA",8,0,18.3,0,1,0,4.91,4.91,4.96,5.18,106,1.31,19.2,11.5,3.8,30.2,110,0
119526,669093,"Jeremiah Estrada",26,2025,"SD",77,0,73,4,5,3,3.45,3.82,3.25,3.63,75,1.16,35.5,8.9,3.9,34.3,72,1.3
119528,681751,"Lazaro Estrada",26,2025,"TOR",2,0,7.3,0,0,0,8.59,8.59,4.62,5.09,102,1.5,28.6,2.9,5.7,22.7,102,0
121446,669372,"J.T. Ginn",26,2025,"ATH",23,16,90.3,4,7,0,5.08,5.18,3.56,4.53,86,1.36,25.3,7.9,4.3,52.3,79,2.1
121919,676467,"Colton Gordon",26,2025,"HOU",20,14,86,6,4,1,5.34,5.65,5.51,5.28,112,1.42,19,5,5.5,31.8,122,0
122708,676106,"Emerson Hancock",26,2025,"SEA",22,16,90,4,5,0,4.9,5.1,5.53,4.99,115,1.38,16.6,8.1,3.9,43.5,123,0.1
124258,676428,"Brant Hurter",26,2025,"DET",43,4,63,4,3,2,2.43,3.71,3.88,3.53,91,1.33,24.5,9.7,1.4,48,86,0.7
126356,673929,"Jordan Leasure",26,2025,"CWS",68,1,64.3,5,6,7,3.92,4.2,4.31,4.4,95,1.23,30.1,11.2,4.5,28,95,0.4
129333,676974,"Max Meyer",26,2025,"MIA",12,12,64.7,3,5,0,4.73,5.43,3.74,4.55,88,1.42,23.9,7,4.2,49.2,83,1.5
129445,676272,"Bobby Miller",26,2025,"LAD",2,1,5,0,0,0,12.6,12.6,5.22,7.42,104,2.6,25,7.1,7.1,27.8,116,0
129452,682243,"Bryce Miller",26,2025,"SEA",18,18,90.3,4,6,0,5.68,5.68,5.47,5.09,113,1.41,18.9,8.7,4.3,38.2,121,0.2
129665,669387,"Carmen Mlodzinski",26,2025,"PIT",34,12,99,5,8,0,3.55,3.82,4.02,3.41,94,1.3,21.2,6.4,1.9,47.2,89,1.4
130441,668716,"Noah Murdock",26,2025,"ATH",14,0,17,1,1,0,13.24,13.24,5.68,4.46,112,2.71,21.4,20.4,0,41.8,126,-0.2
131491,682847,"Luis Ortiz",26,2025,"CLE",16,16,88.7,4,9,0,4.36,4.47,4.39,4.1,97,1.38,25.1,11,3.1,46.9,97,1.3
131744,669449,"Jake Palisch",26,2025,"CWS",1,0,1,0,0,0,18,18,4.78,3.05,106,3,0,0,0,50,106,0
131748,669467,"Andre Pallante",26,2025,"STL",31,31,162.7,6,15,0,5.31,6.03,4.36,4.77,102,1.44,15.5,8.7,2.9,58.8,96,2.5
135525,671131,"Jackson Rutledge",26,2025,"WSH",63,0,73.3,4,2,0,5.77,6.01,4.76,5.59,102,1.53,19.6,7.6,4.8,40.6,105,0
135872,682144,"Jayvien Sandridge",26,2025,"NYY",1,0,0.7,0,0,0,27,27,4.42,30.05,100,4.5,33.3,33.3,16.7,0,98,0
136475,678011,"Anthony Seigler",26,2025,"MIL",1,0,1,0,0,0,0,0,4.14,3.22,98,1,0,0,0,25,92,0
137126,671922,"Cade Smith",26,2025,"CLE",76,0,73.7,8,5,16,2.93,3.79,3.34,1.87,77,1,34.7,6.3,1.3,35.8,74,1.2
137960,675911,"Spencer Strider",26,2025,"ATL",23,23,125.3,7,14,0,4.45,4.52,4.81,4.62,103,1.4,24.3,9.5,3.7,36.4,107,1.3
138569,678906,"Kai-Wei Teng",26,2025,"SF",8,7,29.7,2,4,0,6.37,7.28,4.7,3.9,98,1.55,28.1,12.2,1.4,39.5,104,0.3
139775,681190,"Randy Vásquez",26,2025,"SD",28,26,133.7,6,7,0,3.84,3.97,5.95,4.93,123,1.32,13.7,9.1,2.8,39.7,132,-0.4
141102,669717,"Will Wilson",26,2025,"CLE",1,0,2,0,0,0,9,9,5.36,9.55,115,1,0,0,12.5,12.5,119,0
143325,685005,"Christian Roa",26,2025,"MIA",2,0,3,0,0,0,0,0,4.95,4.22,107,1.33,25,25,0,50,110,0
143668,686249,"Nathan Wiles",26,2025,"ATL",1,0,1,0,0,0,27,27,4.09,1.22,96,4,14.3,0,0,33.3,91,0
143774,686613,"Hunter Brown",26,2025,"HOU",31,31,185.3,12,9,0,2.43,2.67,3.3,3.05,82,1.03,28.3,7.8,2.3,47.7,73,5.1
143882,686676,"Korey Lee",26,2025,"CWS",2,0,3,0,0,0,3,3,5.69,5.05,116,2,0,14.3,0,33.3,126,0
144150,687473,"Ryan Gusto",26,2025,,27,17,101.7,7,7,0,5.67,5.93,4.79,4.55,105,1.48,21.4,7.9,3.8,36.5,106,0.9
144225,686751,"Seth Johnson",26,2025,"PHI",10,0,12.7,1,1,0,4.26,5.68,3.74,4.56,88,1.18,31.5,7.4,5.6,48.5,83,0.2
144487,687166,"Austin Pope",26,2025,"AZ",1,0,2,0,0,0,0,0,4.76,3.72,104,1.5,11.1,11.1,0,57.1,105,0
144696,687064,"Brandon Young",26,2025,"BAL",12,12,57.7,1,7,0,6.24,6.55,4.77,5.27,104,1.54,18.4,8.6,4.7,43.3,106,0.6
144830,687589,"Dom Hamel",26,2025,"NYM",1,0,1,0,0,0,0,0,4.52,6.22,98,3,0,0,0,40,100,0
145971,688107,"Robert Gasser",26,2025,"MIL",2,2,5.7,0,2,0,3.18,9.53,4.96,6.93,108,1.59,17.2,13.8,3.4,27.8,110,0.1
147755,690925,"Clayton Beeter",26,2025,,26,0,25.3,0,3,1,4.26,4.26,4.37,4.25,94,1.22,31.7,17.3,2.9,37.7,97,0.1
147896,808967,"Yoshinobu Yamamoto",26,2025,"LAD",30,30,173.7,12,8,0,2.49,2.75,3,3.03,75,0.99,29.4,8.6,2,52.7,66,5.4
148627,693312,"Kyle Nicolas",26,2025,"PIT",31,0,38,1,2,0,4.74,4.97,4.99,4.04,106,1.37,20.4,10.8,1.8,40.7,110,-0.1
148629,693821,"Bryce Elder",26,2025,"ATL",28,28,156.3,8,11,0,5.3,5.47,4.57,4.63,103,1.39,19.3,7.5,3.5,47.7,101,2
148631,693855,"Ian Seymour",26,2025,"TB",19,5,57,4,3,0,3.63,5.21,4.1,3.1,94,1.18,26.4,7.9,2.1,34,91,0.7
148632,694297,"Brandon Pfaadt",26,2025,"AZ",33,33,176.7,13,9,0,5.25,5.45,5.01,4.3,103,1.33,19.2,4.8,3.4,41.9,111,1.4
148638,694363,"Jared Shuster",26,2025,"CWS",12,2,15.7,0,0,0,8.04,8.62,4.46,2.86,100,2.04,14.6,6.1,0,42.9,99,0.1
149502,701121,"Logan VanWey",26,2025,"HOU",9,0,10.7,0,0,0,5.06,5.91,4.91,5.3,110,1.69,14.3,6.1,4.1,36.8,109,0
151232,702795,"Ryan Loutos",26,2025,,12,0,12,1,0,0,12.75,15.75,5.29,8.72,111,2.33,11.8,11.8,5.9,42,117,-0.1
151257,695445,"Chase Lee",26,2025,"DET",32,0,37.3,4,1,0,4.1,4.1,4.64,4.44,104,1.1,24.3,6.1,4.7,35.6,103,0.1
151282,694335,"Matt Svanson",26,2025,"STL",39,0,60.3,4,0,0,1.94,2.09,3.71,2.81,89,0.88,29.1,8.5,1.3,42.3,82,0.7
151383,694359,"Niko Kavadas",26,2025,"LAA",1,0,1.7,0,0,0,0,0,4.8,3.65,104,2.4,11.1,11.1,0,42.9,106,0
151424,694646,"Chayce McDermott",26,2025,"BAL",4,1,8.7,0,1,0,15.58,15.58,6.11,9.97,114,2.77,17.6,23.5,5.9,34.5,135,-0.1
151459,674841,"Andrew Alvarez",26,2025,"WSH",5,5,23.3,1,1,0,2.31,3.09,4.1,3.48,94,1.11,20.4,10.2,1,56.7,91,0.4
151570,694738,"Landen Roupp",26,2025,"SF",22,22,106.7,7,7,0,3.8,4.64,4.53,4,101,1.48,21.4,9.5,2.3,44.5,100,1.4
151578,693313,"Carson Seymour",26,2025,"SF",16,3,36,1,3,0,4.75,5.25,4.8,6.19,108,1.39,16.7,8.3,5.8,49.1,106,0.1
151608,694477,"Chad Patrick",26,2025,"MIL",27,23,119.7,3,8,0,3.53,3.69,4.72,3.61,103,1.28,25.2,8,2.6,31,105,1.3
151615,695243,"Mason Miller",26,2025,,60,0,61.7,1,2,22,2.63,2.77,2.75,2.2,59,0.91,44.4,12,2.1,39.6,61,1.4
151694,701542,"Will Warren",26,2025,"NYY",33,33,162.3,9,8,0,4.44,4.99,4.7,3.98,101,1.37,24.1,9.1,3.1,41.9,104,1.9
162560,802686,"Hayden Harris",26,2025,"ATL",3,0,2.7,0,0,0,3.38,3.38,5.29,5.47,114,1.88,0,16.7,0,40,117,0
105636,660644,"Vidal Bruján",27,2025,"ATL",2,0,2,0,0,0,13.5,13.5,5.68,11.22,114,2.5,0,9.1,9.1,30,126,0
105737,661403,"Emmanuel Clase",27,2025,"CLE",48,0,47.7,5,3,24,3.21,3.78,4.14,2.63,95,1.22,23.3,5.9,1,46,92,0.4
105834,660787,"Yerry De los Santos",27,2025,"NYY",25,0,35.7,0,1,0,3.28,3.79,4.58,3.36,103,1.51,17.5,10.6,0.6,54.4,101,0.1
105894,661395,"Jhoan Duran",27,2025,,72,0,70,7,6,32,2.06,2.44,2.89,2.31,71,1.1,27.9,6.6,1,64.3,64,1.5
106040,661563,"Luis Gil",27,2025,"NYY",11,11,57,4,1,0,3.32,3.63,7.41,4.54,130,1.4,16.8,13.5,2,32,164,-1.1
106668,663969,"Tyler Phillips",27,2025,"MIA",54,1,77.7,2,1,4,2.78,3.01,4.23,4.23,100,1.15,16.6,7.7,2.6,55.3,94,0.5
106721,660604,"Alan Rangel",27,2025,"PHI",5,0,11,0,0,1,2.45,2.45,5.5,4.58,115,1.45,17.4,13,2.2,28.1,122,-0.1
106748,660844,"Leo Rivas",27,2025,"SEA",1,0,1,0,0,0,0,0,4.25,6.05,101,4,0,16.7,0,40,94,0
106774,660730,"Elvin Rodríguez",27,2025,,7,2,19.7,0,2,0,9.15,9.15,5.87,8.55,119,1.68,20,7.8,10,18.8,130,-0.2
106940,647336,"Michael Soroka",27,2025,,22,17,89.7,3,8,0,4.52,4.92,4.07,4.31,93,1.13,25.1,7.7,3.2,43.3,90,1.6
106975,660761,"José Suarez",27,2025,"ATL",7,1,19.3,2,0,1,1.86,2.33,4.47,3.79,101,1.29,19.8,12.3,1.2,47.3,99,0.2
107170,663465,"Kolby Allard",27,2025,"CLE",33,2,65,2,2,0,2.63,3.05,4.49,3.45,107,1.2,15.8,5.3,1.9,36.8,99,0.3
107172,663474,"Triston McKenzie",27,2025,"CLE",4,0,5.7,0,0,0,11.12,11.12,7.2,7.64,123,2.47,13.3,23.3,3.3,21.1,159,-0.2
107428,665871,"Javier Assad",27,2025,"CHC",8,7,37,4,1,0,3.65,3.65,5.49,4.33,113,1.22,15,7.8,2,46.5,121,0.1
107559,665795,"Edward Cabrera",27,2025,"MIA",26,26,137.7,8,7,0,3.53,3.92,3.75,3.91,86,1.23,25.8,8.3,2.9,46.9,83,3.1
107732,666808,"Camilo Doval",27,2025,,69,0,65.3,4,3,16,3.58,4.68,4.07,3.5,94,1.32,25.9,12.6,1.4,52.4,90,0.5
108464,669308,"Sean Reynolds",27,2025,"SD",19,1,27,0,1,0,5.33,5.33,5.72,5.52,118,1.37,21.4,14.5,3.4,30.6,127,-0.3
108756,666214,"Joey Wentz",27,2025,,39,13,98,5,7,0,5.6,6.06,4.77,4.13,102,1.56,20.8,9.7,2.5,37.3,106,0.7
108822,666120,"Ian Anderson",27,2025,"LAA",7,0,9.3,0,1,0,11.57,12.54,5.62,6.37,107,2.57,15.7,13.7,3.9,38.9,124,-0.1
108952,668820,"Max Kranick",27,2025,"NYM",24,0,37,3,2,0,3.65,3.65,5.12,4.19,113,1.11,16.7,4.7,3.3,35.6,113,-0.1
108971,669160,"Dustin May",27,2025,,25,23,132.3,7,11,0,4.96,5.3,5.1,4.93,107,1.42,21.1,9.6,3.6,41.7,113,0.8
108975,668834,"Easton McGee",27,2025,"MIL",9,0,14.7,0,0,0,5.52,5.52,4.64,3.36,104,1.36,21,8.1,1.6,47.7,103,0
109005,670912,"Johan Oviedo",27,2025,"PIT",9,9,40.3,2,1,0,3.57,3.79,5.5,5.01,113,1.21,24.7,13.5,3.5,31.4,122,0.1
109094,670955,"Edwin Uceta",27,2025,"TB",70,0,76,10,3,1,3.79,3.91,3.95,3.6,91,1.17,32.1,8.4,3.4,31.7,87,0.7
109107,666215,"Forrest Whitley",27,2025,,10,0,12,0,0,0,13.5,15,5.88,6.55,115,2.25,18.2,12.1,4.5,28.9,130,-0.2
109108,669060,"Bryse Wilson",27,2025,"CWS",20,5,47.3,0,2,0,6.65,7.04,6.57,6.22,127,1.82,12.5,8.5,4.9,32.8,146,-0.8
109131,666142,"Cole Ragans",27,2025,"KC",13,13,61.7,3,3,0,4.67,4.82,2.83,2.42,65,1.18,38.1,7.8,2.7,36.5,63,2
109135,666200,"Jesús Luzardo",27,2025,"PHI",32,32,183.7,15,7,0,3.92,4.17,3.31,2.98,77,1.22,28.5,7.5,2.1,41.7,73,5
109236,671305,"Michel Otañez",27,2025,"ATH",6,0,5.3,0,0,0,13.5,13.5,5.15,9.05,105,2.25,21.4,17.9,7.1,37.5,114,0
109267,666168,"Mason Thompson",27,2025,"WSH",14,0,10.7,1,1,0,11.81,13.5,5.47,5.75,110,2.63,18.3,20,1.7,45.9,121,-0.1
109278,670174,"Josh Winckowski",27,2025,"BOS",6,0,11.7,0,1,0,3.86,5.4,4.52,3.05,104,1.37,17.3,9.6,0,54.1,100,0
109477,675989,"Cody Bolton",27,2025,"CLE",1,0,2,0,0,0,13.5,13.5,4.66,2.05,106,2,10,0,0,33.3,103,0
109526,676130,"José Buttó",27,2025,,55,0,67,5,3,1,3.9,4.16,4.67,3.79,103,1.4,20.4,11.3,1.4,47.1,103,0.1
109974,669724,"Brenan Hanifee",27,2025,"DET",54,0,60,3,3,0,3,4.65,4.1,3.17,97,1.32,15.4,5.4,1.2,55.4,91,0.5
110745,674285,"Eduardo Salazar",27,2025,"WSH",30,0,29,0,1,0,8.38,9,4.89,6.63,103,2.21,15.2,11.3,4.6,49.1,108,0
111286,669432,"Trevor Rogers",27,2025,"BAL",18,18,109.7,9,3,0,1.81,1.89,3.6,2.73,90,0.9,24.3,6.9,1.4,45.3,80,2.6
111459,670183,"Garrett Acton",27,2025,"TB",1,0,1,0,0,0,0,0,6.52,9.05,124,2,0,40,0,0,144,0
112434,676879,"Aaron Ashby",27,2025,"MIL",43,1,66.7,5,2,3,2.16,2.16,3.25,2.79,76,1.17,28.1,8.9,1.1,61.2,72,1.2
112439,668933,"Graham Ashcraft",27,2025,"CIN",62,0,65.3,8,5,0,3.99,5.1,3.69,2.81,87,1.42,22.5,8.8,0.7,54.9,82,0.8
113016,669620,"Brady Basso",27,2025,"ATH",11,1,11.7,1,1,0,2.31,3.09,4.46,3.99,103,1.8,14.3,16.1,0,59,99,0.1
114244,666374,"Matt Brash",27,2025,"SEA",53,0,47.3,1,3,4,2.47,2.85,3.42,2.96,83,1.25,29.1,9,2,52.9,76,0.7
114683,663460,"Kris Bubic",27,2025,"KC",20,20,116.3,8,7,0,2.55,2.94,3.59,2.81,86,1.18,24.4,8.2,1.3,46.5,79,2.8
115227,663462,"Isaiah Campbell",27,2025,"BOS",6,0,7.7,0,0,0,7.04,7.04,4.1,4.74,97,1.83,8.6,2.9,2.9,63.3,91,0.1
117625,669722,"Logan Davidson",27,2025,"LAA",1,0,1,0,0,0,0,0,4.84,1.05,109,0,33.3,0,0,0,107,0
117754,676969,"Brett de Geus",27,2025,"PHI",1,0,2,0,0,0,4.5,4.5,4.8,7.72,106,2,0,30,0,71.4,106,0
119949,681676,"Ryan Fernandez",27,2025,"STL",32,0,30.3,0,4,1,7.71,8.9,4.29,5.23,97,1.71,24.3,11.4,4.3,46.1,95,0.2
123283,674072,"Tommy Henry",27,2025,"AZ",2,0,6.7,0,0,0,4.05,4.05,3.7,7.57,87,1.05,30.8,3.8,11.5,56.3,82,0.1
123824,676510,"Nolan Hoffman",27,2025,"PHI",1,0,1,0,0,0,27,27,4.98,2.22,107,4,28.6,14.3,0,50,110,0
123905,668970,"Gavin Hollowell",27,2025,"CHC",7,0,9.3,0,0,0,4.82,4.82,4.67,4.72,103,1.71,23.3,16.3,2.3,42.3,103,0
125609,669923,"George Kirby",27,2025,"SEA",23,23,126,10,8,0,4.21,4.29,3.79,3.28,89,1.19,26.1,5.5,2.9,43.9,84,2.8
126788,669193,"Jack Little",27,2025,"LAD",2,0,3,0,0,0,6,6,4.66,3.89,105,1.67,14.3,7.1,0,30,103,0
126846,666157,"Nick Lodolo",27,2025,"CIN",29,28,156.7,9,8,0,3.33,3.45,3.77,3.9,91,1.08,24.3,4.8,3.4,42.3,83,3.5
126961,682052,"Jacob Lopez",27,2025,"ATH",21,17,92.7,7,7,0,4.08,4.56,4.55,4.17,99,1.27,28.3,9.3,3.8,26.6,101,1.1
129469,669062,"Erik Miller",27,2025,"SF",36,0,30,4,1,0,1.5,1.5,5.35,4.05,114,1.47,17.2,15.6,0,45.8,118,-0.2
130453,669684,"Chris Murphy",27,2025,"BOS",23,0,34.7,3,0,0,3.12,3.12,4.51,4.98,102,1.18,20.3,13.5,2.7,52.7,100,0.1
130740,669194,"Ryne Nelson",27,2025,"AZ",33,23,154,7,3,1,3.39,3.62,4.53,3.82,101,1.07,21.3,6.6,2.7,39.8,100,1.8
131515,679358,"Eric Orze",27,2025,"TB",33,0,41.7,1,1,3,3.02,3.46,4.7,3.96,105,1.37,22.5,10.7,2.2,38.8,104,0
132346,671111,"Sammy Peralta",27,2025,"LAA",5,0,10.7,0,1,0,7.59,10.13,4.83,3.24,106,1.88,15.4,11.5,0,36.8,107,0
132835,663455,"Konnor Pilkington",27,2025,"WSH",32,0,28.3,2,0,0,4.45,5.08,4.97,6.04,104,1.38,27.6,13.8,5.7,27.1,110,-0.1
134502,681799,"Ethan Roberts",27,2025,"CHC",10,0,9,1,0,0,6,6,5.46,7.22,112,1.33,15.4,5.1,7.7,30,121,-0.1
135058,669020,"Ryan Rolison",27,2025,"COL",31,1,42.3,1,0,0,7.02,7.44,4.84,6.84,108,1.77,13,10.4,5.7,47.3,107,0
135582,681870,"Erik Sabrowski",27,2025,"CLE",33,0,29.3,0,1,0,1.84,2.45,4.2,3.53,95,1.19,34.7,17.4,1.7,27.3,93,0.2
135874,663485,"Cole Sands",27,2025,"MIN",69,3,72,4,6,3,4.5,5.13,4.37,3.49,99,1.17,21.4,6.4,2.3,42,97,0.4
136488,681882,"Colin Selby",27,2025,"BAL",11,0,14,0,2,0,3.21,3.21,4.27,3.33,97,1.29,23.3,3.3,3.3,47.7,95,0.1
136980,681006,"Josh Simpson",27,2025,"MIA",31,0,30.7,4,2,0,7.34,8.22,3.82,5.44,89,1.83,23.8,14.6,3.3,53.9,84,0.3
137992,669704,"Kade Strowd",27,2025,"BAL",25,0,26.3,0,1,0,1.71,2.05,3.88,3.31,94,1.1,22.9,12.4,1,56.7,86,0.3
138648,671162,"Connor Thomas",27,2025,"MIL",2,0,5.3,0,0,0,20.25,20.25,4.78,10.35,102,2.63,16.1,6.5,9.7,30.4,106,0
139109,669707,"Jared Triolo",27,2025,"PIT",1,0,1,0,0,0,0,18,5.12,19.22,108,4,0,12.5,12.5,14.3,113,0
140615,669713,"Hayden Wesneski",27,2025,"HOU",6,6,32,1,3,0,4.5,4.5,4.49,4.74,101,1.09,22.1,4.6,5.3,35.8,99,0.5
141132,676775,"Keaton Winn",27,2025,"SF",7,0,10,0,0,0,4.5,4.5,4.3,3.32,98,1.4,21.4,4.8,2.4,51.6,95,0.1
141595,666171,"Ryan Zeferjahn",27,2025,"LAA",62,1,57,6,5,2,4.74,4.89,4.31,5.22,96,1.46,28.5,13.3,4.7,34.5,95,0.3
142242,679775,"Kyle Backhus",27,2025,"AZ",32,0,25.3,0,3,2,4.62,4.97,4.5,4.33,100,1.42,19.1,7,2.6,32.9,100,0.1
142386,683769,"Hunter Gaddis",27,2025,"CLE",73,0,66.7,2,2,3,3.11,3.24,4.11,3.41,95,1.19,26.6,7.7,2.9,36.3,91,0.5
142498,683766,"Christian Koss",27,2025,"SF",4,0,4,0,0,0,0,0,5.17,3.22,113,1,0,0,0,37.5,114,0
143104,685126,"Brandon Eisert",27,2025,"CWS",72,3,69.7,3,8,2,4.39,4.65,4.05,4.46,92,1.44,24.2,8.2,3.9,39.6,90,0.6
143142,685299,"Tanner Gordon",27,2025,"COL",15,15,75.3,6,8,0,6.33,7.17,5.39,5.13,108,1.5,18.4,5,4.7,34.1,119,0.3
143313,685068,"Carson Ragsdale",27,2025,"BAL",2,0,5,0,0,0,14.4,14.4,5.05,4.65,107,2.2,16,4,4,30,112,0
143336,685314,"Andrew Saalfrank",27,2025,"AZ",28,0,29,2,1,3,1.24,1.55,4.58,3.39,103,1,16.8,8.8,0.9,45.2,101,0.1
143399,685107,"Anthony Veneziano",27,2025,,26,1,25,0,0,0,4.68,4.68,3.95,4.86,92,1.56,21.4,9.4,3.4,48.1,88,0.3
143858,686642,"Fraser Ellard",27,2025,"CWS",18,3,17,1,2,0,4.24,4.76,4.58,4.75,99,1.59,29.7,25.7,1.4,40.6,101,0.1
143908,686580,"Justin Slaten",27,2025,"BOS",36,0,34,2,4,3,4.24,5.03,4.75,3.61,106,1.09,18.2,7.3,2.2,41.2,105,0
144102,673965,"Caleb Freeman",27,2025,"CWS",5,0,3.3,0,0,0,5.4,5.4,4.59,6.05,102,1.8,18.8,6.3,6.3,25,102,0
144122,687362,"Connor Gillispie",27,2025,"MIA",6,6,26,0,3,0,8.65,9,5.42,5.84,109,1.65,18.7,8.9,4.9,36.4,120,0.1
144167,687396,"Brent Headrick",27,2025,"NYY",17,0,23,0,0,0,3.13,3.13,3.71,3.74,87,1.04,32.6,7.6,4.3,25.9,82,0.3
144213,686753,"Drey Jameson",27,2025,"AZ",3,0,3,0,1,1,3,6,5.73,6.22,115,2.33,0,23.1,0,40,127,0
144214,686826,"Bryce Jarvis",27,2025,"AZ",12,0,22,0,0,1,5.73,5.73,5.02,4.58,106,1.5,21.4,10.2,3.1,33.3,111,-0.1
144245,687330,"Kevin Kelly",27,2025,"TB",41,0,39.7,2,5,0,5.9,6.58,4.24,5.57,100,1.36,20.5,5.3,6.4,44.1,94,0.2
144284,686747,"Joe La Sorsa",27,2025,"CIN",5,0,6.7,0,1,0,10.8,12.15,4.87,11.32,107,2.25,6.1,6.1,12.1,27.6,108,0
144318,687424,"Anthony Maldonado",27,2025,"ATH",6,0,6,0,0,0,12,12,5.52,9.72,108,2.5,21.2,15.2,9.1,19,122,-0.1
144402,687287,"Patrick Monteverde",27,2025,"MIA",1,0,3.7,0,0,0,9.82,9.82,4.22,1.86,95,2.73,20,5,0,33.3,94,0
144465,686752,"Ryan Pepiot",27,2025,"TB",31,31,167.7,11,12,0,3.86,4.13,4.37,4.27,101,1.16,24.6,9,3.8,38.3,97,2.6
144511,687377,"Orlando Ribalta",27,2025,"WSH",22,0,24.3,0,0,0,7.03,7.03,5.44,6.59,112,1.85,20.8,14.2,5,36.4,120,-0.2
144606,686730,"Carson Spiers",27,2025,"CIN",3,2,13.3,0,2,0,6.08,6.08,5.62,6.3,115,1.5,18.3,11.7,5,29.3,124,0
144657,686973,"Louis Varland",27,2025,,74,1,72.7,4,3,0,2.97,3.34,3.39,3.05,82,1.2,25.3,7.4,2,51.8,75,1.2
144730,685801,"Hunter Bigge",27,2025,"TB",13,0,15,0,0,0,2.4,2.4,4.96,6.12,109,1.07,20,8.3,6.7,38.1,110,0
144812,687830,"Sawyer Gipson-Long",27,2025,"DET",8,3,31.3,0,2,0,7.18,7.47,5.1,5.47,108,1.28,19.5,4.5,6,40.4,113,0
144890,687849,"Zak Kent",27,2025,"CLE",12,0,17.7,1,0,0,4.58,5.09,5.11,3.5,108,1.42,21.1,10.5,1.3,37.3,113,-0.1
145063,687606,"Paxton Schultz",27,2025,"TOR",13,2,24.7,0,0,0,4.38,5.84,4.28,3.98,96,1.42,25.5,7.3,3.6,41.1,95,0.2
145080,687765,"Mitch Spence",27,2025,"ATH",32,8,84.7,3,6,1,5.1,6.06,4.84,5.01,108,1.44,17.6,6.9,4.3,43.2,107,0.4
145443,689225,"Beau Brieske",27,2025,"DET",22,1,22,1,3,1,6.55,8.18,5.67,6.19,115,1.64,15.5,11.7,4.9,38.7,126,-0.2
145702,690382,"Michael Darrell-Hicks",27,2025,,7,0,9.7,1,0,0,7.45,7.45,4.94,4.31,105,1.45,18.6,9.3,2.3,36.7,109,0
145773,689266,"Dylan Dodd",27,2025,"ATL",28,0,35,1,0,0,3.6,3.6,3.38,3.88,85,0.94,22.1,3.7,3.7,52,75,0.6
146226,690544,"Bailey Horn",27,2025,"DET",10,0,11.3,0,1,0,1.59,1.59,4.51,4.28,102,1.59,20,14,2,42.4,100,0
146279,689690,"Alek Jacob",27,2025,"SD",29,0,33.3,1,0,0,5.13,5.4,5.84,5.98,120,1.5,15,9.2,3.9,38.2,129,-0.4
146392,689017,"Landon Knack",27,2025,"LAD",10,7,42.3,3,2,1,4.89,5.31,5.58,5.8,114,1.39,22.7,10.3,5.4,31.1,124,-0.1
146462,689520,"Cody Laweryson",27,2025,"MIN",5,0,7.7,0,1,0,1.17,2.35,4.44,1.22,101,0.52,26.9,0,0,42.1,98,0
147927,691172,"Yosver Zulueta",27,2025,"CIN",7,0,7.3,1,0,0,6.14,6.14,5.06,5.27,108,1.23,15.6,12.5,3.1,34.8,112,0
160802,702752,"Jonathan Pintaro",27,2025,"NYM",1,0,0.7,0,0,0,27,27,4.69,9.22,103,6,16.7,33.3,0,66.7,104,0
163735,806188,"Cade Gibson",27,2025,"MIA",44,1,54.7,4,5,0,2.63,2.96,4.2,3.84,96,1.19,18.7,9.1,1.3,50.6,93,0.4
164622,829272,"Shinnosuke Ogasawara",27,2025,"WSH",23,2,38.7,1,1,0,6.98,6.98,4.86,6.25,107,1.55,17.3,9.8,5.2,36.6,108,0
104025,645305,"Ali Sánchez",28,2025,"TOR",1,0,1,0,0,0,18,18,5.05,1.05,105,3,16.7,0,0,20,112,0
104033,645444,"Jose Herrera",28,2025,"AZ",2,0,2,0,0,0,4.5,4.5,5.15,3.22,109,2,0,0,0,50,114,0
104044,646242,"Jhonathan Díaz",28,2025,"SEA",1,0,1.3,0,0,0,0,0,4.18,1.55,97,0.75,20,0,0,25,93,0
104205,650489,"Willi Castro",28,2025,"MIN",1,0,1,0,0,0,0,0,4.38,3.05,104,1,0,0,0,0,97,0
104258,650556,"Bryan Abreu",28,2025,"HOU",70,0,71,3,4,7,2.28,2.28,3.48,2.3,80,1.15,35.5,10.5,1.4,35.3,77,1.1
104481,650893,"Génesis Cabrera",28,2025,,40,0,42.7,0,1,1,6.54,6.75,4.68,6.58,104,1.5,18.7,9.6,6.4,39.4,104,0.1
104499,650911,"Cristopher Sánchez",28,2025,"PHI",32,32,202,13,5,0,2.5,2.58,2.84,2.64,71,1.06,26.3,5.5,1.5,58.2,63,6.6
104739,656271,"Brock Burke",28,2025,"LAA",69,1,61.7,7,1,0,3.36,3.5,3.59,4.07,90,1.23,20.2,7,3.1,48.9,79,0.9
105007,657277,"Logan Webb",28,2025,"SF",34,34,207,15,11,0,3.22,3.57,3.33,2.69,79,1.24,26.2,5.4,1.6,52.8,74,5.6
105859,664747,"Alexis Díaz",28,2025,,18,0,17.7,1,0,0,8.15,8.66,5.78,8.6,118,1.53,20,14.1,7.1,27.5,128,-0.2
105915,664744,"Jose Espada",28,2025,"BAL",1,0,3,0,0,0,0,0,4.5,0.38,102,0.33,44.4,0,0,40,100,0
105936,663559,"Bailey Falter",28,2025,,26,24,125.3,7,7,0,4.45,4.88,5.9,5,122,1.28,15.6,8.9,3.7,35.1,131,-0.3
105950,657571,"Caleb Ferguson",28,2025,,70,0,65.3,5,4,0,3.58,3.72,4.02,3.28,98,1.16,18.9,8.1,0.7,48.2,89,0.6
106195,664299,"Cristian Javier",28,2025,"HOU",8,8,37,2,4,0,4.62,5.35,5.62,3.56,114,1.27,21.7,9.6,1.9,31.8,125,0
106864,663574,"Tony Santillan",28,2025,"CIN",80,0,73.7,1,5,7,2.44,2.81,4.84,3.8,104,1.11,24.9,9.6,2.3,35.9,107,-0.1
107130,663897,"Luke Williams",28,2025,"ATL",6,0,6,0,0,0,3,3,5.18,4.55,112,1.17,16,4,4,25,115,0
107143,663765,"Jake Woodford",28,2025,"AZ",22,0,36.3,0,4,3,6.44,6.94,5.07,4.35,109,1.6,13.5,7.6,1.8,43.5,112,-0.1
107190,663542,"Bryan Hudson",28,2025,,16,0,15,0,1,0,4.8,6,4.5,5.37,100,1.87,25.3,17.3,2.7,41.5,100,0.1
107237,663558,"Jovani Morán",28,2025,"BOS",2,0,4,0,0,0,6.75,6.75,4.24,2.8,91,2,25,15,0,41.7,94,0
107962,663855,"Jordan Hicks",28,2025,,34,9,67.3,2,7,2,6.95,7.49,4.66,4.39,98,1.66,18.5,10.2,1.9,55.3,103,0.6
108361,665625,"Elvis Peguero",28,2025,,8,1,9.3,0,0,0,6.75,8.68,5.13,5.11,110,1.93,17,12.8,2.1,40.6,114,0
108363,666711,"Joel Peguero",28,2025,"SF",17,0,22.3,3,1,0,2.42,2.82,4.44,3.94,102,1.03,19.8,9.3,2.3,52.5,98,0.1
109051,668941,"JoJo Romero",28,2025,"STL",65,0,61,4,6,8,2.07,3.1,3.84,3.37,92,1.25,21.6,11.4,0.8,55.4,85,0.7
109090,647351,"Abraham Toro",28,2025,"BOS",1,0,1,0,0,0,18,18,4.92,6.05,107,5,0,12.5,0,42.9,109,0
109531,676609,"José Caballero",28,2025,"TB",1,0,1,0,0,0,54,54,7.63,32.05,119,6,0,11.1,22.2,25,169,0
110000,672578,"Carlos Hernández",28,2025,,41,0,43.3,1,0,0,6.23,6.65,5.53,4.21,113,1.66,19.2,10.8,2,32.1,122,-0.4
110436,669459,"Kyle Nelson",28,2025,"AZ",3,0,2,0,0,1,9,9,5.59,13.72,105,2.5,18.2,36.4,9.1,0,124,0
110688,655889,"Manuel Rodríguez",28,2025,"TB",31,0,30.3,1,2,0,2.08,2.67,3.56,2.95,88,1.05,20.7,5,1.7,58.4,79,0.4
110903,676702,"Hunter Stratton",28,2025,,15,0,19,1,1,1,5.21,5.68,5.37,5.17,114,1.58,18,7.9,3.4,31.7,119,-0.1
111134,663878,"Nate Pearson",28,2025,"CHC",11,0,14.7,0,1,0,9.2,9.2,6.16,6.29,123,2.18,9.3,13.3,2.7,33.3,136,-0.3
111196,677651,"Luis Garcia",28,2025,"HOU",2,2,7.7,1,0,0,3.52,3.52,4.8,5.01,108,0.39,25.9,0,7.4,26.3,106,0.1
111222,663893,"Brendon Little",28,2025,"TOR",79,0,68.3,4,2,1,3.03,3.69,3.68,2.83,81,1.36,30.8,15.3,0.7,59.2,82,0.9
111247,647315,"Zach Pop",28,2025,,5,0,6.7,0,1,0,14.85,16.2,5.24,11.34,107,2.55,7.7,5.1,10.3,54.5,116,0
112001,681982,"Grant Anderson",28,2025,"MIL",66,0,69.7,2,6,0,3.23,4.52,4.12,3.92,95,1.26,24.7,9.7,2.7,40.2,91,0.5
114108,680742,"Jonathan Bowlan",28,2025,"KC",34,1,44.3,1,2,0,3.86,4.26,3.89,3.88,93,1.22,25.6,9.4,3.3,47.9,86,0.5
114191,680694,"Kyle Bradish",28,2025,"BAL",6,6,32,1,1,0,2.53,2.53,3.61,2.36,82,1.03,37.3,7.9,2.4,33.8,80,0.8
114635,677865,"Justin Bruihl",28,2025,"TOR",15,0,13.7,0,0,0,5.27,6.59,3.31,4.07,82,1.9,27.7,10.8,3.1,46.2,73,0.2
115362,681962,"Vinny Capra",28,2025,"CWS",3,0,3,0,0,0,6,12,5.14,6.72,110,1.67,6.7,0,6.7,21.4,114,0
117077,680735,"Austin Cox",28,2025,"ATL",13,1,21.3,0,0,0,8.86,8.86,4.05,7.63,93,1.73,21.6,6.9,8.8,45.2,90,0.2
117180,681867,"Cooper Criswell",28,2025,"BOS",7,1,17.7,1,0,1,3.57,5.09,4.53,5.09,106,1.58,11.3,6.3,3.8,53,100,0.1
117546,669721,"Davis Daniel",28,2025,"ATL",3,2,10,0,1,0,5.4,5.4,5.31,5.12,110,1.6,19.6,15.2,2.2,34.5,118,0
117703,663562,"Noah Davis",28,2025,,9,0,11,0,2,0,18,19.64,4.66,12.23,98,2.55,23.1,9.2,10.8,37.8,103,0
119087,681987,"Nate Eaton",28,2025,"BOS",1,0,1,0,0,0,0,0,4.27,3.05,99,2,0,0,0,50,95,0
119354,663671,"Nic Enright",28,2025,"CLE",27,0,31,2,1,1,2.03,2.32,4.84,3.73,108,1.16,23.6,9.4,2.4,33.7,107,0
119844,663372,"Ryan Feltner",28,2025,"COL",6,6,30.3,0,2,0,4.75,5.04,4.76,4.47,101,1.48,18.5,8.9,3,46.9,105,0.3
120724,681892,"Kody Funderburk",28,2025,"MIN",39,0,41,4,1,1,3.51,3.73,3.85,3.27,89,1.51,21.9,9.8,1.1,52.5,85,0.4
121247,680702,"Joey Gerber",28,2025,"TB",2,0,4.3,0,0,0,2.08,2.08,4.29,4.2,100,0.69,26.7,0,6.7,45.5,95,0
121380,669302,"Logan Gilbert",28,2025,"SEA",25,25,131,6,6,0,3.44,3.64,3.31,3.26,76,1.03,32.3,5.8,3.7,38.9,73,3.6
121406,670810,"Logan Gillaspie",28,2025,"SD",3,0,7,0,0,0,2.57,2.57,4.8,6.08,112,1.57,12.9,12.9,3.2,50,106,0
122573,663795,"Justin Hagenman",28,2025,"NYM",9,1,23.7,0,1,1,4.56,4.94,4.39,3.85,100,1.1,23.2,2,4,38.4,97,0.2
122776,663554,"Casey Mize",28,2025,"DET",28,28,149,14,6,0,3.87,4.11,4.4,3.8,100,1.27,22.2,5.7,3.3,39.4,98,2.2
122878,663687,"Hogan Harris",28,2025,"ATH",48,0,64.7,2,1,4,3.2,3.62,4.48,3.62,100,1.35,23.5,11.9,1.8,34.3,99,0.2
123381,678226,"Daysbel Hernández",28,2025,"ATL",39,0,37,4,3,0,3.41,3.89,5.56,5,115,1.51,20.2,17.8,1.8,43.4,123,-0.3
123585,682120,"Tim Herrin",28,2025,"CLE",54,0,42.7,5,4,0,4.85,4.85,4.99,4.99,106,1.57,23.2,15.5,2.6,40.7,110,-0.1
123612,676051,"Codi Heuer",28,2025,,3,0,4.7,0,0,0,5.79,5.79,4.58,10.55,104,1.29,23.8,9.5,14.3,50,101,0
123765,663546,"Sean Hjelle",28,2025,"SF",12,1,15,1,1,0,7.8,7.8,5.26,5.29,112,2,15.1,12.3,2.7,41.5,116,0
123804,663773,"Bryan Hoeing",28,2025,"SD",7,0,8,1,0,0,3.38,3.38,4.88,3.1,101,1.5,13.9,8.3,0,60.7,108,0
124381,663623,"Jake Irvin",28,2025,"WSH",33,33,180,9,13,0,5.7,6,5.27,5.72,112,1.43,15.8,7.9,4.8,42.9,117,0.9
125796,663568,"Stephen Kolek",28,2025,,19,19,112.7,5,7,0,3.51,3.91,4.44,3.86,104,1.14,16.7,6.7,2,51.7,98,1.6
125864,663804,"Jackson Kowar",28,2025,"SEA",15,0,17,2,0,0,4.24,4.24,5.27,5.75,110,1.24,21.1,9.9,5.6,35.4,117,-0.1
126346,681517,"Kyle Leahy",28,2025,"STL",62,1,88,4,2,1,3.07,3.27,4.29,3.13,97,1.23,22,7.7,1.4,42.9,95,0.5
126464,668984,"Casey Legumina",28,2025,"SEA",48,1,49.7,4,6,0,5.62,6.52,4.65,4.3,102,1.45,25.1,11.4,3.2,38.7,103,0.1
127265,663738,"Daniel Lynch IV",28,2025,"KC",57,2,67.7,6,2,1,3.06,3.19,4.7,4.67,108,1.36,15.6,9,2.8,47.6,104,0.1
127336,680862,"Willie MacIver",28,2025,"ATH",2,0,2,0,0,0,0,0,4.45,3.05,102,2,0,0,0,70,99,0
127864,663436,"Davis Martin",28,2025,"CWS",26,25,142.7,7,10,0,4.1,4.67,4.86,4.55,108,1.29,17.3,8,3.3,45.9,108,1.3
130502,681151,"Jayden Murray",28,2025,"HOU",9,1,11.7,0,0,0,1.54,1.54,4.94,2.45,110,1.11,17,6.4,0,36.1,109,0
133178,676571,"PJ Poulin",28,2025,"WSH",28,0,24.7,2,1,1,3.65,3.65,4.01,3.91,93,1.46,24.5,11.8,1.8,41.2,89,0.2
135171,680701,"John Rooney",28,2025,"HOU",1,0,1.3,0,0,0,6.75,6.75,3.74,12.05,92,1.5,33.3,16.7,16.7,33.3,83,0
135847,676742,"Cam Sanders",28,2025,"PIT",6,0,6.7,0,0,0,8.1,8.1,5.86,8.17,117,2.1,11.8,14.7,5.9,24,130,-0.1
135865,680704,"Nick Sandlin",28,2025,"TOR",19,0,16.3,0,2,1,2.2,3.86,4.94,4.52,107,1.16,23.2,11.6,2.9,37.2,109,0
136826,663767,"Chase Shugart",28,2025,"PIT",35,0,45,4,3,0,3.4,3.6,5.59,4.78,118,1.11,17.1,9.4,3.3,33.3,124,-0.4
137001,663903,"Brady Singer",28,2025,"CIN",32,32,169.7,14,12,0,4.03,4.24,5.01,4.06,106,1.24,22.8,8.4,2.7,39,111,1.3
137014,681895,"Evan Sisk",28,2025,,19,0,17.7,1,1,0,3.57,3.57,3.49,3.11,83,1.47,31.3,12.5,1.3,48.8,77,0.3
137044,669373,"Tarik Skubal",28,2025,"DET",31,31,195.3,13,6,0,2.21,2.53,3.08,2.36,74,0.89,32.2,4.4,2.4,40.9,68,5.9
140232,663362,"Matt Waldron",28,2025,"SD",1,1,4.7,0,1,0,7.71,7.71,6.4,8.58,109,2.57,12,24,4,50,142,0
141201,664991,"Grant Wolfram",28,2025,"BAL",21,0,26.7,3,1,0,5.4,6.75,4.03,3.5,91,1.88,23.3,11.3,1.5,50,89,0.2
141739,683232,"Nick Mears",28,2025,"MIL",63,0,56.7,5,3,1,3.49,3.97,4.81,4,107,0.99,20.7,6.3,3.2,33.5,106,0
142702,684320,"Yariel Rodríguez",28,2025,"TOR",66,1,73,3,2,2,3.08,3.21,4.93,4.31,109,1.15,22.1,11.4,2.7,39.1,109,-0.1
143767,686654,"Ty Adcock",28,2025,"NYM",3,0,3,0,0,0,3,3,4.59,6.22,103,1.33,35.7,14.3,7.1,16.7,102,0
144613,686993,"Justin Sterner",28,2025,"ATH",59,1,65,4,3,0,3.18,3.32,4.6,4.19,105,1.05,26.3,7.9,3.8,29.9,102,0.1
144653,687003,"Brian Van Belle",28,2025,"TB",4,0,8.3,1,0,0,5.4,5.4,4.94,4.73,107,1.56,16.7,0,5.6,30,109,0
144894,687911,"Bryan King",28,2025,"HOU",68,0,68,5,4,2,2.78,2.78,3.51,3.59,85,1.04,25.1,4,3.6,40.8,78,1
144917,687922,"Easton Lucas",28,2025,"TOR",6,5,24.3,3,3,0,6.66,6.66,5.5,5.31,111,1.52,21.3,11.1,4.6,34.2,122,0
145142,687888,"Brandon Walter",28,2025,"HOU",9,9,53.7,1,3,0,3.35,3.35,3.76,3.92,90,0.93,24.5,1.9,4.7,43.8,83,1.2
147180,688297,"Chris Roycroft",28,2025,"STL",20,0,20.7,1,3,0,7.84,9.15,5.22,4.91,109,1.84,14.9,11.9,2,46.6,116,-0.1
148420,692024,"Alex Carrillo",28,2025,"NYM",3,0,4.7,0,1,0,13.5,13.5,5.59,14.58,113,1.71,18.2,9.1,18.2,13.3,124,0
149123,699911,"Dugan Darnell",28,2025,"COL",9,0,11.7,1,0,0,3.86,3.86,5.73,5.54,119,1.54,10.2,16.3,2,41.7,127,-0.1
101582,624133,"Ranger Suárez",29,2025,"PHI",26,26,157.3,12,8,0,3.2,3.26,3.46,3.3,87,1.22,23.2,5.8,2.2,46.5,77,4
102110,620443,"Luis Torrens",29,2025,"NYM",2,0,0.7,0,0,0,54,54,5.1,46.72,110,9,0,12.5,25,0,113,0
102119,620454,"José Castillo",29,2025,,29,0,32,2,2,0,3.94,5.06,3.83,4.61,92,1.69,20.1,9.4,2.7,54.5,85,0.4
102482,640902,"Jhonny Pereda",29,2025,"ATH",3,0,3,0,0,0,21,21,5.13,7.38,109,3.67,15,10,5,33.3,114,0
102491,641154,"Pablo López",29,2025,"MIN",14,14,75.7,5,4,0,2.74,3.33,4.48,3.1,100,1.11,23.4,6.4,1.9,38.1,99,1.1
102514,641343,"Jake Bauers",29,2025,"MIL",5,0,5,0,0,0,3.6,7.2,5.89,5.82,117,2.2,3.4,10.3,0,26.1,130,-0.1
102632,641745,"Brad Keller",29,2025,"CHC",68,1,69.7,4,2,3,2.07,2.33,3.36,3.02,83,0.96,27.2,8,1.4,55.5,74,1.2
102644,641793,"Zack Littell",29,2025,,32,32,186.7,10,8,0,3.81,3.91,4.83,4.84,110,1.1,17.1,4.2,4.7,40,107,1.9
103030,642520,"Gerson Garabito",29,2025,"TEX",3,0,8,0,0,0,9,13.5,4.75,3.8,103,2,19.5,2.4,2.4,43.3,105,0
103056,642547,"Freddy Peralta",29,2025,"MIL",33,33,176.7,17,6,0,2.7,2.75,4.36,3.73,97,1.08,28.2,9.1,2.9,36.7,97,2.7
103196,642701,"Dennis Santana",29,2025,"PIT",70,0,70.3,4,5,16,2.18,2.3,4.39,3.29,104,0.87,22.2,6.3,1.9,38.9,97,0.3
103203,642708,"Amed Rosario",29,2025,"WSH",1,0,1,0,0,0,36,36,5.53,22.22,107,7,0,20,10,50,122,0
103251,642759,"Julian Fernández",29,2025,,4,0,5,1,0,0,5.4,5.4,4.63,7.62,103,1,25,10,10,46.2,102,0
104002,645261,"Sandy Alcantara",29,2025,"MIA",31,31,174.7,11,12,0,5.36,5.51,4.89,4.37,105,1.27,19.1,7.7,3,46.5,108,1.6
104324,650671,"José Quijada",29,2025,"LAA",2,0,1.3,0,0,0,0,0,3.68,3.05,91,2.25,37.5,25,0,33.3,81,0
104730,656240,"Scott Blewett",29,2025,,26,2,44.3,3,0,0,5.48,5.89,4.67,5.46,106,1.42,18,9.3,4.6,47.1,103,0.1
104779,656427,"Jack Flaherty",29,2025,"DET",31,31,161,8,15,0,4.64,4.75,4.57,3.76,97,1.28,27.6,8.7,3.4,36.1,101,2.1
104805,656550,"Grant Holmes",29,2025,"ATL",22,21,115,4,9,0,3.99,4.07,4.16,4.48,94,1.34,25,11,3.3,44.5,92,2
104814,656577,"Alex Jackson",29,2025,"BAL",1,0,1,0,0,0,27,27,5.54,9.05,112,5,0,25,0,16.7,123,0
104816,656605,"Mitch Keller",29,2025,"PIT",32,32,176.3,6,15,0,4.19,4.64,4.63,4.11,102,1.26,20,6.8,2.8,43.8,102,2.2
104824,656629,"Michael Kopech",29,2025,"LAD",14,0,11,0,0,0,2.45,2.45,6.27,4.58,115,1.73,22.6,24.5,0,28.6,139,-0.2
104914,657006,"Justin Steele",29,2025,"CHC",4,4,22.7,3,1,0,4.76,4.76,3.99,5.03,93,1.15,22.8,5.4,5.4,41.5,88,0.4
104930,657053,"Touki Toussaint",29,2025,"LAA",1,0,2,0,0,0,9,9,4.42,1.55,100,2.5,27.3,9.1,0,42.9,98,0
105466,660896,"Jorge Alcala",29,2025,,56,0,55,0,2,0,6.22,7.2,4.87,5.64,105,1.75,23.7,11.7,5.1,32.7,108,-0.1
105559,660825,"Eduard Bazardo",29,2025,"SEA",73,0,78.7,5,0,0,2.52,2.63,4.12,3.56,98,1.02,26.2,8.6,2.9,38.6,91,0.6
105703,656302,"Dylan Cease",29,2025,"SD",32,32,168,8,12,0,4.55,4.88,3.98,3.64,88,1.33,29.8,9.8,2.9,36.6,88,3.3
105831,660853,"Enyel De Los Santos",29,2025,,65,0,66,6,3,0,4.36,4.77,5.04,3.85,109,1.29,22.1,8.6,2.5,32.8,112,-0.2
106516,664294,"Dauri Moreta",29,2025,"PIT",18,0,16.7,1,1,0,3.24,4.32,4.45,3.76,100,1.38,27.9,10.3,2.9,26.2,99,0.1
106610,663978,"Chris Paddack",29,2025,,33,28,158,5,12,1,5.35,5.58,5.72,4.94,117,1.28,16.7,5.5,4.6,36.3,127,-0.2
106750,656896,"Emmanuel Rivera",29,2025,"BAL",1,0,1,0,0,0,72,72,4.9,22.05,106,10,0,15.4,7.7,18.2,108,0
106851,665665,"Reiver Sanmartin",29,2025,"CIN",1,0,1.7,0,0,0,0,5.4,4.99,2.62,93,1.8,25,12.5,0,60,111,0
107971,670059,"Colin Holderman",29,2025,"PIT",24,0,25.7,0,2,1,7.01,7.36,5.17,5.95,108,1.95,14.4,12.8,3.2,51.7,114,-0.1
108116,663992,"Richard Lovelady",29,2025,,10,0,11.7,0,1,0,8.49,9.26,3.72,7.04,92,1.54,21.1,10.5,5.3,60,82,0.1
108175,670156,"Miles Mastrobuoni",29,2025,"SEA",1,0,1,0,0,0,0,0,5.48,9.05,111,3,0,33.3,0,50,121,0
108886,668678,"Zac Gallen",29,2025,"AZ",33,33,192,13,15,0,4.83,5.11,4.88,4.59,108,1.26,21.5,8.1,3.8,43.7,108,1.8
108953,665152,"Dean Kremer",29,2025,"BAL",31,29,171.7,11,10,0,4.19,4.35,4.73,3.88,105,1.21,20.1,6.4,3.1,39.8,105,1.8
108959,669674,"Sam Long",29,2025,"KC",39,0,40.3,2,3,0,5.36,6.92,5.26,5.45,108,1.74,17.5,11.6,3.7,40.9,116,-0.2
109130,672335,"Cionel Pérez",29,2025,"BAL",19,0,21.7,0,0,0,8.31,9.14,4.59,5.68,99,2.12,19.1,16.4,2.7,58,102,0.1
109456,674370,"Osvaldo Bido",29,2025,"ATH",26,10,79.7,2,5,1,5.87,6.33,6.12,5.99,121,1.61,18.7,9.6,5.2,30.3,135,-0.7
109642,676680,"Tom Cosgrove",29,2025,"CHC",2,0,4,0,0,0,2.25,2.25,4.25,2.47,97,1,18.8,6.3,0,58.3,94,0
109808,676534,"Calvin Faucher",29,2025,"MIA",65,0,60.3,4,4,15,3.28,4.03,4.5,4.33,100,1.28,23.1,9.4,3.1,45,100,0.2
109835,670102,"Bowden Francis",29,2025,"TOR",14,14,64,2,8,0,6.05,6.47,6.06,6.77,119,1.53,18.8,9.4,6.6,33.3,134,-0.3
109868,676395,"Robert Garcia",29,2025,"TEX",71,0,64,4,8,9,2.95,3.66,3.98,3.63,94,1.25,25.3,8.2,3,38.2,88,0.6
109892,656458,"Lucas Gilbreath",29,2025,"COL",1,0,1,0,0,0,9,9,4.91,12.22,102,1,50,0,25,0,109,0
109945,674944,"Sean Guenther",29,2025,"DET",9,1,10.3,0,1,0,5.23,6.1,4.3,2.95,99,1.45,18.6,11.6,0,36.7,95,0.1
110107,676083,"Janson Junk",29,2025,"MIA",21,16,110,6,4,1,4.17,4.42,4.94,3.23,106,1.14,17.2,2.9,1.8,40.5,109,0.7
110167,656641,"Jacob Latz",29,2025,"TEX",33,8,85.7,2,0,1,2.84,2.94,4.67,3.63,103,1.24,21.8,10.6,2,37.9,103,0.5
110259,656686,"Corbin Martin",29,2025,"BAL",17,0,18,1,0,2,6,7.5,4.19,5.22,91,1.72,25.8,10.1,4.5,45.5,93,0.1
110284,676755,"Isaac Mattson",29,2025,"PIT",44,0,47.7,3,3,0,2.45,2.64,5.13,3.75,111,1.13,22.7,9.6,2,26.5,114,-0.2
110297,670766,"Darren McCaughan",29,2025,"MIN",3,0,5.3,0,0,0,1.69,1.69,4.3,1.36,103,1.13,26.1,4.3,0,18.8,95,0
110406,669212,"Eli Morgan",29,2025,"CHC",7,0,7.3,0,1,0,12.27,12.27,5.41,8.68,111,2.05,11.4,8.6,8.6,42.9,120,-0.1
110454,673380,"Dedniel Núñez",29,2025,"NYM",10,0,9.7,0,0,0,4.66,4.66,5.3,4.15,108,1.24,26.8,14.6,2.4,20.8,117,-0.1
110622,675919,"Nick Raquet",29,2025,"STL",2,0,2,0,0,0,0,0,3.93,3.72,95,0.5,14.3,14.3,0,40,87,0
110808,657756,"Connor Seabold",29,2025,,7,0,10.3,0,0,0,4.35,4.35,5.27,4.18,112,1.74,20.8,12.5,2.1,31.3,117,-0.1
110810,676664,"JP Sears",29,2025,,27,27,135.7,9,11,0,5.04,5.24,5.67,5.16,114,1.32,20.1,6.2,5.1,29.2,126,0
110859,676092,"Collin Snider",29,2025,"SEA",24,0,26.3,2,1,0,5.47,6.84,4.52,3.62,99,1.44,20.2,5,2.5,39.1,100,0.1
110964,676701,"Alan Trejo",29,2025,"COL",1,0,1,0,0,0,0,0,5.01,3.22,110,1,0,0,0,100,111,0
111074,676724,"Jared Young",29,2025,"NYM",1,0,0.3,0,0,0,0,0,4.81,12.22,106,6,0,33.3,0,50,106,0
111116,656557,"Tanner Houck",29,2025,"BOS",9,9,43.7,0,3,0,8.04,8.45,5.34,6.07,110,1.69,15.8,8.4,4.9,49,118,0.2
111133,641927,"Bailey Ober",29,2025,"MIN",27,27,146.3,6,9,0,5.1,5.17,5.72,4.81,115,1.3,19.2,5,4.8,29.7,127,0
111164,656638,"Alex Lange",29,2025,"DET",1,0,1,0,0,0,0,0,5.36,4.05,105,3,16.7,16.7,0,25,119,0
111244,656849,"David Peterson",29,2025,"NYM",30,30,168.7,9,6,0,4.22,4.48,4.37,3.57,96,1.37,20.7,9,1.5,54.2,97,2.6
111276,676477,"Garrett Whitlock",29,2025,"BOS",62,0,72,7,3,1,2.25,2.63,3.38,2.09,81,1.08,31.1,8.2,0.7,45.7,75,1.2
111290,657376,"Clarke Schmidt",29,2025,"NYY",14,14,78.7,4,4,0,3.32,3.32,5.25,3.86,112,1.09,23.1,9.5,2.8,32.5,116,0.4
111294,656288,"Griffin Canning",29,2025,"NYM",16,16,76.3,7,3,0,3.77,4.13,4.04,4.09,94,1.36,21.4,10.4,2.4,50.2,89,1.5
113203,663941,"Tristan Beck",29,2025,"SF",31,1,56.7,1,0,2,4.61,4.61,5.01,4.33,110,1.11,17.7,6.9,3,41.6,111,-0.1
113690,656234,"Jake Bird",29,2025,,48,0,55.3,4,2,0,5.53,6.02,3.9,3.99,88,1.54,26.6,10.1,2.8,46.1,86,0.6
114350,681146,"Jonah Bride",29,2025,"MIN",4,0,6,0,0,0,15,15,6.53,7.05,122,2.83,5.4,8.1,2.7,20,145,-0.1
116408,665019,"Kody Clemens",29,2025,"MIN",1,0,1,0,0,0,18,18,4.16,29.05,100,3,0,0,33.3,33.3,92,0
116775,664351,"Luis Contreras",29,2025,"HOU",9,0,12,0,0,0,6.75,6.75,5.4,5.05,113,1.58,24.1,14.8,3.7,24.2,120,-0.1
118876,681869,"Shawn Dubin",29,2025,,30,0,33.7,2,0,0,5.08,5.08,4.22,4.86,100,1.43,19.3,7.6,4.1,49,93,0.2
123751,682274,"Yaramil Hiraldo",29,2025,"BAL",18,0,19.7,0,0,0,4.58,5.95,4.31,4.93,97,1.32,25,10.7,4.8,38.9,95,0.1
123933,663947,"Tyler Holton",29,2025,"DET",70,6,78.7,6,5,0,3.66,3.89,3.81,4.55,93,1.04,20.5,5.4,4.8,45.9,84,1
128329,673513,"Yuki Matsui",29,2025,"SD",61,0,63.3,3,1,1,3.98,4.12,5.04,4.96,107,1.36,22.4,12.1,3.7,31.6,112,-0.2
128959,656731,"Tylor Megill",29,2025,"NYM",14,14,68.3,5,5,0,3.95,4.87,4.16,3.51,90,1.36,29.2,10.8,2,40.3,92,1.2
133136,682515,"Logan Porter",29,2025,"SF",1,0,1,0,0,0,9,9,5.04,16.22,108,2,0,0,20,60,112,0
133756,656876,"Drew Rasmussen",29,2025,"TB",31,31,150,10,5,0,2.76,2.82,3.7,3.76,93,1.02,21.7,6.3,3.1,48.6,82,3.5
135535,657746,"Joe Ryan",29,2025,"MIN",31,30,171,13,10,0,3.42,3.63,3.64,3.65,87,1.04,28.2,5.7,3.8,36.5,81,4
135620,663967,"César Salazar",29,2025,"HOU",1,0,1,0,0,0,0,0,4.74,6.05,106,0,0,0,0,0,105,0
137713,683021,"Michael Stefanic",29,2025,"TOR",1,0,1,0,0,0,0,0,4.92,3.05,111,0,0,0,0,0,109,0
139955,681911,"Alex Vesia",29,2025,"LAD",68,0,59.7,4,2,5,3.02,3.17,3.82,3.86,88,0.99,33.8,9.3,3.8,28.5,85,0.7
140256,676254,"Ryan Walker",29,2025,"SF",68,0,61.3,5,7,17,4.11,4.7,4.13,3.38,96,1.27,22.6,6.8,1.5,48.3,91,0.5
140382,681810,"Austin Warren",29,2025,"NYM",5,0,9.3,1,0,0,0.96,0.96,4.66,3.97,105,0.96,26.5,11.8,2.9,38.1,103,0
141107,642216,"Allan Winans",29,2025,"NYY",3,1,9.3,0,1,0,8.68,10.61,5.23,6.16,111,1.71,13,6.5,4.3,45.7,116,0
147067,688497,"Taylor Rashi",29,2025,"AZ",10,0,16.3,0,1,2,4.41,4.41,4.13,2,92,1.47,30.6,11.1,0,40.5,91,0.1
70342,547001,"Cody Poteet",30,2025,"BAL",1,0,2.7,0,0,0,16.88,16.88,5.49,4.55,112,3,6.3,12.5,0,38.5,122,0
100261,608337,"Lucas Giolito",30,2025,"BOS",26,26,145,10,4,0,3.41,3.85,5.14,4.08,110,1.29,19.7,9.1,2.8,38.9,114,0.9
100273,608566,"Germán Márquez",30,2025,"COL",26,26,126.3,3,16,0,6.7,7.55,7.02,5.56,122,1.71,14,8.1,3.9,36,156,-1.9
100368,612434,"Miguel Castro",30,2025,"CWS",6,0,6,0,0,0,7.5,7.5,5.25,6.88,110,1.67,14.3,17.9,3.6,50,116,0
100408,614179,"José Ruiz",30,2025,,18,0,16.3,1,0,0,8.82,9.37,4.83,5.43,104,1.96,19,11.4,3.8,43.6,107,0
100568,621237,"José Alvarado",30,2025,"PHI",28,0,26,4,2,7,3.81,4.15,3.39,3.68,81,1.31,28.1,6.1,3.5,44.6,75,0.4
100854,622379,"Luis F. Castillo",30,2025,"SEA",2,2,7,0,0,0,7.71,9,5.08,4.62,109,2.71,12.2,17.1,0,37.9,112,0
100957,622503,"Nabil Crismatt",30,2025,"AZ",8,5,34,3,0,0,3.71,5.29,4.86,4.93,104,1.44,16.3,5.9,3.9,43.2,108,0.2
101008,622554,"Seranthony Domínguez",30,2025,,67,0,62.7,4,4,2,3.16,4.31,4.28,3.38,90,1.28,30.3,13.8,1.9,43.1,95,0.4
101060,622608,"Antonio Senzatela",30,2025,"COL",30,23,130,4,15,0,6.65,7.13,6.64,5.57,121,1.84,11.8,7.6,3.6,43.6,147,-1.6
101165,622761,"Jorge Mateo",30,2025,"BAL",1,0,1,0,0,0,45,45,5.5,25.05,110,7,0,18.2,9.1,12.5,122,0
101190,622786,"Jesus Tinoco",30,2025,"MIA",20,0,19.3,2,1,4,5.12,5.59,5.07,4.1,111,1.29,12.5,10,1.3,41.9,112,-0.1
101630,624512,"Reese McGuire",30,2025,"CHC",1,0,1,0,0,0,9,9,4.94,19.22,104,3,0,16.7,16.7,40,109,0
101993,640451,"Hunter Harvey",30,2025,"KC",12,0,10.7,1,0,0,0,0,4.21,1.27,95,0.66,28.2,2.6,0,44.4,93,0.1
102555,641482,"Nestor Cortes",30,2025,,8,8,34.3,2,4,0,6.29,6.29,5.88,8.38,118,1.63,18.5,12.7,8.3,33,130,-0.1
102652,641816,"Tyler Mahle",30,2025,"TEX",16,16,86.7,6,4,0,2.18,2.18,4.94,3.28,111,1.13,19.1,8.4,1.4,38.6,109,0.8
102751,642100,"Gabe Speier",30,2025,"SEA",76,0,62,4,3,0,2.61,2.76,2.93,2.23,70,0.87,33.7,4.5,2.1,39.3,65,1.3
102764,642133,"Rowdy Tellez",30,2025,"TEX",1,0,2,0,0,0,13.5,13.5,4.74,11.05,104,2.5,0,0,9.1,40,105,0
102779,642180,"Tyler Wade",30,2025,"SD",1,0,1,0,0,0,9,9,4.99,6.22,108,3,0,16.7,0,60,111,0
102785,642207,"Devin Williams",30,2025,"NYY",67,0,62,4,6,18,4.79,5.37,3.37,2.6,77,1.13,34.7,9.7,1.9,44.3,75,1
102921,642397,"Gregory Soto",30,2025,,70,0,60.3,1,5,1,4.18,4.92,3.97,3.4,88,1.43,25.1,8.6,1.4,43.1,88,0.6
103038,642528,"Jonathan Loáisiga",30,2025,"NYY",30,0,29.7,0,1,1,4.25,4.55,4.29,5.75,100,1.48,18.5,7.4,5.2,50,95,0.2
103091,642585,"Félix Bautista",30,2025,"BAL",35,0,34.7,1,1,19,2.6,2.6,3.79,3.28,85,1.13,35.2,16.2,2.1,50.7,84,0.4
103420,643396,"Isiah Kiner-Falefa",30,2025,"TOR",1,0,0.7,0,0,0,0,0,4.87,3.05,110,0,0,0,0,0,108,0
104899,656945,"Tanner Scott",30,2025,"LAD",61,0,57,1,4,23,4.74,5.21,3.93,4.73,92,1.25,25.3,7.2,4.6,37.8,87,0.6
105472,641302,"Tyler Alexander",30,2025,,52,5,97.7,5,14,1,4.98,5.71,4.54,3.62,103,1.4,19.4,7.1,2.1,33.1,101,0.5
106129,664854,"Ryan Helsley",30,2025,,58,0,56,3,4,21,4.5,5.14,4.21,4.22,95,1.54,25,9.9,3.2,44.2,93,0.4
106145,664353,"José Urquidy",30,2025,"DET",2,0,2.3,0,0,0,7.71,7.71,5.71,4.33,112,3,21.4,21.4,0,25,127,0
106294,664875,"Justin Lawrence",30,2025,"PIT",17,0,17.7,1,0,0,0.51,0.51,4.02,2.32,91,0.96,33.3,11.6,0,47.2,89,0.2
106490,664948,"Anthony Misiewicz",30,2025,"MIN",5,0,4.7,0,0,0,9.64,9.64,4.81,9.05,103,1.93,21.7,17.4,8.7,21.4,107,0
106667,623465,"Evan Phillips",30,2025,"LAD",7,0,5.7,0,0,1,0,0,3.67,2.16,90,1.06,27.3,9.1,0,71.4,81,0.1
107174,621111,"Walker Buehler",30,2025,,26,24,126,10,7,0,4.93,5.21,6.39,5.57,125,1.51,16.3,10.6,3.9,42,142,-1.1
107194,640454,"Matt Krook",30,2025,"ATH",3,0,3.3,0,0,0,5.4,5.4,4.45,2.15,98,1.8,20,6.7,0,27.3,98,0
107438,669199,"Lake Bachar",30,2025,"MIA",53,1,71,8,2,3,3.93,4.31,4.85,4.33,104,1.2,25.3,10.1,3.4,34,107,0
107441,641329,"Bryan Baker",30,2025,,73,0,68.7,4,4,3,4.06,4.33,3.66,3.84,86,1.11,30.3,6.2,4.7,37.4,81,0.9
107467,670280,"David Bednar",30,2025,,64,0,62.7,6,5,27,2.3,2.59,3.2,2.2,73,1.04,34.3,7.6,1.6,44.1,71,1.1
107522,641386,"Ben Bowden",30,2025,"ATH",11,0,10.7,0,0,0,4.22,5.06,4.77,5.58,107,1.31,14.9,10.6,4.3,40,106,0
107554,669203,"Corbin Burnes",30,2025,"AZ",11,11,64.3,3,2,0,2.66,3.22,4.28,4.03,98,1.17,23.8,9.8,2.6,49.7,95,1.1
107636,650644,"Aaron Civale",30,2025,,23,18,102,4,9,1,4.85,5.21,5.08,4.6,109,1.26,20.2,7.6,3.7,33.6,112,0.6
107762,668674,"Lucas Erceg",30,2025,"KC",61,0,61.3,8,4,2,2.64,2.79,4.2,3.41,97,1.17,19.3,7.2,1.6,51.4,93,0.4
107918,641656,"Ian Hamilton",30,2025,"NYY",36,1,40,2,1,0,4.28,4.5,4.62,4.3,103,1.25,25.3,13.3,3,37,102,0.1
107920,641658,"Garrett Hampson",30,2025,"STL",1,0,1,0,0,0,0,0,4.34,3.22,101,0,0,0,0,66.7,96,0
107951,663321,"Nick Hernandez",30,2025,"HOU",10,0,10.7,0,0,0,5.06,5.06,5.92,6.89,114,1.88,21.2,15.4,5.8,24.2,131,-0.1
107983,669450,"Cooper Hummel",30,2025,"HOU",1,0,1,0,0,0,36,36,5.15,19.05,107,5,0,0,11.1,25,114,0
108053,650633,"Michael King",30,2025,"SD",15,15,73.3,5,3,0,3.44,3.8,4.63,4.5,103,1.2,24.7,8.4,3.9,38.6,103,0.9
108089,669276,"Dylan Lee",30,2025,"ATL",74,0,68.3,2,4,2,3.29,3.56,3.26,4.08,80,0.98,28.6,5.3,4.9,35.8,72,1.2
108112,670032,"Nicky Lopez",30,2025,"LAA",1,0,0.3,0,0,0,0,0,3.92,12.05,97,3,0,50,0,0,87,0
108169,661527,"Seth Martinez",30,2025,"MIA",6,0,6.7,0,0,0,5.4,5.4,5.57,7.27,118,1.05,14.8,11.1,7.4,20,123,-0.1
108430,615698,"Cal Quantrill",30,2025,,26,26,117.7,4,12,0,6.04,6.2,6.14,5.23,119,1.45,16.6,6.8,4.3,33.2,136,-0.6
108507,668670,"Jake Rogers",30,2025,"DET",4,0,3.7,0,0,0,2.45,2.45,5.14,3.87,111,1.36,0,0,0,40,114,0
108753,669711,"Greg Weissert",30,2025,"BOS",72,0,67,6,6,4,2.82,3.63,4.53,3.59,105,1.16,20.5,7.6,2.2,41.1,100,0.2
108774,642215,"Weston Wilson",30,2025,"PHI",2,0,3,0,0,0,0,0,5.3,3.22,114,1,0,0,0,16.7,117,0
108818,669211,"Keegan Akin",30,2025,"BAL",64,3,63.3,5,4,8,3.41,3.98,4.6,4.85,104,1.37,22,12.3,3.7,37.1,102,0.2
108828,669622,"Anthony Bender",30,2025,"MIA",51,0,50,3,5,4,2.16,2.34,4.37,3.7,102,1.06,20.6,10.3,1.5,48.2,97,0.2
108830,669456,"Shane Bieber",30,2025,"TOR",7,7,40.3,4,2,0,3.57,3.57,3.85,4.39,92,1.02,23.3,4.4,5,49.1,85,0.9
108873,641540,"Dane Dunning",30,2025,,12,0,20.7,0,0,2,6.97,7.4,4.6,5.07,103,1.5,22.1,7.4,4.2,40.6,102,0
108937,643377,"Griffin Jax",30,2025,,73,2,66,1,7,0,4.23,4.5,2.83,2.43,66,1.29,35,7.4,2.5,45.3,63,1.5
108957,641778,"Eric Lauer",30,2025,"TOR",28,15,104.7,9,2,0,3.18,3.35,4.83,3.77,106,1.11,23.9,6.1,3.5,28.7,107,0.7
108977,656716,"Zach McKinstry",30,2025,"DET",1,0,0.3,0,0,0,0,0,4.29,3.05,99,0,0,0,0,100,95,0
109027,640462,"A.J. Puk",30,2025,"AZ",8,0,8,0,0,4,3.38,3.38,3.86,4.6,87,1.25,34.3,5.7,5.7,25,85,0.1
109030,670990,"Yohan Ramírez",30,2025,"PIT",24,0,33.3,3,3,0,5.4,6.75,4.26,3.88,91,1.47,29,10.3,2.6,37.8,94,0.2
109104,669330,"Tyler Wells",30,2025,"BAL",4,4,21.7,2,1,0,2.91,2.91,4.79,4.06,106,0.88,22,2.4,4.9,33.9,106,0.2
109150,641672,"Thomas Hatch",30,2025,,12,1,34,2,1,0,5.82,6.09,5.65,5.93,118,1.68,14.5,11.2,4.6,44.2,125,-0.3
109159,641312,"Shaun Anderson",30,2025,"LAA",7,0,11.3,1,0,0,10.32,10.32,4.79,8.78,104,2.03,19.6,5.4,10.7,31,106,0
109502,641401,"Connor Brogdon",30,2025,"LAA",43,0,47,3,2,0,5.55,5.94,4.7,5.16,103,1.34,24.6,9,5.5,30.3,104,0.1
110119,677161,"Zack Kelly",30,2025,"BOS",28,0,35.3,1,3,0,4.58,5.35,4.46,3.45,99,1.33,23,7.9,2,41.2,99,0.1
110249,676760,"Ron Marinaccio",30,2025,"SD",7,0,10.7,0,0,0,0.84,0.84,4.04,2.1,95,0.94,28.6,9.5,0,42.3,89,0.1
110298,676801,"Chas McCormick",30,2025,"HOU",3,0,3,0,0,0,6,6,4.74,6.38,104,1.67,6.7,13.3,0,40,105,0
110462,676617,"Riley O'Brien",30,2025,"STL",42,0,48,3,1,6,2.06,2.44,4.2,3.7,97,1.15,22.6,11.1,1,53.6,93,0.3
111013,676684,"Will Vest",30,2025,"DET",64,0,68.7,6,5,23,3.01,3.41,3.17,2.63,77,1.21,26.4,7.7,1.4,57.5,70,1.3
111031,677020,"Josh Walker",30,2025,"TOR",3,0,5,0,0,0,7.2,7.2,3.87,1.65,91,2,32,8,0,35.7,86,0.1
111081,669145,"Bruce Zimmermann",30,2025,"MIL",1,1,6,0,1,0,7.5,9,4.43,8.22,102,1.5,3.6,7.1,7.1,60,98,0.1
111083,676604,"Tyler Zuber",30,2025,,10,0,12,0,1,0,11.25,11.25,4.79,5.64,104,1.92,23.7,10.2,5.1,28.2,106,0
111185,677976,"Randy Dobnak",30,2025,"MIN",1,0,5.3,0,0,0,1.69,1.69,5.14,6.24,114,0.75,5.3,10.5,5.3,50,114,0
111306,660271,"Shohei Ohtani",30,2025,"LAD",14,14,47,1,1,0,2.87,2.87,3.56,1.92,77,1.02,33.2,4.3,1.6,41,79,1.2
120416,641585,"J.P. France",30,2025,"HOU",2,0,4,1,0,0,2.25,2.25,4.83,2.05,104,1,31.3,12.5,0,11.1,107,0
125575,667463,"John King",30,2025,"STL",51,0,48.3,2,1,0,4.66,5.59,3.91,5.08,96,1.63,12.6,6.3,3.6,59.4,87,0.5
134488,642016,"Daniel Robert",30,2025,"PHI",15,0,13,0,0,0,4.15,4.85,5.28,5.22,111,1.62,25.4,16.9,3.4,26.5,117,-0.1
137496,656986,"Bennett Sousa",30,2025,"HOU",44,0,50.7,5,1,4,2.84,3.2,3.53,2.63,83,1.03,29.6,7.5,2,38.4,78,0.7
141089,621051,"Steven Wilson",30,2025,"CWS",59,0,55.3,2,2,2,3.42,3.42,5.57,4.21,116,1.3,21.2,9.1,2.9,26.1,123,-0.5
69377,600917,"José Leclerc",31,2025,"ATH",10,0,9,0,1,0,6,6,5.35,7.27,110,2,17.4,10.9,6.5,33.3,119,-0.1
69756,606303,"Joel Payamps",31,2025,,30,0,26.3,0,1,1,6.84,6.84,5.11,4.63,108,1.52,20.5,7.7,3.4,31.7,113,-0.1
70610,608331,"Max Fried",31,2025,"NYY",32,32,195.3,19,5,0,2.86,3.36,3.51,2.98,83,1.1,23.6,6.4,1.7,51.9,78,4.9
70611,608334,"Carson Fulmer",31,2025,"LAA",13,0,29.3,0,0,0,5.83,5.83,4.85,4.62,106,1.23,21.1,8.9,4.1,41.9,108,0
70636,608371,"Lucas Sims",31,2025,"WSH",18,0,12.3,1,0,0,13.86,13.86,5.87,8.33,116,2.27,18.1,19.4,2.8,39.5,130,-0.2
70795,607192,"Tyler Glasnow",31,2025,"LAD",18,18,90.3,4,3,0,3.19,3.29,3.85,3.84,86,1.1,29,11.7,2.7,44.4,85,1.9
70913,596133,"Luke Weaver",31,2025,"NYY",64,0,64.7,4,4,8,3.62,3.9,4.72,3.81,106,1.02,27.5,7.6,3.8,26.8,104,0.1
71057,607481,"Aaron Bummer",31,2025,"ATL",42,2,54.3,3,2,0,3.81,4.47,3.94,3.66,91,1.27,21.6,7.6,1.3,54.5,87,0.6
71071,607455,"Anthony Banda",31,2025,"LAD",71,1,65,5,1,0,3.18,3.18,4.94,4.65,105,1.23,22.7,13,3,39.2,109,-0.1
71326,605507,"Zach Thompson",31,2025,"ATL",2,0,3.7,0,0,0,0,0,4.92,2.4,106,0.27,25,8.3,0,37.5,109,0
100518,621107,"Zach Eflin",31,2025,"BAL",14,14,71.3,6,5,0,5.93,6.06,4.88,5.56,108,1.42,16.2,4.2,5.8,40.2,108,0.7
100519,621112,"Paul Blackburn",31,2025,,15,4,39,0,3,1,6.23,6.69,4.94,4.41,105,1.51,19.4,6.9,3.4,43.8,109,0.1
100521,621121,"Lance McCullers Jr.",31,2025,"HOU",16,13,55.3,2,5,0,6.51,7.32,4.99,5.69,104,1.81,22.3,14.2,3.6,47.6,111,0.4
100572,621242,"Edwin Díaz",31,2025,"NYM",62,0,66.3,6,3,28,1.63,1.9,3.02,2.36,69,0.87,38,8.1,1.6,46.6,67,1.4
100574,621244,"José Berríos",31,2025,"TOR",31,30,166,9,5,0,4.17,4.66,5.03,4.56,110,1.3,19.8,8,3.7,41.9,111,1.3
100606,621366,"Ryan Borucki",31,2025,,39,0,35,1,3,0,4.63,5.14,3.75,4.31,91,1.29,22.1,11,2.8,53.1,83,0.4
100653,621512,"Tomás Nido",31,2025,"DET",1,0,1.7,0,0,0,0,0,4.99,4.85,110,0,0,0,0,40,110,0
101023,622569,"Pablo Reyes",31,2025,"NYY",1,0,1,0,0,0,27,27,5.57,16.05,112,5,0,0,12.5,25,123,0
101074,622663,"Luis Severino",31,2025,"ATH",29,29,162.7,8,11,0,4.54,5.15,5.03,4.02,108,1.3,17.6,7.1,2.3,41,111,1.2
101184,622780,"Angel Perdomo",31,2025,"ATH",4,0,3.3,0,0,0,5.4,5.4,4.43,5.45,98,1.5,12.5,18.8,0,60,98,0
101249,623167,"Chris Flexen",31,2025,"CHC",21,1,43.7,5,1,1,3.09,3.71,5.55,5.12,121,1.15,12.4,6.7,3.9,34.7,123,-0.4
101384,623352,"Josh Hader",31,2025,"HOU",48,0,52.7,6,2,28,2.05,2.73,3.76,3.16,84,0.85,36.9,7.8,3.9,20.7,83,0.6
101728,625643,"Reynaldo López",31,2025,"ATL",1,1,5,0,0,0,5.4,5.4,5.77,6.62,115,2.2,4,8,4,40.9,128,0
103789,596295,"Austin Gomber",31,2025,"COL",12,12,57.7,0,7,0,7.49,7.96,6.69,6.59,122,1.72,12.5,6.3,5.9,33.2,148,-0.7
104921,657024,"Erik Swanson",31,2025,"TOR",6,0,5.3,1,0,0,15.19,15.19,6.11,10.17,117,2.44,10,16.7,6.7,23.8,135,-0.1
104945,657097,"Jacob Webb",31,2025,"TEX",55,0,66,5,4,1,3,3.27,4.81,4.22,108,1.03,21.7,7.1,3.7,31.9,106,0
105394,656222,"Jalen Beeks",31,2025,"AZ",61,2,57.3,5,3,1,3.77,4.08,4.41,4.09,100,1.08,20.3,8.7,2.6,45.7,98,0.3
105635,664141,"JT Brubaker",31,2025,,17,1,28.7,0,0,0,3.77,3.77,5.3,2.95,109,1.22,18.8,10.3,0,42.7,117,-0.1
105642,621114,"Ryan Burr",31,2025,"TOR",2,0,2,1,0,0,0,0,4.07,1.55,95,1,37.5,12.5,0,50,90,0
105739,664076,"Garrett Cleavinger",31,2025,"TB",67,0,61.3,2,6,2,2.35,2.49,3.12,3.51,74,0.95,33.7,7.4,3.7,44.9,69,1.2
105904,664123,"Scott Effross",31,2025,"NYY",11,0,10.7,0,0,0,8.44,8.44,4.87,3.99,106,1.78,11.8,5.9,2,50,108,0
105933,664126,"Pete Fairbanks",31,2025,"TB",61,0,60.3,4,5,27,2.83,3.28,3.89,3.55,92,1.04,24.2,7.4,2.9,44.6,86,0.6
105954,621053,"Tyler Ferguson",31,2025,"ATH",56,0,58,4,2,2,4.66,4.97,5.18,4.05,112,1.33,22,13.8,1.6,36.4,115,-0.3
106036,664139,"Ian Gibaut",31,2025,"CIN",25,0,25.3,0,1,0,4.62,4.62,5.55,4.52,116,1.34,13.8,7.3,2.8,37.2,123,-0.2
106041,656457,"Tyler Gilbert",31,2025,"CWS",46,5,51,4,2,1,3.88,4.24,4.7,3.93,105,1.25,22.8,11.2,2.3,32.1,104,0.1
106140,623474,"Jimmy Herget",31,2025,"COL",59,0,83.3,1,2,0,2.48,2.59,4.48,3.4,99,1.18,23.3,7.5,1.7,34.3,99,0.3
106259,664068,"Scott Kingery",31,2025,"LAA",1,0,2,0,0,0,36,36,4.93,15.05,106,6,5.6,0,11.1,29.4,109,0
106454,656730,"Trevor Megill",31,2025,"MIL",50,0,47,6,3,30,2.49,3.06,3.64,2.58,83,1.13,31.3,8.9,1.6,38.3,81,0.6
106558,621028,"Kevin Newman",31,2025,"LAA",2,0,4,0,0,0,6.75,6.75,5.98,9.55,123,1,0,0,12.5,6.3,133,-0.1
106664,656848,"Michael Petersen",31,2025,,15,0,18,0,0,0,4,5.5,5.41,4.67,111,1.39,21.5,8.9,3.8,27.3,120,-0.1
106989,622253,"Dillon Tate",31,2025,"TOR",6,0,6.3,0,0,0,4.26,4.26,5.22,5.89,112,2.21,23.5,17.6,2.9,26.3,115,0
107018,663423,"Trent Thornton",31,2025,"SEA",33,0,42.3,2,0,0,4.68,4.89,4.83,4.66,108,1.3,17.8,7.8,3.3,43.1,107,0
107058,664285,"Framber Valdez",31,2025,"HOU",31,31,192,13,11,0,3.66,3.84,3.45,3.29,82,1.24,23.3,8.5,1.9,58.3,76,5
107155,664849,"Danny Young",31,2025,"NYM",10,0,8.3,0,0,0,4.32,5.4,3.11,1.54,76,1.44,35.1,8.1,0,60,69,0.2
107263,663399,"Brandon Waddell",31,2025,"NYM",11,1,31.3,0,0,0,3.45,3.45,4.99,4.63,109,1.28,16.4,8.2,3,39,111,-0.1
107502,669854,"Ronel Blanco",31,2025,"HOU",9,9,48.3,3,4,0,4.1,4.1,4.67,4.19,103,1.18,24.1,10.1,3.5,32.8,103,0.6
107838,670329,"Rico Garcia",31,2025,,29,1,34.3,0,2,0,3.15,3.15,3.8,3.66,90,1.19,26.8,7,3.5,46.8,84,0.4
107865,664062,"Tony Gonsolin",31,2025,"LAD",7,7,36,3,2,0,5,5.25,4.86,6.11,104,1.42,24.2,11.5,5.7,38.8,108,0.4
107925,664129,"Geoff Hartlieb",31,2025,,4,0,3.3,0,0,0,21.6,21.6,4.95,13.25,106,4.2,20.8,25,8.3,30.8,110,0
108066,621139,"Brooks Kriske",31,2025,,16,0,18,0,1,0,7.5,7.5,5.68,4.32,113,1.94,20.5,17,1.1,38.2,126,-0.2
108235,621345,"A.J. Minter",31,2025,"NYM",13,0,11,0,0,0,1.64,1.64,3.6,1.77,86,0.91,32.6,9.3,0,48,80,0.2
108406,621363,"Colin Poche",31,2025,,14,0,9.3,1,2,0,12.54,13.5,5.42,6.76,112,2.79,21.2,26.9,1.9,18.5,120,-0.1
108560,669947,"Jesse Scholtens",31,2025,"TB",2,0,8.3,0,1,0,5.4,7.56,3.91,2.81,92,1.44,31.6,7.9,2.6,39.1,87,0.1
108561,670167,"John Schreiber",31,2025,"KC",74,0,64,3,3,1,3.8,4.08,4.49,4.08,101,1.19,23.4,7.2,3.8,39.3,99,0.2
108893,656464,"Kevin Ginkel",31,2025,"AZ",29,0,25.7,1,4,3,7.36,7.71,4.35,3.73,97,1.64,24,10.7,1.7,42.9,96,0.1
109484,676961,"Caleb Boushley",31,2025,"TEX",25,1,43.3,0,0,1,6.02,6.85,4.51,3.76,100,1.57,21.2,7.3,2.6,39.7,100,0.2
109881,621057,"Justin Garza",31,2025,"NYM",5,0,6.7,0,0,0,5.4,5.4,5.31,4.72,113,1.35,10.7,3.6,3.6,37.5,118,0
115326,666974,"Yennier Cano",31,2025,"BAL",65,0,58,3,7,2,5.12,5.59,3.81,4.19,92,1.48,21.1,9.6,2.8,53.5,84,0.7
120131,680837,"Ryan Fitzgerald",31,2025,"MIN",2,0,2.3,0,0,0,0,0,4.82,3.05,106,0.86,0,0,0,22.2,107,0
125761,657649,"Jared Koenig",31,2025,"MIL",72,0,66,6,1,2,2.86,2.86,3.54,3.43,87,1.17,25.4,7.5,2.2,45.5,78,1
130442,682171,"Penn Murfee",31,2025,"CWS",15,0,12.7,0,1,0,7.82,7.82,4.92,5.5,107,1.89,20.6,7.9,4.8,34.1,109,0
142461,684007,"Shota Imanaga",31,2025,"CHC",25,25,144.7,9,8,0,3.73,3.86,5.3,4.95,114,0.99,20.6,4.6,5.5,29.1,117,0.7
150097,702352,"Spencer Bivens",31,2025,"SF",54,0,81,4,3,3,4,4.67,4.45,3.79,102,1.33,17.8,7.3,1.7,52,98,0.3
67148,592836,"Taijuan Walker",32,2025,"PHI",34,21,123.7,5,8,1,4.08,4.51,5.02,5.15,112,1.41,16,7.8,3.9,43.8,111,0.8
67243,593423,"Frankie Montas",32,2025,"NYM",9,7,38.7,3,2,0,6.28,6.75,5.39,5.42,110,1.6,18,7.9,4.5,40.5,119,0.1
67588,593958,"Eduardo Rodriguez",32,2025,"AZ",29,29,154.3,9,9,0,5.02,5.48,4.94,4.66,104,1.54,20.6,8.6,3.6,36.8,109,1.4
68087,596142,"Gary Sánchez",32,2025,"BAL",1,0,1,0,0,0,36,36,5.22,22.05,107,3,0,14.3,14.3,20,116,0
69545,605288,"Adrian Houser",32,2025,,21,21,125,8,5,0,3.31,3.53,4.71,3.72,105,1.28,17.8,7.3,1.9,48.4,104,1.4
70188,608032,"Carlos Estévez",32,2025,"KC",67,0,66,4,5,42,2.45,3,6.08,3.58,123,1.06,20.1,8.2,1.9,24.9,135,-1
70271,605483,"Blake Snell",32,2025,"LAD",11,11,61.3,5,4,0,2.35,3.08,3.48,2.78,80,1.26,28.3,10.2,1.2,47.4,77,1.6
70397,595978,"Austin Hedges",32,2025,"CLE",3,0,3,0,0,0,6,6,4.74,3.38,106,2.33,6.3,6.3,0,35.7,105,0
70429,605130,"Scott Barlow",32,2025,"CIN",75,1,68.3,6,3,1,4.21,4.61,4.79,4.79,104,1.39,24.8,14.9,2.6,43.5,106,0
70445,605242,"Michael Fulmer",32,2025,,3,0,5.7,0,0,0,4.76,4.76,5.53,5.42,117,1.41,13,8.7,4.3,22.2,122,-0.1
70464,605347,"Jorge López",32,2025,"WSH",26,0,24.7,6,0,1,6.57,6.57,4.83,3.46,106,1.26,16.2,5.7,1,46.8,107,0
70485,605452,"Joe Ross",32,2025,"PHI",37,1,51,2,1,0,5.12,5.29,4.79,4.97,106,1.47,17.1,7.9,3.5,44.6,106,0
70543,607179,"Jordan Weems",32,2025,"HOU",4,0,4.3,0,1,0,14.54,14.54,5.85,5.13,118,2.77,0,13,0,25,129,-0.1
70762,596112,"Robert Stephenson",32,2025,"LAA",12,0,10,2,0,0,2.7,3.6,4.83,3.55,104,1,23.8,7.1,2.4,29.6,107,0
70768,547184,"Michael Kelly",32,2025,"ATH",42,0,39.7,4,4,2,3.18,3.86,4.94,4.74,110,1.29,17.5,11.4,3,41,109,-0.1
70798,605540,"Brandon Woodruff",32,2025,"MIL",12,12,64.7,7,2,0,3.2,3.62,3.67,3.25,86,0.91,32.3,5.4,3.5,34,81,1.5
70822,605280,"Clay Holmes",32,2025,"NYM",33,31,165.7,12,8,0,3.53,4.02,4.37,4.19,103,1.3,18.2,9.3,2,55.1,97,2.5
70883,607074,"Carlos Rodón",32,2025,"NYY",33,33,195.3,18,9,0,3.09,3.41,4.03,3.69,95,1.05,25.7,9.3,2.8,43.1,89,3.8
70943,605400,"Aaron Nola",32,2025,"PHI",17,17,94.3,5,10,0,6.01,6.2,4.25,4.66,95,1.35,24,6.9,4.5,42.5,94,1.6
70964,607200,"Erick Fedde",32,2025,,32,24,141,4,13,0,5.49,5.74,6.23,5.28,125,1.52,13.3,10.8,3,39.6,138,-1.1
70966,595897,"Nick Burdi",32,2025,"BOS",4,0,5.3,0,0,0,0,0,4.47,2.3,98,1.31,23.8,9.5,0,57.1,99,0
71017,596001,"Jakob Junis",32,2025,"CLE",57,0,66.7,4,1,0,2.97,3.24,4.38,3.36,102,1.23,20.1,6.6,1.8,39.6,97,0.3
71042,595928,"John Curtiss",32,2025,"AZ",30,0,36.7,3,2,1,3.93,4.42,5.24,4.09,114,0.93,17,3.5,3.5,28.6,116,-0.2
71098,607536,"Kyle Freeland",32,2025,"COL",31,31,162.7,5,17,0,4.98,5.81,5.09,4.27,105,1.42,17.5,5.4,3.1,40.7,113,1.1
71245,596103,"Austin Slater",32,2025,"NYY",1,0,0.7,0,0,0,0,0,4.33,3.05,100,1.5,0,0,0,100,96,0
100945,622491,"Luis Castillo",32,2025,"SEA",32,32,180.7,11,8,0,3.54,3.79,4.39,3.79,101,1.18,21.7,6.2,3.1,40.8,97,2.7
101621,624431,"Jose Trevino",32,2025,"CIN",2,0,2.3,0,0,0,3.86,3.86,5.13,3.65,110,2.14,8.3,8.3,0,10,114,0
102032,592254,"José De León",32,2025,"BOS",1,1,6.7,1,0,0,4.05,4.05,4.68,3.95,102,1.65,28.6,10.7,3.6,29.4,104,0.1
102061,601713,"Nick Pivetta",32,2025,"SD",31,31,181.7,13,5,0,2.87,3.12,4.36,3.58,100,0.99,26.4,6.9,3.1,33.3,96,2.8
103808,605447,"Jordan Romano",32,2025,"PHI",49,0,42.7,2,4,8,8.23,8.44,4.06,5.47,96,1.45,25.1,9.1,5.3,37.5,90,0.4
103809,605513,"Spencer Turnbull",32,2025,"TOR",3,1,6.3,1,1,0,7.11,7.11,5.05,5.73,108,2.53,12.1,12.1,3,48,112,0
104719,656186,"Dan Altavilla",32,2025,"CWS",28,0,29,0,1,2,2.48,2.79,4.87,5.36,109,1.17,17.5,12.5,3.3,50,108,0
104777,656420,"J.P. Feyereisen",32,2025,,4,0,4,0,2,0,11.25,15.75,4.54,8.47,98,3,17.4,4.3,8.7,38.9,101,0
104863,656794,"Sean Newcomb",32,2025,,48,5,92.3,2,5,2,2.73,3.51,3.54,2.95,86,1.35,23.3,7.9,1.3,46,78,1.6
105016,657424,"Matt Gage",32,2025,,33,2,31,0,1,0,3.19,3.19,3.95,2.8,94,1.52,19.7,8.8,0,49,87,0.3
105101,657585,"Reed Garrett",32,2025,"NYM",58,1,55.3,3,6,3,3.9,4.39,4.16,3.55,93,1.32,26.9,10.9,2.1,41.5,92,0.4
105425,656546,"Jeff Hoffman",32,2025,"TOR",71,0,68,9,7,33,4.37,4.5,3.9,4.81,91,1.19,29.3,9.4,5.2,39.5,86,0.7
105736,664199,"Taylor Clarke",32,2025,"KC",51,0,55.3,1,1,1,3.25,3.25,4.38,3.88,99,0.85,21.4,4.4,3.9,44.1,97,0.3
106414,664208,"Phil Maton",32,2025,,63,0,61.3,4,5,5,2.79,3.08,3.26,2.67,78,1.08,32.5,9.6,1.2,44.5,72,1.1
106709,663432,"Tanner Rainey",32,2025,,13,0,9.7,0,1,0,11.17,11.17,4.94,4.01,104,1.76,23.4,19.1,0,50,109,0
106870,642048,"Tayler Saucedo",32,2025,"SEA",10,0,13.3,0,0,0,7.43,8.1,3.82,4.77,92,1.88,18.2,9.1,3,57.4,85,0.2
106950,605488,"Jeffrey Springs",32,2025,"ATH",32,30,171,11,11,0,4.11,4.74,5.43,4.56,114,1.21,19.4,7.6,3.9,30.9,120,0.4
107792,670036,"Matt Festa",32,2025,"CLE",63,0,54.7,5,4,0,4.12,4.77,4.01,3.05,94,1.08,24.8,6.6,1.8,39.3,89,0.5
108123,664192,"Joey Lucchesi",32,2025,"SF",38,0,38.3,0,1,0,3.76,3.99,3.98,4.06,93,1.23,18.8,7.3,2.4,51.7,88,0.4
109041,670950,"Trevor Richards",32,2025,,5,0,5.7,0,0,0,7.94,7.94,5.82,2.41,105,2.29,17.2,6.9,0,31.8,129,-0.1
109203,606996,"Kyle Hart",32,2025,"SD",20,6,43,3,3,0,5.86,5.86,5.15,5.27,111,1.19,20.7,7.3,5,30.7,114,0.1
109313,669920,"Jason Alexander",32,2025,,18,13,77.3,4,2,1,4.77,5.24,4.74,5.01,105,1.37,19.3,7.7,4.5,43.8,105,0.8
136521,673540,"Kodai Senga",32,2025,"NYM",22,22,113.3,7,6,0,3.02,3.49,4.82,4.21,101,1.31,22.6,11.4,2.5,46.7,107,1.1
147894,691094,"Randy Wynne",32,2025,"CIN",1,0,3,0,0,1,3,3,4.93,6.55,107,1.33,23.1,7.7,7.7,33.3,109,0
59660,571771,"Enrique Hernández",33,2025,"LAD",5,0,5.3,0,0,0,15.19,18.56,6.41,9.78,121,3.56,2.7,21.6,2.7,42.9,142,-0.1
66311,570632,"José Ureña",33,2025,,19,6,55,0,1,1,4.58,4.75,6.07,5.14,123,1.45,13.9,9.4,3.3,35.7,134,-0.6
67083,592662,"Robbie Ray",33,2025,"SF",32,32,182.3,11,8,0,3.65,4,4.63,4.02,101,1.21,24.6,9.7,2.9,36,103,2.2
67560,593833,"Wander Suero",33,2025,"ATL",5,0,6.3,0,0,0,11.37,11.37,4.54,9.06,103,2.21,21.9,12.5,9.4,33.3,100,0
67604,593974,"Wandy Peralta",33,2025,"SD",71,1,71.7,6,1,0,3.14,3.64,3.89,3.71,94,1.34,20.1,9.6,1.6,58.7,86,0.8
68444,547179,"Michael Lorenzen",33,2025,"KC",27,26,141.7,7,11,0,4.64,4.83,5.22,4.5,107,1.33,21,6.4,4.1,39.2,116,0.8
68490,592094,"Jason Adam",33,2025,"SD",65,0,65.3,8,4,0,1.93,2.48,3.97,3.16,93,1.15,25.9,9.3,1.5,43.3,88,0.6
68564,592351,"Jon Gray",33,2025,"TEX",6,0,14,1,1,0,7.71,7.71,5.79,7.26,120,1.5,19,9.5,7.9,17.8,128,-0.2
68592,592426,"Luke Jackson",33,2025,,52,0,51,2,5,9,4.06,5.29,4.98,4.4,112,1.35,17.4,12.8,1.8,50.7,110,-0.1
68691,592773,"Ryne Stanek",33,2025,"NYM",65,0,56,4,6,3,5.3,6.27,5.38,4.49,110,1.57,22.7,12.5,2.7,32.7,119,-0.4
68692,592779,"Brock Stewart",33,2025,,43,0,37.7,2,2,0,2.63,2.63,3.98,3.12,92,1.19,27.7,8.2,1.9,36.7,88,0.4
68694,592791,"Jameson Taillon",33,2025,"CHC",23,23,129.7,11,7,0,3.68,3.75,5.45,4.74,116,1.06,18.9,5.2,4.6,33.8,121,0.4
68781,594902,"Ben Lively",33,2025,"CLE",9,9,44.7,2,2,0,3.22,3.22,6.14,4.5,125,1.19,16.3,8.4,3.4,30.6,136,-0.2
68933,595345,"Steven Okert",33,2025,"HOU",68,1,71.7,3,2,1,3.01,3.14,3.92,2.67,92,0.89,30.4,6.9,2.2,23.4,87,0.7
70486,605463,"Tayler Scott",33,2025,,24,0,27.3,1,2,0,7.9,8.23,5.22,6.29,109,1.9,17.9,13.4,4.5,41.8,116,-0.1
71343,605218,"Carl Edwards Jr.",33,2025,,4,0,6,0,0,0,4.5,4.5,4.24,4.72,99,1.17,25,12.5,4.2,40,94,0
100206,592866,"Trevor Williams",33,2025,"WSH",17,17,82.7,3,10,0,6.21,6.42,5.63,4.21,112,1.54,17.4,5.6,2.9,33,125,0.1
100612,621381,"Matt Strahm",33,2025,"PHI",66,0,62.3,2,3,6,2.74,3.18,4.46,3.08,99,1.07,27.3,7.8,2,20.1,99,0.2
102028,592155,"Cam Booser",33,2025,"CWS",39,0,31,2,4,1,5.52,6.39,4.86,6.18,104,1.52,24.5,13.3,5.6,28.7,108,0
102052,594580,"Sam Moll",33,2025,"CIN",23,0,18.3,1,0,0,6.38,7.85,4.05,5.29,92,1.42,27.2,12.3,4.9,34.7,90,0.2
102428,640448,"Kyle Finnegan",33,2025,,56,0,57,4,4,24,3.47,3.79,3.9,3.15,92,1.11,24,7.9,1.7,48.1,86,0.6
102658,641835,"Tim Mayza",33,2025,,15,0,16.7,0,0,0,3.78,3.78,3.97,4.24,95,1.32,20.3,6.8,2.7,53.8,88,0.2
102770,642152,"Lou Trivino",33,2025,,47,2,47.7,3,2,0,3.97,4.34,5.35,4.82,114,1.34,17.9,8.7,2.9,32.9,119,-0.3
102796,642239,"Rob Zastryzny",33,2025,"MIL",26,1,22,2,1,0,2.45,2.86,4.22,4.68,97,1.18,21.5,10.8,3.2,40.3,94,0.2
103721,640455,"Sean Manaea",33,2025,"NYM",15,12,60.7,2,4,0,5.64,5.64,3.56,4.47,84,1.22,28.5,4.6,4.9,35.5,79,1.4
103842,621383,"Tanner Banks",33,2025,"PHI",69,1,67.3,6,2,1,3.07,3.21,3.94,3.73,94,1.01,22.8,4.5,3.4,36.3,87,0.7
103929,642232,"Ryan Yarbrough",33,2025,"NYY",19,8,64,3,1,1,4.36,4.36,4.63,4.96,106,1.2,20.8,7.2,4.9,38.8,103,0.5
104735,656257,"Jeff Brigham",33,2025,"AZ",4,0,3.3,0,0,0,8.1,8.1,5.45,6.22,112,2.4,16.7,5.6,5.6,21.4,121,0
104928,657044,"Ryan Thompson",33,2025,"AZ",48,0,41.3,3,2,1,3.92,4.57,3.99,3.83,95,1.33,20.6,7.4,2.3,49.2,88,0.4
104993,657240,"Julian Merryweather",33,2025,"CHC",21,0,18.7,0,1,0,5.79,6.27,5.13,4.77,107,1.82,17,12.5,2.3,43.5,114,-0.1
105056,657514,"Brennan Bernardino",33,2025,"BOS",55,3,51.7,4,3,1,3.14,4.01,4.38,3.38,102,1.28,19.1,12,0.4,49,97,0.3
110477,672391,"Kaleb Ort",33,2025,"HOU",49,0,46,2,2,1,4.89,5.09,4.51,4.94,102,1.35,25.3,13.9,4.1,41.4,100,0.1
58533,527048,"Martín Pérez",34,2025,"CWS",11,10,56,1,6,0,3.54,3.7,5.23,4.16,112,1.11,19.3,9.6,2.6,38.8,116,0.3
59592,571466,"Tucker Barnhart",34,2025,"TEX",1,0,2,0,0,0,13.5,13.5,4.65,4.55,104,2.5,0,0,0,60,103,0
60626,571946,"Shelby Miller",34,2025,,48,0,46,4,3,10,2.74,3.33,4.08,3.53,93,1.04,29,8.1,2.7,33.6,90,0.4
66174,554340,"Yimi García",34,2025,"TOR",22,0,21,1,2,3,3.86,4.29,4.45,3.76,99,1.19,27.8,13.3,2.2,42.3,98,0.1
66214,554431,"Tyler Matzek",34,2025,"NYY",7,0,6.3,0,0,0,4.26,4.26,4.54,3.21,101,2.53,20,14.3,0,30.4,101,0
68557,592332,"Kevin Gausman",34,2025,"TOR",32,32,193,10,11,0,3.59,3.68,4.41,3.33,100,1.06,24.4,6.5,2.7,36.5,98,2.9
68565,643338,"Chad Green",34,2025,"TOR",45,0,43.7,3,2,1,5.56,5.77,5.09,6.64,115,1.47,18.4,6.8,7.4,33.6,113,-0.2
69637,606160,"Rafael Montero",34,2025,,59,0,60.3,1,2,0,4.48,5.07,4.74,4.15,106,1.31,22.9,14.6,2,48.1,105,0
69887,607259,"Nick Martinez",34,2025,"CIN",40,26,165.7,11,14,0,4.45,4.67,5.03,4.42,109,1.21,17,6.1,3.2,38,111,1
70293,542888,"Shawn Armstrong",34,2025,"TEX",71,2,74,4,3,9,2.31,2.55,4.17,2.98,97,0.81,26.1,7,1.8,35.9,92,0.6
70361,571948,"Hoby Milner",34,2025,"TEX",73,0,70.3,3,4,0,3.84,4.48,3.8,3.3,94,1.27,19.8,7.2,1.7,51.4,84,0.8
70371,573186,"Marcus Stroman",34,2025,"NYY",9,9,39,3,2,0,6.23,6.23,5.29,5.1,112,1.54,14.9,9.1,3.4,47.3,117,0.2
70437,605182,"Mike Clevinger",34,2025,"CWS",8,0,5.7,0,2,0,7.94,7.94,6,6.23,118,2.29,9.7,25.8,0,50,133,-0.1
70514,606965,"Chris Devenski",34,2025,"NYM",13,1,16.7,0,0,0,2.16,2.16,4.38,3.58,100,0.9,21.5,7.7,1.5,45.5,97,0.1
70641,608379,"Michael Wacha",34,2025,"KC",31,31,172.7,10,13,0,3.86,3.86,5.17,3.57,111,1.22,17.6,6.3,2.1,35.9,114,1.1
99821,571927,"Steven Matz",34,2025,,53,2,76.7,5,2,2,3.05,3.64,3.58,3.5,92,1.1,19.1,3.6,2.6,46,79,1.2
99839,572955,"Pierce Johnson",34,2025,"ATL",65,0,59,3,3,1,3.05,3.2,4.57,4,101,1.2,24.8,8,3.4,34.6,101,0.2
99874,571760,"Andrew Heaney",34,2025,,27,23,122.3,5,10,0,5.52,5.66,5.6,5.67,115,1.38,16,7.5,4.7,36.4,124,0.1
99953,573262,"Mike Yastrzemski",34,2025,"SF",1,0,1,0,0,0,18,18,3.9,9.22,95,3,0,14.3,0,60,86,0
99954,573124,"Taylor Rogers",34,2025,,57,0,50.7,3,2,0,3.38,4.44,3.96,4.46,93,1.38,24,10.4,3.2,40.8,88,0.5
100036,571912,"Luke Maile",34,2025,"KC",1,0,1,0,0,0,0,0,6.05,6.05,122,1,0,25,0,33.3,134,0
100110,573009,"Joe Mantiply",34,2025,"AZ",10,0,9.7,0,1,0,15.83,15.83,4.1,9.53,96,3,13.8,5.2,8.6,41.3,91,0.1
100171,571657,"Kyle Farmer",34,2025,"COL",1,0,1,0,0,0,9,9,4.4,16.22,102,3,0,0,20,20,97,0
100294,608650,"Dietrich Enns",34,2025,,24,3,46.3,3,3,2,4.08,4.86,3.84,3.59,89,1.4,24.5,7.5,3,39,85,0.6
100300,608671,"Travis Jankowski",34,2025,"NYM",1,0,1,0,0,0,18,18,5.38,9.22,110,3,0,16.7,0,25,119,0
100323,608717,"Chris Stratton",34,2025,,15,0,21,0,0,0,7.71,8.57,4.38,4.89,98,2,21.2,9.6,3.8,48.6,97,0.1
100544,621199,"Matt Bowman",34,2025,"BAL",20,0,24.7,0,1,0,6.2,6.57,5.29,4.67,111,1.5,15.8,5.3,3.5,34.1,117,-0.1
101250,623168,"Tyler Heineman",34,2025,"TOR",3,0,3.3,0,0,0,32.4,32.4,6.12,8.75,115,4.5,0,0,3.7,40,135,-0.1
102011,571510,"Matthew Boyd",34,2025,"CHC",31,31,179.7,14,8,0,3.21,3.46,4.38,3.73,100,1.09,21.4,5.8,2.6,37.6,97,2.7
102077,608665,"Kendall Graveman",34,2025,"AZ",19,0,17.7,1,0,0,7.13,7.13,5.69,5.88,118,1.98,11,14.6,2.4,41.7,126,-0.2
102190,623437,"Justin Topa",34,2025,"MIN",54,1,60,1,5,4,3.9,4.8,4.38,2.95,99,1.43,18.3,6.7,0.7,46.7,97,0.3
102634,641755,"Tyler Kinley",34,2025,,73,0,72.7,6,3,3,3.96,4.33,5.24,3.77,109,1.18,23.7,10.7,1.9,32.7,116,-0.4
102705,641941,"Emilio Pagán",34,2025,"CIN",70,0,68.7,2,4,32,2.88,3.41,4.28,3.8,98,0.92,30,8.1,3.7,28.5,95,0.4
103395,643361,"Kevin Herget",34,2025,,7,0,13,0,0,0,2.77,3.46,5.89,3.45,120,1.31,10.7,8.9,0,33.3,130,-0.2
103426,643410,"Mark Leiter Jr.",34,2025,"NYY",59,0,48.3,6,7,2,4.84,5.77,4.24,3.46,92,1.53,24.7,7.8,2.3,46.5,94,0.3
103494,643511,"Tyler Rogers",34,2025,,81,0,77.3,4,6,0,1.98,2.33,3.58,2.96,93,0.94,16.1,2.3,1.3,60.7,79,1.1
107196,623433,"Nick Anderson",34,2025,"COL",12,0,14.7,0,0,0,6.14,6.14,4.99,5.13,109,1.36,16.1,4.8,4.8,34.7,111,0
108282,667297,"Tommy Nance",34,2025,"TOR",30,0,31.7,2,0,0,1.99,3.13,3.69,1.79,87,1.01,25.4,5.6,0,52.3,82,0.4
125512,579328,"Yusei Kikuchi",34,2025,"LAA",33,33,178.3,7,11,0,3.99,4.39,4.43,4.14,97,1.42,22.5,9.6,3.1,39.5,98,2.6
138046,663158,"Robert Suarez",34,2025,"SD",70,0,69.7,4,6,40,2.97,3.1,3.97,2.96,92,0.9,27.9,5.9,2.2,35.8,88,0.7
55769,518585,"Fernando Cruz",35,2025,"NYY",49,0,48,3,4,2,3.56,3.94,3.69,3.09,79,1.19,36,12,2.5,38.6,82,0.6
57820,543135,"Nathan Eovaldi",35,2025,"TEX",22,22,130,11,3,0,1.73,1.94,3.33,2.71,81,0.85,26,4.2,2,49.7,74,3.5
58343,543391,"Casey Kelly",35,2025,"AZ",2,0,1.7,0,0,0,0,0,4.69,5.02,103,1.2,0,16.7,0,40,104,0
58715,544150,"Albert Suárez",35,2025,"BAL",5,1,11.7,2,0,0,2.31,3.09,4.73,2.11,97,0.94,22.7,4.5,0,41.9,105,0
58750,543859,"Michael Tonkin",35,2025,"MIN",21,0,24,2,1,0,4.88,4.88,5.42,4.72,115,1.17,18.4,7.8,2.9,32.4,120,-0.2
59012,541640,"Erasmo Ramírez",35,2025,"MIN",9,0,11,0,1,1,2.45,3.27,5.57,5.05,116,1.09,11.9,4.8,4.8,37.1,123,-0.1
59541,552640,"Andrew Kittredge",35,2025,,54,0,53,4,3,5,3.4,3.74,3.29,3.04,78,0.98,30.8,5.3,3.4,48.9,73,0.9
59626,571578,"Patrick Corbin",35,2025,"TEX",31,30,155.3,7,11,0,4.4,4.58,5.02,4.16,106,1.36,19.8,7.7,3.2,38.7,111,1.2
61025,476594,"Robert Stock",35,2025,"BOS",2,0,2.7,0,0,0,10.13,10.13,4.98,11.67,112,3,6.7,26.7,6.7,30,110,0
65851,518397,"Scott Alexander",35,2025,,21,0,17.7,1,1,0,6.11,6.11,4.97,7.69,108,1.81,9.9,11.1,6.2,50.8,110,0
65947,542881,"Tyler Anderson",35,2025,"LAA",26,26,136.3,2,8,0,4.56,4.82,6.68,5.51,125,1.41,17.4,9.5,4.7,29.2,148,-1.5
66213,554430,"Zack Wheeler",35,2025,"PHI",24,24,149.7,10,5,0,2.71,2.89,3.04,3.09,72,0.94,33.3,5.6,3.2,41.3,67,4.6
67028,592454,"Tommy Kahnle",35,2025,"DET",66,0,63,1,5,9,4.43,4.57,5.15,4.64,111,1.3,18.7,11.6,3,47.6,114,-0.3
68419,534910,"Jesse Hahn",35,2025,"SEA",3,0,5,0,1,0,5.4,7.2,4.72,8.05,101,2.2,12,20,4,68.8,104,0
69159,542932,"Jon Berti",35,2025,"CHC",4,0,3.7,0,0,0,7.36,7.36,6.61,6.49,127,2.18,0,21.1,0,13.3,146,-0.1
69172,543294,"Kyle Hendricks",35,2025,"LAA",31,31,164.7,8,10,0,4.76,5.03,5.28,4.51,114,1.28,16.4,6.2,3.6,38.6,117,0.8
69177,543518,"Scott McGough",35,2025,,13,0,16,0,0,0,6.75,6.75,5.01,5.88,108,1.56,21.3,9.3,5.3,33.3,111,0
69837,606930,"Jacob Barnes",35,2025,"TOR",6,0,8,0,1,0,9,10.13,5.05,4.55,110,1.63,13.9,8.3,2.8,39.3,112,0
69856,607067,"Colin Rea",35,2025,"CHC",32,27,159.3,11,7,1,3.95,4.12,4.77,4.2,106,1.25,19.2,6.6,3,39,106,1.5
70069,607625,"Seth Lugo",35,2025,"KC",26,26,145.3,8,7,0,4.15,4.33,5.59,5,117,1.29,20.5,9,4.4,38.6,124,0.2
70306,543243,"Sonny Gray",35,2025,"STL",32,32,180.7,14,8,0,4.28,4.63,3.43,3.48,83,1.23,26.7,5,3.3,44.7,76,4.7
70432,605154,"John Brebbia",35,2025,,22,0,23.3,1,1,0,7.71,8.87,5.15,5.7,107,1.71,22.6,10.4,4.3,31.9,114,-0.1
70436,605177,"Andrew Chafin",35,2025,,42,0,33.7,1,1,0,2.41,2.94,4.12,3.48,91,1.43,25.2,13.3,1.4,45.5,91,0.3
70637,608372,"Tomoyuki Sugano",35,2025,"BAL",30,30,157,10,10,0,4.64,4.87,5.43,5.27,117,1.33,15.7,5.3,4.9,40.6,120,0.5
70803,543101,"Anthony DeSclafani",35,2025,"AZ",13,4,38.7,1,2,2,5.12,5.35,4.38,6.38,98,1.27,21.3,7.1,6.5,42.2,97,0.3
71054,543592,"Austin Nola",35,2025,"COL",1,0,1,0,0,0,72,72,6.24,29.22,111,8,0,0,18.2,9.1,138,0
71213,607732,"Jacob Stallings",35,2025,"COL",1,0,2,0,0,0,4.5,4.5,5.17,2.22,108,1,12.5,0,0,42.9,114,0
99616,543056,"Danny Coulombe",35,2025,,55,1,43,2,1,2,2.3,2.3,4.03,3.21,95,1.16,24.4,10.2,1.7,39.1,89,0.4
100324,608718,"Brent Suter",35,2025,"CIN",48,3,67.7,1,2,0,4.52,5.05,4.03,4.65,97,1.29,18.2,6.2,3.8,43.6,89,0.7
101231,623149,"Paul Sewald",35,2025,,22,0,19.7,1,1,2,4.58,5.03,5.54,4.57,117,1.22,24.7,7.4,4.9,14.5,123,-0.2
101287,623211,"Huascar Brazobán",35,2025,"NYM",52,3,63,5,2,2,3.57,4.14,3.98,4.13,94,1.24,21.8,10.3,2.3,50.6,88,0.6
102294,628452,"Raisel Iglesias",35,2025,"ATL",70,0,67.3,4,6,29,3.21,3.34,4.37,3.44,99,1.01,27.3,6.4,3,32,97,0.3
102757,642121,"Cole Sulser",35,2025,"TB",18,0,22.7,2,1,0,1.99,1.99,4.11,2.61,95,1.19,24.4,7.8,1.1,41,91,0.2
105123,657612,"Tim Hill",35,2025,"NYY",70,0,67,4,4,0,3.09,3.63,3.66,4.21,97,1.1,13.8,5.9,3,63.7,81,0.9
51611,500743,"Miguel Rojas",36,2025,"LAD",4,0,5,0,0,0,12.6,12.6,5.74,12.82,117,2.6,0,7.1,10.7,36,127,-0.1
51645,500779,"Jose Quintana",36,2025,"MIL",24,24,131.7,11,7,0,3.96,4.44,5.47,4.9,118,1.29,16,9,3.2,42.2,121,0.3
56426,521230,"Liam Hendriks",36,2025,"BOS",14,0,13.7,0,2,0,6.59,7.24,5.52,4.95,115,1.39,20.3,11.9,3.4,28.2,122,-0.1
57557,519326,"Hunter Strickland",36,2025,"LAA",19,0,22,1,2,1,3.27,3.68,5.47,4.32,116,1.23,15.4,11,2.2,32.8,121,-0.2
58436,519008,"T.J. McFarland",36,2025,"ATH",27,0,15.7,0,0,0,6.89,6.89,4.18,4.58,99,1.85,9.5,4.1,2.7,60.3,93,0.1
58552,519151,"Ryan Pressly",36,2025,"CHC",44,0,41.3,2,3,5,4.35,5.23,4.62,5.13,104,1.52,15.4,9.3,3.3,51.5,102,0.1
60625,571945,"Miles Mikolas",36,2025,"STL",31,31,156.3,8,11,0,4.84,5.01,5.52,5.12,117,1.32,14.9,5.5,4.3,40.1,122,0.3
65751,519242,"Chris Sale",36,2025,"ATL",21,20,125.7,7,5,0,2.58,2.72,3.17,2.76,75,1.07,32.4,6.3,2.2,39.4,70,3.6
65879,518876,"Merrill Kelly",36,2025,,32,32,184,12,9,0,3.52,3.86,4.18,3.79,96,1.11,22.3,6.4,3.1,42.9,93,3.2
67355,593576,"Héctor Neris",36,2025,,35,0,26.7,3,2,0,6.75,8.44,4.69,5.27,101,1.69,28.2,12.9,4.8,25,104,0
68404,519141,"Drew Pomeranz",36,2025,"CHC",57,4,49.7,2,2,1,2.17,2.54,3.76,3.44,90,1.07,28.1,7.4,2.5,38.9,83,0.6
69516,605135,"Chris Bassitt",36,2025,"TOR",32,31,170.3,11,9,0,3.96,4.23,4.26,3.92,95,1.33,22.6,7.1,3,45.9,94,2.8
47965,445276,"Kenley Jansen",37,2025,"LAA",62,0,59,5,4,29,2.59,2.75,5.06,3.9,110,0.95,24.4,8.1,3.4,26.8,112,-0.2
49786,477132,"Clayton Kershaw",37,2025,"LAD",23,22,112.7,11,2,0,3.36,3.67,4.4,3.64,100,1.22,18.1,7.6,1.7,47.7,97,1.7
53014,547973,"Aroldis Chapman",37,2025,"BOS",67,0,61.3,5,3,32,1.17,1.32,3.1,1.65,71,0.7,37.3,6.6,1.3,38.3,69,1.2
55617,518489,"Ryan Brasier",37,2025,"CHC",28,1,26,0,1,0,4.5,4.5,4.53,3.26,102,1.23,19,4.8,1.9,40,100,0.1
58350,518886,"Craig Kimbrel",37,2025,,14,0,12,0,1,0,2.25,3,4.36,4.14,98,1.42,34.7,14.3,4.1,28,96,0.1
59179,458677,"Justin Wilson",37,2025,"BOS",61,0,48.3,4,1,0,3.35,4.1,3.45,2.86,84,1.41,27.5,9.7,1.4,45.3,76,0.7
59507,548384,"Brooks Raley",37,2025,"NYM",30,0,25.7,3,1,0,2.45,2.45,4.15,2.21,98,0.78,25.3,6.1,0,33.3,92,0.2
65801,502043,"Kyle Gibson",37,2025,"BAL",4,4,12.3,0,3,0,16.78,16.78,5.24,10.51,106,2.92,13.7,9.6,9.6,48.2,116,0.1
67740,594798,"Jacob deGrom",37,2025,"TEX",30,30,172.7,12,8,0,2.97,2.97,3.77,3.56,92,0.92,27.7,5.5,3.9,37.6,84,3.8
68099,596271,"Casey Lawrence",37,2025,,6,0,17.7,1,2,0,4.08,7.64,5.39,4.07,115,1.53,8.8,1.3,2.5,39.4,119,-0.1
68804,595014,"Blake Treinen",37,2025,"LAD",32,0,26.7,2,7,2,5.4,6.08,4.76,4.83,101,1.84,27.9,14.7,3.1,34.7,105,0
102254,628317,"Kenta Maeda",37,2025,"DET",7,0,8,0,0,0,7.88,9,6.16,6.05,110,1.88,18.6,14,2.3,40,136,-0.1
47229,471911,"Carlos Carrasco",38,2025,,11,9,45.7,2,2,0,7.09,7.09,6.09,5.58,120,1.71,16,8,4.7,34.8,135,-0.3
49727,472610,"Luis García",38,2025,,58,0,55.3,2,2,2,3.42,3.74,4.73,3.31,100,1.46,20.6,11.2,0.9,48.4,105,0
53155,506433,"Yu Darvish",38,2025,"SD",15,15,72,5,5,0,5.38,5.5,4.45,4.9,100,1.18,23,6.4,4.7,39.4,99,1
58453,489119,"Wade Miley",38,2025,"CIN",3,2,12,1,0,0,6.75,6.75,6.14,7.05,119,1.75,12.7,10.9,5.5,35,136,-0.1
59239,489446,"Kirby Yates",38,2025,"LAD",50,0,41.3,4,3,3,5.23,5.66,4.55,4.91,97,1.35,29.1,10.1,5,29.6,101,0.1
60922,573204,"Caleb Thielbar",38,2025,"CHC",67,0,58,3,4,1,2.64,2.64,3.61,3.08,88,0.88,25.5,5.9,2.3,39.7,80,0.8
51434,493603,"Adam Ottavino",39,2025,"NYY",3,0,1.7,0,0,0,0,0,4.76,6.65,108,2.4,33.3,44.4,0,0,105,0
54159,455119,"Chris Martin",39,2025,"TEX",49,0,42.3,2,6,2,2.98,3.83,3.7,3.43,89,1.18,24.9,4,3.5,43.4,82,0.5
56753,453286,"Max Scherzer",40,2025,"TOR",17,17,85,5,5,0,5.19,5.19,6,4.91,118,1.29,22.9,6.4,5.3,27.5,133,-0.3
57235,502085,"David Robertson",40,2025,"PHI",20,0,17.7,2,0,2,4.08,4.58,3.97,5.03,92,1.47,28.2,10.3,5.1,43.8,88,0.2
47279,445926,"Jesse Chavez",41,2025,"ATL",4,0,8,0,1,0,9,9,5.48,9.6,115,2.38,18.6,11.6,9.3,23.3,121,-0.1
48258,450203,"Charlie Morton",41,2025,,33,27,142,9,11,0,5.83,5.96,4.83,4.87,102,1.58,22.8,11,3.5,43.4,107,1.2
45613,434378,"Justin Verlander",42,2025,"SF",29,29,152,4,11,0,3.85,4.38,5.53,3.93,113,1.36,20.7,7.9,2.4,34.3,122,0.3
36959,448179,"Rich Hill",45,2025,"KC",2,2,9,0,2,0,5,7,5.43,7.72,113,1.89,9.3,18.6,4.7,48.4,120,0