mlbam_id,name,n_pitches,p_swing,p_whiff,p_foul,p_in_play,p_hr,p_cs,p_ball,p_hbp,pitching_xrv,pitching_plus
547973,Aroldis Chapman,917,0.5378,0.4346,0.3614,0.2040,0.0076,0.4940,0.5054,0.0007,-0.0155,127.4714
656730,Trevor Megill,753,0.5335,0.4140,0.3443,0.2417,0.0090,0.4963,0.5033,0.0004,-0.0152,126.9000
670766,Darren McCaughan,86,0.5775,0.2697,0.3672,0.3631,0.0149,0.6019,0.3979,0.0002,-0.0124,122.2985
621114,Ryan Burr,39,0.4793,0.5023,0.2485,0.2492,0.0080,0.3900,0.6099,0.0000,-0.0124,122.2716
689520,Cody Laweryson,93,0.5424,0.2946,0.3822,0.3231,0.0143,0.5747,0.4252,0.0001,-0.0122,121.9916
640462,A.J. Puk,156,0.5451,0.3958,0.3601,0.2441,0.0102,0.5257,0.4676,0.0068,-0.0115,120.8430
669093,Jeremiah Estrada,1236,0.5155,0.4539,0.3419,0.2042,0.0087,0.4752,0.5241,0.0008,-0.0111,120.1816
668881,Hunter Greene,1748,0.5602,0.4133,0.3506,0.2361,0.0092,0.5230,0.4757,0.0013,-0.0109,119.8310
643377,Griffin Jax,1093,0.5200,0.4189,0.3118,0.2693,0.0087,0.4693,0.5286,0.0021,-0.0106,119.3733
672282,Reid Detmers,1083,0.5032,0.3630,0.3614,0.2756,0.0105,0.5118,0.4871,0.0011,-0.0106,119.3670
686249,Nathan Wiles,24,0.5393,0.3467,0.3572,0.2962,0.0115,0.5419,0.4575,0.0006,-0.0105,119.1921
656945,Tanner Scott,911,0.5354,0.4228,0.3416,0.2356,0.0096,0.5003,0.4976,0.0021,-0.0101,118.4997
669373,Tarik Skubal,2849,0.5204,0.3623,0.3487,0.2890,0.0093,0.5280,0.4707,0.0013,-0.0100,118.3903
663462,Isaiah Campbell,109,0.5497,0.3332,0.3408,0.3260,0.0110,0.5814,0.4175,0.0011,-0.0097,117.8041
663158,Robert Suarez,1076,0.5508,0.3530,0.3823,0.2647,0.0092,0.5230,0.4758,0.0013,-0.0095,117.5246
695505,Chase Burns,764,0.5434,0.4216,0.3488,0.2297,0.0081,0.4902,0.5097,0.0001,-0.0095,117.5094
594798,Jacob deGrom,2614,0.5157,0.4320,0.3205,0.2475,0.0091,0.4966,0.5026,0.0008,-0.0095,117.4710
673965,Caleb Freeman,70,0.5171,0.3452,0.3661,0.2887,0.0120,0.5321,0.4677,0.0002,-0.0092,116.9804
694819,Jacob Misiorowski,1164,0.5340,0.4053,0.3521,0.2426,0.0087,0.5142,0.4829,0.0028,-0.0089,116.5406
642207,Devin Williams,1113,0.4892,0.4520,0.3365,0.2115,0.0085,0.4406,0.5574,0.0020,-0.0086,116.0003
671922,Cade Smith,1182,0.5284,0.4041,0.3663,0.2297,0.0092,0.4997,0.4983,0.0020,-0.0083,115.5654
691799,Grant Taylor,610,0.4903,0.3652,0.3626,0.2722,0.0096,0.5351,0.4649,0.0001,-0.0081,115.1999
661403,Emmanuel Clase,746,0.5312,0.3983,0.3307,0.2710,0.0084,0.5216,0.4748,0.0036,-0.0081,115.1780
670970,Adrian Morejon,999,0.4959,0.3107,0.3686,0.3207,0.0081,0.5349,0.4623,0.0028,-0.0080,115.0283
678495,Randy Rodríguez,808,0.4918,0.4134,0.3486,0.2380,0.0105,0.5101,0.4868,0.0030,-0.0079,114.9692
696136,Jordan Wicks,217,0.5243,0.3845,0.3210,0.2945,0.0110,0.5247,0.4749,0.0004,-0.0076,114.3801
656458,Lucas Gilbreath,18,0.5327,0.3795,0.2884,0.3322,0.0120,0.4719,0.5275,0.0007,-0.0076,114.3715
661395,Jhoan Duran,1073,0.5185,0.3917,0.3336,0.2747,0.0075,0.4933,0.5030,0.0038,-0.0074,114.1561
689958,Andrew Walters,29,0.5225,0.4022,0.3486,0.2492,0.0123,0.5450,0.4533,0.0017,-0.0074,114.1497
552640,Andrew Kittredge,768,0.5200,0.3616,0.3175,0.3209,0.0091,0.4821,0.5167,0.0013,-0.0073,113.8526
682995,Hunter Barco,46,0.4982,0.3930,0.3415,0.2655,0.0092,0.5231,0.4758,0.0011,-0.0072,113.6902
643511,Tyler Rogers,978,0.5289,0.2406,0.3620,0.3974,0.0090,0.6205,0.3779,0.0016,-0.0072,113.6893
664854,Ryan Helsley,979,0.5176,0.4190,0.3235,0.2575,0.0093,0.5011,0.4983,0.0006,-0.0071,113.6451
686973,Louis Varland,1066,0.4943,0.4017,0.3256,0.2727,0.0102,0.5224,0.4766,0.0009,-0.0070,113.3415
680885,Spencer Schwellenbach,1573,0.5373,0.3542,0.3447,0.3010,0.0110,0.5324,0.4663,0.0012,-0.0068,113.1099
695243,Mason Miller,971,0.4907,0.4499,0.3325,0.2176,0.0084,0.4462,0.5521,0.0017,-0.0068,113.0823
642100,Gabe Speier,891,0.5112,0.3327,0.3730,0.2943,0.0105,0.5044,0.4924,0.0032,-0.0066,112.7908
660271,Shohei Ohtani,753,0.5177,0.4058,0.3314,0.2628,0.0107,0.5094,0.4899,0.0007,-0.0066,112.7379
689147,Orion Kerkering,1073,0.4826,0.3612,0.3594,0.2794,0.0099,0.5248,0.4719,0.0032,-0.0065,112.5972
554430,Zack Wheeler,2393,0.5183,0.3778,0.3596,0.2626,0.0095,0.4700,0.5269,0.0031,-0.0065,112.5840
677865,Justin Bruihl,219,0.4455,0.2622,0.3490,0.3888,0.0114,0.5688,0.4257,0.0056,-0.0065,112.5605
686654,Ty Adcock,82,0.5624,0.2960,0.3885,0.3155,0.0108,0.5628,0.4329,0.0043,-0.0065,112.5188
621237,José Alvarado,457,0.4420,0.3902,0.3607,0.2491,0.0074,0.4715,0.5256,0.0028,-0.0064,112.3469
596112,Robert Stephenson,147,0.5184,0.4800,0.2768,0.2432,0.0114,0.4969,0.5020,0.0010,-0.0063,112.2850
656848,Michael Petersen,327,0.5376,0.4123,0.3408,0.2469,0.0098,0.4708,0.5286,0.0005,-0.0063,112.2135
664126,Pete Fairbanks,972,0.5063,0.3116,0.3861,0.3023,0.0113,0.5347,0.4649,0.0004,-0.0062,112.1487
623352,Josh Hader,847,0.4924,0.4560,0.3376,0.2064,0.0095,0.4556,0.5418,0.0026,-0.0062,112.1241
694037,Daniel Palencia,841,0.5102,0.3797,0.3753,0.2450,0.0102,0.5138,0.4846,0.0016,-0.0060,111.7114
683618,Edgardo Henriquez,258,0.4902,0.3757,0.3556,0.2688,0.0091,0.5010,0.4968,0.0022,-0.0059,111.6213
641329,Bryan Baker,1102,0.5051,0.3666,0.3555,0.2779,0.0107,0.5164,0.4826,0.0009,-0.0058,111.4087
693433,Bryan Woo,2687,0.5101,0.3383,0.3754,0.2863,0.0113,0.5258,0.4725,0.0017,-0.0056,111.1667
554340,Yimi García,359,0.4799,0.4194,0.3359,0.2446,0.0105,0.5193,0.4784,0.0023,-0.0056,111.0898
592773,Ryne Stanek,1063,0.5191,0.4170,0.3408,0.2422,0.0101,0.4793,0.5203,0.0004,-0.0056,111.0237
667297,Tommy Nance,461,0.4660,0.3545,0.3167,0.3288,0.0101,0.5252,0.4730,0.0018,-0.0056,111.0146
670280,David Bednar,1024,0.5008,0.3890,0.3363,0.2746,0.0116,0.5132,0.4860,0.0008,-0.0055,110.9538
681911,Alex Vesia,1023,0.5169,0.3687,0.3828,0.2485,0.0120,0.5094,0.4900,0.0006,-0.0055,110.9354
455119,Chris Martin,630,0.5420,0.2884,0.3735,0.3380,0.0119,0.5485,0.4491,0.0024,-0.0055,110.8834
683232,Nick Mears,845,0.5411,0.3634,0.3574,0.2793,0.0116,0.5308,0.4690,0.0001,-0.0054,110.6807
687330,Kevin Kelly,571,0.4345,0.2898,0.3620,0.3482,0.0092,0.5450,0.4539,0.0010,-0.0053,110.6537
647315,Zach Pop,127,0.4673,0.3203,0.3425,0.3372,0.0092,0.5241,0.4743,0.0015,-0.0053,110.6488
682254,Mason Montgomery,859,0.5140,0.4356,0.3593,0.2052,0.0075,0.4845,0.5136,0.0018,-0.0053,110.6379
669276,Dylan Lee,1102,0.5322,0.4347,0.3021,0.2631,0.0110,0.4983,0.5014,0.0003,-0.0053,110.6231
571946,Shelby Miller,704,0.4929,0.3848,0.3541,0.2611,0.0108,0.4835,0.5145,0.0019,-0.0052,110.4167
696149,Bubba Chandler,395,0.5113,0.3909,0.3558,0.2533,0.0095,0.4809,0.5157,0.0034,-0.0051,110.2468
686580,Justin Slaten,499,0.4973,0.3864,0.3402,0.2734,0.0099,0.5081,0.4904,0.0015,-0.0051,110.2464
694973,Paul Skenes,2997,0.5123,0.3514,0.3638,0.2847,0.0098,0.4895,0.5097,0.0009,-0.0050,110.1049
656986,Bennett Sousa,728,0.4873,0.3811,0.3325,0.2865,0.0105,0.5001,0.4986,0.0012,-0.0049,109.9731
605483,Blake Snell,1028,0.4922,0.4373,0.3042,0.2585,0.0089,0.4356,0.5634,0.0011,-0.0049,109.9107
519242,Chris Sale,2028,0.4967,0.3486,0.3648,0.2866,0.0112,0.5013,0.4950,0.0037,-0.0049,109.8785
640454,Matt Krook,71,0.4966,0.3231,0.3262,0.3506,0.0106,0.5357,0.4575,0.0068,-0.0049,109.8705
676684,Will Vest,1124,0.5000,0.3621,0.3520,0.2859,0.0094,0.4873,0.5113,0.0014,-0.0049,109.8553
592779,Brock Stewart,610,0.5184,0.4039,0.3340,0.2622,0.0097,0.5060,0.4870,0.0071,-0.0048,109.7723
640448,Kyle Finnegan,846,0.5281,0.3592,0.3545,0.2863,0.0121,0.5455,0.4542,0.0003,-0.0048,109.7690
676477,Garrett Whitlock,1179,0.5002,0.3714,0.3435,0.2852,0.0114,0.4956,0.5022,0.0022,-0.0048,109.7661
681151,Jayden Murray,176,0.5240,0.3042,0.3760,0.3198,0.0117,0.5968,0.4017,0.0015,-0.0047,109.6385
672582,Angel Zerpa,1099,0.4638,0.3035,0.3657,0.3309,0.0095,0.5184,0.4793,0.0023,-0.0047,109.6116
664076,Garrett Cleavinger,865,0.4768,0.3572,0.3519,0.2909,0.0103,0.5259,0.4691,0.0050,-0.0047,109.6002
668834,Easton McGee,223,0.5044,0.2781,0.3690,0.3528,0.0134,0.5555,0.4409,0.0036,-0.0047,109.5551
571927,Steven Matz,1159,0.5027,0.2887,0.3801,0.3311,0.0124,0.5470,0.4504,0.0025,-0.0047,109.5241
690829,Ben Joyce,70,0.5133,0.3386,0.3631,0.2983,0.0090,0.5361,0.4638,0.0001,-0.0046,109.5206
660825,Eduard Bazardo,1175,0.4613,0.2809,0.3742,0.3449,0.0126,0.5456,0.4531,0.0013,-0.0046,109.4868
669622,Anthony Bender,783,0.4460,0.3436,0.3444,0.3120,0.0112,0.5432,0.4536,0.0032,-0.0046,109.4586
672578,Carlos Hernández,759,0.5133,0.3936,0.3594,0.2471,0.0110,0.5068,0.4921,0.0011,-0.0046,109.4562
656420,J.P. Feyereisen,81,0.5306,0.3377,0.3428,0.3194,0.0125,0.4653,0.5344,0.0004,-0.0046,109.4437
676604,Tyler Zuber,245,0.4941,0.3441,0.3501,0.3057,0.0131,0.5256,0.4742,0.0002,-0.0045,109.3307
676272,Bobby Miller,116,0.4655,0.3801,0.3596,0.2603,0.0099,0.4800,0.5095,0.0106,-0.0045,109.2276
676508,Ben Casparius,1262,0.4906,0.3814,0.3390,0.2796,0.0110,0.4983,0.5007,0.0010,-0.0044,109.1165
642759,Julian Fernández,76,0.5230,0.3208,0.3880,0.2912,0.0117,0.5188,0.4801,0.0011,-0.0043,109.0177
445276,Kenley Jansen,869,0.5001,0.3007,0.4122,0.2871,0.0117,0.5591,0.4386,0.0023,-0.0043,109.0137
678692,Ronny Henriquez,1158,0.4845,0.4733,0.2921,0.2346,0.0096,0.4546,0.5424,0.0030,-0.0043,108.8780
676979,Garrett Crochet,3130,0.5297,0.3487,0.3716,0.2797,0.0105,0.5015,0.4951,0.0034,-0.0042,108.8060
687209,Zach Maxwell,165,0.4719,0.4061,0.3622,0.2318,0.0088,0.4978,0.5015,0.0006,-0.0042,108.7234
686790,Trevor McDonald,212,0.4545,0.3239,0.3351,0.3410,0.0100,0.5038,0.4955,0.0007,-0.0041,108.6763
808967,Yoshinobu Yamamoto,2789,0.5145,0.3475,0.3453,0.3072,0.0114,0.4898,0.5098,0.0004,-0.0041,108.6665
669302,Logan Gilbert,2101,0.5145,0.3916,0.3303,0.2781,0.0129,0.4999,0.4984,0.0017,-0.0041,108.6575
621383,Tanner Banks,1084,0.5101,0.3463,0.3547,0.2990,0.0122,0.5252,0.4741,0.0006,-0.0041,108.5431
676879,Aaron Ashby,1033,0.4362,0.3719,0.3048,0.3233,0.0074,0.4864,0.5116,0.0020,-0.0040,108.4879
572955,Pierce Johnson,968,0.4822,0.3609,0.3404,0.2987,0.0131,0.5156,0.4841,0.0003,-0.0040,108.4497
670167,John Schreiber,1046,0.4787,0.3453,0.3633,0.2914,0.0111,0.5178,0.4801,0.0021,-0.0039,108.3604
670329,Rico Garcia,586,0.5000,0.3896,0.3388,0.2716,0.0121,0.5182,0.4816,0.0002,-0.0039,108.3125
687396,Brent Headrick,366,0.5292,0.3694,0.3699,0.2607,0.0109,0.4884,0.5101,0.0015,-0.0039,108.2747
656271,Brock Burke,1014,0.5159,0.3443,0.3570,0.2988,0.0111,0.5361,0.4608,0.0031,-0.0038,108.1527
676092,Collin Snider,477,0.5324,0.3505,0.3577,0.2918,0.0130,0.5305,0.4624,0.0071,-0.0038,108.0993
605513,Spencer Turnbull,125,0.4870,0.4144,0.3134,0.2722,0.0094,0.4725,0.5266,0.0010,-0.0038,108.0837
650911,Cristopher Sánchez,2894,0.5021,0.3190,0.3276,0.3534,0.0109,0.5141,0.4840,0.0019,-0.0037,107.9660
680736,Justin Wrobleski,1092,0.5406,0.3269,0.3655,0.3076,0.0129,0.5443,0.4532,0.0025,-0.0036,107.8621
657277,Logan Webb,3282,0.4616,0.3176,0.3565,0.3259,0.0101,0.4894,0.5089,0.0018,-0.0036,107.8365
690997,Nolan McLean,738,0.4669,0.3328,0.3530,0.3142,0.0105,0.5173,0.4788,0.0039,-0.0036,107.8057
622786,Jesus Tinoco,304,0.4802,0.3598,0.3206,0.3197,0.0094,0.4745,0.5254,0.0001,-0.0036,107.7993
656876,Drew Rasmussen,2316,0.5239,0.3194,0.3766,0.3041,0.0115,0.5053,0.4930,0.0017,-0.0036,107.7742
519141,Drew Pomeranz,800,0.5169,0.3542,0.3833,0.2625,0.0114,0.5227,0.4724,0.0049,-0.0036,107.7715
628452,Raisel Iglesias,964,0.5069,0.3295,0.3595,0.3110,0.0117,0.5201,0.4774,0.0025,-0.0036,107.7499
691587,Eury Pérez,1673,0.4922,0.4014,0.3585,0.2400,0.0102,0.4917,0.5056,0.0026,-0.0036,107.7308
801139,Payton Tolle,304,0.5133,0.3638,0.3811,0.2550,0.0104,0.5307,0.4681,0.0012,-0.0035,107.6898
690986,Kyle Harrison,587,0.4805,0.3299,0.3761,0.2940,0.0119,0.5127,0.4862,0.0011,-0.0035,107.6629
672841,Carlos Vargas,1075,0.4734,0.3074,0.3609,0.3317,0.0080,0.5313,0.4615,0.0072,-0.0035,107.6320
666142,Cole Ragans,1079,0.5047,0.3729,0.3677,0.2595,0.0119,0.4940,0.5036,0.0024,-0.0035,107.6303
680755,Braydon Fisher,833,0.4463,0.3630,0.3393,0.2978,0.0117,0.5016,0.4972,0.0011,-0.0035,107.6191
571948,Hoby Milner,1142,0.4535,0.2698,0.3542,0.3760,0.0127,0.5396,0.4591,0.0013,-0.0035,107.5519
472610,Luis García,896,0.4812,0.3878,0.3053,0.3068,0.0092,0.4881,0.5115,0.0005,-0.0034,107.4417
623437,Justin Topa,979,0.4668,0.3150,0.3569,0.3281,0.0102,0.5192,0.4774,0.0033,-0.0034,107.4285
805673,Zebby Matthews,1353,0.5309,0.3581,0.3553,0.2866,0.0121,0.5135,0.4856,0.0009,-0.0034,107.4157
573204,Caleb Thielbar,839,0.4875,0.3313,0.3651,0.3036,0.0129,0.5162,0.4824,0.0013,-0.0034,107.4103
641386,Ben Bowden,187,0.5030,0.3419,0.3631,0.2950,0.0140,0.5017,0.4980,0.0003,-0.0034,107.3922
669438,Mason Englert,716,0.4942,0.3227,0.3474,0.3299,0.0114,0.5156,0.4819,0.0025,-0.0033,107.3681
666200,Jesús Luzardo,3012,0.5100,0.3582,0.3464,0.2954,0.0115,0.4922,0.5059,0.0018,-0.0033,107.3619
675989,Cody Bolton,40,0.4914,0.2685,0.3797,0.3518,0.0121,0.5869,0.3928,0.0203,-0.0033,107.3001
820862,José Fermin,645,0.5116,0.3911,0.3575,0.2514,0.0104,0.4878,0.5105,0.0017,-0.0033,107.2355
592426,Luke Jackson,743,0.4771,0.3686,0.3455,0.2859,0.0114,0.4832,0.5152,0.0016,-0.0033,107.2315
669923,George Kirby,2086,0.4858,0.3398,0.3609,0.2993,0.0111,0.4809,0.5163,0.0028,-0.0032,107.1956
676510,Nolan Hoffman,26,0.4780,0.3309,0.3715,0.2976,0.0096,0.5167,0.4825,0.0008,-0.0032,107.1854
605447,Jordan Romano,701,0.5018,0.3623,0.3535,0.2842,0.0124,0.5213,0.4741,0.0046,-0.0032,107.1840
677952,Braxton Ashcraft,1102,0.5040,0.3336,0.3546,0.3119,0.0104,0.5282,0.4712,0.0007,-0.0032,107.0989
666374,Matt Brash,807,0.4369,0.4385,0.3030,0.2585,0.0083,0.4271,0.5681,0.0048,-0.0032,107.0693
676974,Max Meyer,1025,0.5094,0.3438,0.3351,0.3211,0.0118,0.5155,0.4837,0.0008,-0.0032,107.0691
676395,Robert Garcia,957,0.5073,0.3606,0.3439,0.2955,0.0111,0.5306,0.4655,0.0039,-0.0031,106.9758
668820,Max Kranick,529,0.5478,0.3333,0.3743,0.2925,0.0134,0.5605,0.4378,0.0017,-0.0031,106.9346
676083,Janson Junk,1621,0.5244,0.3292,0.3520,0.3188,0.0144,0.5475,0.4517,0.0009,-0.0031,106.8987
664208,Phil Maton,1008,0.4915,0.3701,0.3358,0.2940,0.0112,0.5139,0.4818,0.0043,-0.0030,106.8436
669194,Ryne Nelson,2466,0.5301,0.3242,0.3931,0.2827,0.0120,0.5073,0.4917,0.0010,-0.0030,106.8018
605400,Aaron Nola,1568,0.4883,0.3091,0.3639,0.3271,0.0131,0.4860,0.5115,0.0025,-0.0030,106.7694
656302,Dylan Cease,3043,0.4990,0.4134,0.3351,0.2514,0.0093,0.4510,0.5483,0.0007,-0.0029,106.6127
608650,Dietrich Enns,698,0.5354,0.3431,0.3600,0.2968,0.0128,0.5079,0.4910,0.0010,-0.0029,106.5755
694335,Matt Svanson,956,0.4814,0.3412,0.3537,0.3052,0.0101,0.5209,0.4754,0.0037,-0.0029,106.5522
689254,Mason Fluharty,859,0.4657,0.4295,0.3229,0.2476,0.0095,0.4577,0.5409,0.0014,-0.0028,106.5153
656234,Jake Bird,957,0.4704,0.3248,0.3514,0.3238,0.0117,0.5442,0.4525,0.0034,-0.0028,106.4805
801216,Christian Montes De Oca,46,0.5176,0.2777,0.3794,0.3430,0.0119,0.5277,0.4721,0.0002,-0.0028,106.4631
621345,A.J. Minter,185,0.4504,0.4457,0.3202,0.2340,0.0095,0.4600,0.5391,0.0008,-0.0028,106.4025
693645,Cam Schlittler,1253,0.5283,0.3307,0.3887,0.2805,0.0102,0.5145,0.4829,0.0026,-0.0027,106.2543
642121,Cole Sulser,387,0.5436,0.4206,0.3314,0.2480,0.0122,0.4582,0.5411,0.0007,-0.0026,106.1980
680742,Jonathan Bowlan,727,0.4908,0.3769,0.3469,0.2762,0.0102,0.4589,0.5400,0.0010,-0.0026,106.1972
681517,Kyle Leahy,1350,0.4953,0.3647,0.3294,0.3059,0.0109,0.5126,0.4854,0.0020,-0.0026,106.1883
677960,Ryan Weathers,642,0.5100,0.3709,0.3436,0.2855,0.0120,0.5225,0.4762,0.0013,-0.0026,106.1560
641154,Pablo López,1258,0.5251,0.3516,0.3416,0.3068,0.0122,0.5026,0.4946,0.0028,-0.0026,106.0847
606303,Joel Payamps,449,0.4546,0.3732,0.3336,0.2932,0.0117,0.4955,0.5011,0.0035,-0.0025,106.0274
621051,Steven Wilson,974,0.4827,0.3880,0.3268,0.2851,0.0124,0.5018,0.4974,0.0008,-0.0025,105.9983
678606,Jose A. Ferrer,1208,0.4738,0.2965,0.3603,0.3432,0.0095,0.5309,0.4673,0.0019,-0.0025,105.9906
641401,Connor Brogdon,840,0.4969,0.4050,0.3341,0.2610,0.0110,0.4817,0.5171,0.0012,-0.0025,105.9763
620454,José Castillo,543,0.4988,0.3255,0.3363,0.3382,0.0104,0.5052,0.4907,0.0041,-0.0025,105.9633
676534,Calvin Faucher,1054,0.4429,0.4211,0.3134,0.2655,0.0088,0.4706,0.5285,0.0009,-0.0025,105.9131
657746,Joe Ryan,2794,0.5023,0.3325,0.3757,0.2918,0.0133,0.5317,0.4647,0.0036,-0.0025,105.9018
685801,Hunter Bigge,226,0.5150,0.4245,0.3366,0.2389,0.0097,0.4832,0.5140,0.0028,-0.0024,105.8781
676702,Hunter Stratton,343,0.5109,0.3495,0.3559,0.2946,0.0116,0.5348,0.4614,0.0037,-0.0024,105.8736
641745,Brad Keller,1113,0.4832,0.3605,0.3415,0.2981,0.0087,0.4617,0.5336,0.0047,-0.0024,105.8658
656641,Jacob Latz,1349,0.5064,0.3765,0.3513,0.2722,0.0116,0.4872,0.5122,0.0006,-0.0024,105.8046
663423,Trent Thornton,634,0.4993,0.3316,0.3572,0.3113,0.0129,0.5364,0.4615,0.0021,-0.0024,105.7427
663485,Cole Sands,1143,0.5143,0.3592,0.3500,0.2908,0.0118,0.5135,0.4835,0.0031,-0.0023,105.6440
663969,Tyler Phillips,1114,0.4672,0.3862,0.3015,0.3123,0.0097,0.4679,0.5310,0.0011,-0.0023,105.5837
664744,Jose Espada,29,0.5566,0.3440,0.3575,0.2985,0.0151,0.5580,0.4419,0.0001,-0.0023,105.5521
668933,Graham Ashcraft,1038,0.5088,0.3919,0.3166,0.2915,0.0099,0.4674,0.5319,0.0006,-0.0022,105.5492
660853,Enyel De Los Santos,1105,0.5292,0.3962,0.3338,0.2700,0.0114,0.5139,0.4845,0.0016,-0.0022,105.5406
681867,Cooper Criswell,276,0.4751,0.3063,0.3666,0.3271,0.0094,0.4641,0.5330,0.0029,-0.0022,105.5007
690916,Richard Fitts,735,0.5181,0.3644,0.3463,0.2893,0.0107,0.4950,0.5018,0.0032,-0.0022,105.3970
663947,Tyler Holton,1145,0.4456,0.3506,0.3231,0.3263,0.0103,0.4913,0.5080,0.0007,-0.0021,105.3767
595014,Blake Treinen,500,0.4733,0.3626,0.3443,0.2931,0.0099,0.4744,0.5228,0.0028,-0.0021,105.3249
689266,Dylan Dodd,536,0.5094,0.4215,0.3230,0.2555,0.0119,0.4923,0.5042,0.0036,-0.0021,105.3016
548384,Brooks Raley,388,0.4591,0.3195,0.3510,0.3294,0.0124,0.5244,0.4720,0.0035,-0.0021,105.2709
668674,Lucas Erceg,963,0.5201,0.3647,0.3384,0.2968,0.0100,0.4903,0.5080,0.0017,-0.0021,105.2692
543243,Sonny Gray,2718,0.4766,0.3604,0.3159,0.3237,0.0117,0.5005,0.4983,0.0012,-0.0021,105.2681
641941,Emilio Pagán,1068,0.5148,0.3901,0.3629,0.2470,0.0109,0.4792,0.5193,0.0015,-0.0021,105.2658
606160,Rafael Montero,1088,0.5083,0.4052,0.3315,0.2633,0.0091,0.4311,0.5677,0.0012,-0.0020,105.2019
656546,Jeff Hoffman,1127,0.4741,0.4106,0.3333,0.2561,0.0098,0.4676,0.5296,0.0028,-0.0020,105.1594
676661,Max Lazar,646,0.4930,0.3409,0.3427,0.3164,0.0121,0.5298,0.4700,0.0001,-0.0020,105.1539
700669,Gordon Graceffo,756,0.5065,0.3809,0.3335,0.2856,0.0113,0.4851,0.5142,0.0007,-0.0020,105.1329
666171,Ryan Zeferjahn,1029,0.4719,0.4156,0.3319,0.2525,0.0096,0.4980,0.4975,0.0045,-0.0020,105.1031
813349,Connelly Early,323,0.4816,0.3325,0.3568,0.3107,0.0115,0.4714,0.5265,0.0021,-0.0020,105.0690
592332,Kevin Gausman,3030,0.5117,0.3529,0.3453,0.3018,0.0132,0.5117,0.4871,0.0013,-0.0019,105.0094
694363,Jared Shuster,280,0.5268,0.3543,0.3299,0.3158,0.0121,0.4976,0.4975,0.0049,-0.0019,104.9600
643338,Chad Green,709,0.5110,0.3924,0.3456,0.2620,0.0112,0.4926,0.5071,0.0003,-0.0019,104.9372
800311,Didier Fuentes,293,0.4937,0.3957,0.3466,0.2577,0.0112,0.4798,0.5180,0.0022,-0.0019,104.9320
640451,Hunter Harvey,167,0.5071,0.3983,0.3478,0.2539,0.0101,0.4479,0.5475,0.0047,-0.0019,104.9221
657649,Jared Koenig,1043,0.4624,0.3029,0.3632,0.3339,0.0111,0.5324,0.4640,0.0036,-0.0019,104.9220
614179,José Ruiz,302,0.5199,0.3857,0.3407,0.2736,0.0105,0.4763,0.5216,0.0022,-0.0018,104.8871
680694,Kyle Bradish,494,0.4972,0.3597,0.3429,0.2974,0.0110,0.4734,0.5244,0.0022,-0.0018,104.8836
666157,Nick Lodolo,2478,0.4894,0.3374,0.3525,0.3101,0.0115,0.4947,0.5003,0.0050,-0.0018,104.8767
601713,Nick Pivetta,2851,0.5060,0.3032,0.3846,0.3122,0.0132,0.5217,0.4771,0.0012,-0.0018,104.8308
596001,Jakob Junis,1032,0.4675,0.3326,0.3356,0.3318,0.0131,0.5347,0.4623,0.0030,-0.0018,104.8208
700187,Troy Taylor,136,0.4673,0.3251,0.3736,0.3013,0.0121,0.5499,0.4456,0.0045,-0.0018,104.8122
687911,Bryan King,1046,0.5238,0.3203,0.3792,0.3005,0.0138,0.5392,0.4571,0.0037,-0.0018,104.8020
696270,Ryan Johnson,274,0.4997,0.3719,0.3224,0.3057,0.0116,0.5293,0.4703,0.0004,-0.0018,104.7990
669713,Hayden Wesneski,508,0.5262,0.3050,0.3514,0.3436,0.0140,0.5319,0.4664,0.0018,-0.0017,104.7026
657612,Tim Hill,899,0.5072,0.1894,0.3899,0.4207,0.0082,0.5491,0.4484,0.0025,-0.0017,104.6604
645261,Sandy Alcantara,2891,0.5195,0.3309,0.3500,0.3190,0.0107,0.5060,0.4913,0.0028,-0.0017,104.6385
666808,Camilo Doval,1103,0.4697,0.3971,0.3345,0.2684,0.0090,0.4801,0.5177,0.0021,-0.0017,104.6331
642701,Dennis Santana,987,0.5176,0.3467,0.3407,0.3126,0.0133,0.5432,0.4541,0.0027,-0.0016,104.5493
681982,Grant Anderson,1158,0.4492,0.3739,0.3424,0.2837,0.0107,0.4894,0.5079,0.0027,-0.0016,104.5253
592155,Cam Booser,571,0.4791,0.3653,0.3618,0.2729,0.0113,0.4910,0.5071,0.0019,-0.0016,104.4223
657097,Jacob Webb,945,0.4938,0.3878,0.3401,0.2722,0.0123,0.5086,0.4889,0.0025,-0.0016,104.4177
680735,Austin Cox,427,0.4937,0.3853,0.3237,0.2910,0.0118,0.4900,0.5083,0.0017,-0.0015,104.3850
596133,Luke Weaver,1049,0.4829,0.3737,0.3624,0.2639,0.0111,0.4811,0.5185,0.0003,-0.0015,104.3803
690953,Mick Abel,720,0.5269,0.3488,0.3600,0.2912,0.0116,0.5118,0.4853,0.0028,-0.0015,104.3508
682842,Abner Uribe,1164,0.4437,0.3709,0.3235,0.3057,0.0088,0.5156,0.4818,0.0026,-0.0015,104.3454
669456,Shane Bieber,645,0.4921,0.3716,0.3311,0.2974,0.0127,0.4787,0.5202,0.0011,-0.0015,104.3099
657240,Julian Merryweather,353,0.4851,0.3611,0.3558,0.2831,0.0121,0.4965,0.5031,0.0004,-0.0015,104.2904
605540,Brandon Woodruff,964,0.5076,0.2646,0.3783,0.3572,0.0146,0.5701,0.4283,0.0016,-0.0015,104.2418
677161,Zack Kelly,581,0.4942,0.3589,0.3493,0.2918,0.0117,0.5001,0.4976,0.0023,-0.0014,104.1545
663795,Justin Hagenman,383,0.5215,0.3871,0.3259,0.2871,0.0126,0.4813,0.5163,0.0024,-0.0014,104.1273
543135,Nathan Eovaldi,1909,0.5300,0.3359,0.3456,0.3185,0.0132,0.5204,0.4763,0.0033,-0.0014,104.0811
675512,Troy Melton,656,0.4913,0.3410,0.3484,0.3106,0.0121,0.5194,0.4794,0.0012,-0.0014,104.0749
502085,David Robertson,304,0.4647,0.3502,0.3453,0.3044,0.0105,0.4873,0.5120,0.0006,-0.0013,104.0499
641755,Tyler Kinley,1225,0.5074,0.4145,0.3092,0.2763,0.0109,0.4802,0.5186,0.0012,-0.0013,104.0493
605218,Carl Edwards Jr.,90,0.4849,0.3588,0.3475,0.2937,0.0136,0.4930,0.5069,0.0001,-0.0013,104.0434
686751,Seth Johnson,214,0.5069,0.3623,0.3670,0.2707,0.0118,0.5261,0.4737,0.0003,-0.0013,103.9588
664199,Taylor Clarke,865,0.4816,0.3566,0.3414,0.3020,0.0110,0.4975,0.4993,0.0032,-0.0012,103.8865
605452,Joe Ross,862,0.5007,0.3203,0.3604,0.3194,0.0108,0.5101,0.4858,0.0041,-0.0012,103.8501
670036,Matt Festa,817,0.5001,0.3552,0.3619,0.2829,0.0111,0.5399,0.4552,0.0049,-0.0012,103.8387
669432,Trevor Rogers,1626,0.5302,0.3070,0.3693,0.3237,0.0134,0.5346,0.4636,0.0017,-0.0012,103.8239
641835,Tim Mayza,301,0.4909,0.2996,0.3430,0.3574,0.0098,0.5106,0.4887,0.0007,-0.0012,103.7770
595928,John Curtiss,545,0.5104,0.3327,0.3821,0.2852,0.0125,0.5221,0.4776,0.0004,-0.0012,103.7728
674444,Steven Cruz,642,0.4942,0.3726,0.3612,0.2662,0.0109,0.5511,0.4477,0.0012,-0.0012,103.7349
657585,Reed Garrett,979,0.4538,0.4174,0.3159,0.2668,0.0081,0.4394,0.5583,0.0023,-0.0011,103.7045
690544,Bailey Horn,224,0.5021,0.3522,0.3573,0.2906,0.0110,0.5205,0.4789,0.0006,-0.0011,103.6174
656731,Tylor Megill,1231,0.4799,0.3775,0.3424,0.2801,0.0096,0.4706,0.5251,0.0043,-0.0011,103.6052
664285,Framber Valdez,2891,0.4788,0.3301,0.3125,0.3573,0.0093,0.4912,0.5064,0.0024,-0.0011,103.6027
666215,Forrest Whitley,256,0.4657,0.3484,0.3687,0.2828,0.0122,0.5148,0.4833,0.0019,-0.0011,103.5862
691094,Randy Wynne,47,0.5609,0.2702,0.3750,0.3548,0.0187,0.5595,0.4394,0.0011,-0.0011,103.5826
608331,Max Fried,3109,0.4949,0.3246,0.3485,0.3269,0.0090,0.4816,0.5163,0.0020,-0.0010,103.5442
687166,Austin Pope,36,0.5005,0.3448,0.3499,0.3053,0.0136,0.5287,0.4710,0.0003,-0.0010,103.5405
657571,Caleb Ferguson,1042,0.4950,0.3304,0.3618,0.3079,0.0106,0.5021,0.4938,0.0041,-0.0010,103.5338
669358,Shane Baz,2702,0.5043,0.3507,0.3612,0.2882,0.0119,0.5111,0.4876,0.0014,-0.0010,103.5050
642547,Freddy Peralta,3086,0.4743,0.4298,0.3245,0.2458,0.0114,0.4470,0.5507,0.0023,-0.0010,103.4964
665795,Edward Cabrera,2252,0.4877,0.3572,0.3336,0.3092,0.0101,0.4740,0.5225,0.0034,-0.0010,103.4737
595345,Steven Okert,1051,0.5000,0.3739,0.3608,0.2654,0.0145,0.5221,0.4756,0.0023,-0.0010,103.4409
669199,Lake Bachar,1143,0.4781,0.4142,0.3227,0.2631,0.0116,0.4826,0.5145,0.0029,-0.0010,103.4110
686747,Joe La Sorsa,100,0.4270,0.2614,0.3830,0.3556,0.0137,0.5870,0.4127,0.0003,-0.0010,103.4001
676254,Ryan Walker,1018,0.4236,0.3267,0.3421,0.3313,0.0104,0.5274,0.4683,0.0042,-0.0009,103.3986
663978,Chris Paddack,2565,0.5242,0.3233,0.3654,0.3112,0.0130,0.4915,0.5073,0.0012,-0.0009,103.3642
805123,AJ Blubaugh,507,0.4623,0.3869,0.3579,0.2553,0.0116,0.4749,0.5248,0.0004,-0.0009,103.3471
686218,Emmet Sheehan,1146,0.5052,0.4086,0.3305,0.2609,0.0117,0.4646,0.5343,0.0011,-0.0009,103.3433
622491,Luis Castillo,2932,0.5156,0.3318,0.3749,0.2934,0.0116,0.4909,0.5078,0.0014,-0.0009,103.2656
458677,Justin Wilson,816,0.4996,0.3795,0.3507,0.2698,0.0109,0.4743,0.5252,0.0006,-0.0009,103.2554
608032,Carlos Estévez,1043,0.5009,0.3215,0.3794,0.2991,0.0134,0.5325,0.4656,0.0020,-0.0009,103.2435
642239,Rob Zastryzny,347,0.4897,0.3914,0.3167,0.2919,0.0128,0.5083,0.4901,0.0016,-0.0008,103.2323
655889,Manuel Rodríguez,431,0.4871,0.3611,0.3356,0.3032,0.0091,0.4871,0.5059,0.0069,-0.0008,103.2147
701581,David Festa,882,0.4960,0.3531,0.3434,0.3034,0.0121,0.4957,0.5015,0.0028,-0.0008,103.0926
663941,Tristan Beck,817,0.4539,0.3121,0.3630,0.3250,0.0127,0.5136,0.4844,0.0020,-0.0008,103.0686
800048,Parker Messick,625,0.5019,0.3405,0.3244,0.3351,0.0138,0.5225,0.4774,0.0001,-0.0007,103.0256
593423,Frankie Montas,708,0.5023,0.3839,0.3313,0.2849,0.0111,0.4684,0.5303,0.0014,-0.0007,103.0073
669212,Eli Morgan,132,0.4950,0.4151,0.3087,0.2762,0.0132,0.4386,0.5610,0.0003,-0.0007,102.9708
542888,Shawn Armstrong,1104,0.4651,0.3269,0.3554,0.3177,0.0116,0.5462,0.4516,0.0023,-0.0007,102.9661
687377,Orlando Ribalta,501,0.5294,0.3861,0.3491,0.2647,0.0104,0.4779,0.5208,0.0013,-0.0007,102.9061
670955,Edwin Uceta,1194,0.4817,0.3834,0.3678,0.2488,0.0095,0.4623,0.5334,0.0043,-0.0006,102.8967
641312,Shaun Anderson,216,0.5053,0.3487,0.3248,0.3265,0.0136,0.5329,0.4667,0.0004,-0.0006,102.8893
694297,Brandon Pfaadt,2911,0.4986,0.3300,0.3424,0.3276,0.0122,0.5074,0.4899,0.0027,-0.0006,102.7974
668984,Casey Legumina,812,0.5031,0.3285,0.3855,0.2860,0.0116,0.5140,0.4807,0.0052,-0.0005,102.7309
694738,Landen Roupp,1851,0.4513,0.3204,0.3450,0.3346,0.0109,0.4799,0.5188,0.0013,-0.0005,102.7197
696131,Mason Black,74,0.5137,0.2871,0.3820,0.3308,0.0153,0.5220,0.4778,0.0002,-0.0005,102.7053
668678,Zac Gallen,3134,0.4900,0.3428,0.3508,0.3064,0.0117,0.4725,0.5259,0.0017,-0.0005,102.6854
664991,Grant Wolfram,520,0.4970,0.3374,0.3638,0.2988,0.0101,0.4999,0.4972,0.0029,-0.0005,102.6843
696147,Sam Bachman,334,0.4433,0.3815,0.3223,0.2962,0.0107,0.4934,0.5044,0.0022,-0.0005,102.6779
701121,Logan VanWey,182,0.4744,0.3402,0.3735,0.2863,0.0131,0.5082,0.4902,0.0016,-0.0005,102.5924
642528,Jonathan Loáisiga,467,0.4777,0.3417,0.3273,0.3309,0.0075,0.4679,0.5233,0.0088,-0.0005,102.5820
656427,Jack Flaherty,2737,0.4786,0.3754,0.3292,0.2954,0.0128,0.4747,0.5233,0.0021,-0.0004,102.5624
701656,Logan Henderson,410,0.5418,0.3127,0.3851,0.3022,0.0161,0.5028,0.4959,0.0012,-0.0004,102.5579
669387,Carmen Mlodzinski,1597,0.4756,0.3311,0.3501,0.3188,0.0117,0.4966,0.5008,0.0026,-0.0004,102.4725
687830,Sawyer Gipson-Long,463,0.4983,0.3196,0.3469,0.3335,0.0134,0.5565,0.4380,0.0055,-0.0004,102.4526
592791,Jameson Taillon,1979,0.5088,0.2990,0.3600,0.3410,0.0153,0.5278,0.4710,0.0012,-0.0004,102.4449
662253,Andrés Muñoz,1021,0.4544,0.3930,0.3349,0.2720,0.0093,0.4612,0.5356,0.0032,-0.0004,102.4348
668941,JoJo Romero,990,0.4436,0.3434,0.3229,0.3337,0.0104,0.4922,0.5063,0.0015,-0.0004,102.4137
673929,Jordan Leasure,1130,0.4746,0.4268,0.3375,0.2356,0.0098,0.4616,0.5377,0.0006,-0.0004,102.4134
666711,Joel Peguero,315,0.4571,0.3562,0.3360,0.3077,0.0086,0.4963,0.5034,0.0003,-0.0003,102.3689
640455,Sean Manaea,1095,0.5355,0.3045,0.3890,0.3065,0.0148,0.5476,0.4468,0.0056,-0.0003,102.3660
669724,Brenan Hanifee,946,0.4514,0.2993,0.3418,0.3590,0.0104,0.5258,0.4712,0.0029,-0.0003,102.3532
660787,Yerry De los Santos,590,0.4635,0.3119,0.3403,0.3478,0.0101,0.4980,0.4996,0.0025,-0.0003,102.3246
679775,Kyle Backhus,430,0.4530,0.2914,0.3557,0.3528,0.0119,0.5543,0.4408,0.0049,-0.0003,102.3154
701542,Will Warren,2802,0.4400,0.3525,0.3420,0.3055,0.0112,0.4811,0.5171,0.0018,-0.0003,102.3106
641302,Tyler Alexander,1584,0.4915,0.3276,0.3517,0.3208,0.0137,0.5129,0.4853,0.0018,-0.0003,102.2838
685107,Anthony Veneziano,481,0.4984,0.3619,0.3395,0.2986,0.0119,0.4807,0.5168,0.0025,-0.0003,102.2725
676962,Ben Brown,1759,0.5078,0.3539,0.3640,0.2822,0.0125,0.5047,0.4932,0.0020,-0.0003,102.2467
670950,Trevor Richards,116,0.5019,0.3870,0.3525,0.2604,0.0137,0.4558,0.5436,0.0007,-0.0002,102.2399
663554,Casey Mize,2353,0.5074,0.3267,0.3512,0.3221,0.0130,0.5184,0.4805,0.0011,-0.0002,102.2204
663687,Hogan Harris,1125,0.4781,0.3107,0.3688,0.3205,0.0137,0.5277,0.4716,0.0007,-0.0002,102.1960
681799,Ethan Roberts,144,0.4626,0.3837,0.3299,0.2863,0.0108,0.4919,0.5008,0.0072,-0.0002,102.1863
650556,Bryan Abreu,1189,0.4520,0.4371,0.3232,0.2397,0.0099,0.4402,0.5575,0.0023,-0.0002,102.1651
621112,Paul Blackburn,666,0.4725,0.3332,0.3289,0.3379,0.0103,0.4835,0.5160,0.0006,-0.0002,102.1528
669704,Kade Strowd,406,0.4629,0.3626,0.3360,0.3014,0.0094,0.4878,0.5100,0.0022,-0.0002,102.1376
690990,Cade Horton,1788,0.4982,0.3518,0.3380,0.3102,0.0109,0.5087,0.4900,0.0013,-0.0002,102.1323
669947,Jesse Scholtens,154,0.4782,0.3816,0.3321,0.2862,0.0116,0.4581,0.5416,0.0003,-0.0002,102.1176
687863,Porter Hodge,624,0.4614,0.4031,0.3384,0.2585,0.0103,0.4738,0.5241,0.0022,-0.0002,102.0954
666214,Joey Wentz,1815,0.5107,0.3742,0.3397,0.2860,0.0127,0.4788,0.5204,0.0007,-0.0002,102.0911
681217,Chase Silseth,212,0.4887,0.4065,0.3383,0.2552,0.0098,0.4388,0.5573,0.0038,-0.0001,102.0711
676263,Jack Dreyer,1146,0.4960,0.3802,0.3406,0.2792,0.0131,0.5128,0.4870,0.0002,-0.0001,102.0558
660896,Jorge Alcala,1058,0.4839,0.3456,0.3801,0.2743,0.0105,0.4969,0.5020,0.0012,-0.0001,102.0221
702352,Spencer Bivens,1294,0.4915,0.3057,0.3574,0.3368,0.0109,0.5095,0.4883,0.0022,-0.0001,101.9832
579328,Yusei Kikuchi,3094,0.4945,0.3515,0.3493,0.2992,0.0135,0.5141,0.4848,0.0010,-0.0001,101.9743
683769,Hunter Gaddis,1049,0.5064,0.3976,0.3275,0.2749,0.0111,0.4616,0.5371,0.0013,-0.0001,101.9630
518876,Merrill Kelly,2832,0.4917,0.3223,0.3510,0.3267,0.0121,0.4829,0.5158,0.0013,-0.0001,101.9302
624133,Ranger Suarez,2430,0.5159,0.2725,0.3575,0.3700,0.0131,0.5137,0.4843,0.0020,-0.0000,101.8801
573009,Joe Mantiply,192,0.4752,0.2839,0.3418,0.3743,0.0126,0.5391,0.4543,0.0066,-0.0000,101.8320
678020,Seth Halvorsen,636,0.4851,0.3795,0.3362,0.2843,0.0086,0.4775,0.5198,0.0028,0.0000,101.8011
669211,Keegan Akin,1058,0.5096,0.3563,0.3562,0.2876,0.0127,0.5034,0.4950,0.0016,0.0000,101.7886
666661,Juan Morillo,617,0.4995,0.3574,0.3678,0.2748,0.0088,0.4861,0.5130,0.0009,0.0000,101.7739
650633,Michael King,1219,0.4479,0.3424,0.3504,0.3072,0.0116,0.4823,0.5158,0.0019,0.0000,101.7527
606965,Chris Devenski,262,0.4744,0.3657,0.3301,0.3042,0.0130,0.5044,0.4898,0.0058,0.0001,101.7214
686752,Ryan Pepiot,2604,0.5196,0.3410,0.3765,0.2825,0.0131,0.5063,0.4920,0.0017,0.0001,101.7014
663574,Tony Santillan,1230,0.5045,0.3827,0.3622,0.2551,0.0119,0.4964,0.4990,0.0045,0.0001,101.7004
573124,Taylor Rogers,893,0.4319,0.2987,0.3692,0.3321,0.0133,0.5355,0.4617,0.0028,0.0001,101.7000
806960,Luis Morales,821,0.4666,0.3739,0.3443,0.2819,0.0117,0.5060,0.4916,0.0024,0.0001,101.6506
543101,Anthony DeSclafani,634,0.4663,0.3732,0.3298,0.2970,0.0122,0.4821,0.5130,0.0049,0.0001,101.6496
621381,Matt Strahm,993,0.5010,0.3335,0.3826,0.2839,0.0147,0.5100,0.4883,0.0017,0.0001,101.6379
596271,Casey Lawrence,276,0.4874,0.2908,0.3482,0.3610,0.0133,0.5087,0.4888,0.0026,0.0001,101.6359
681892,Kody Funderburk,725,0.4444,0.3207,0.3471,0.3321,0.0103,0.5160,0.4805,0.0036,0.0001,101.6305
623465,Evan Phillips,92,0.4984,0.3659,0.3396,0.2945,0.0126,0.5273,0.4721,0.0006,0.0001,101.6187
642397,Gregory Soto,1031,0.4401,0.3712,0.3348,0.2939,0.0089,0.4852,0.5064,0.0084,0.0001,101.6058
621199,Matt Bowman,447,0.4243,0.3263,0.3538,0.3199,0.0103,0.5016,0.4947,0.0037,0.0002,101.5748
670990,Yohan Ramírez,604,0.4541,0.3619,0.3567,0.2814,0.0114,0.5271,0.4683,0.0046,0.0002,101.5725
641816,Tyler Mahle,1381,0.5340,0.3264,0.3604,0.3132,0.0148,0.5242,0.4753,0.0005,0.0002,101.5335
642520,Gerson Garabito,121,0.4550,0.3058,0.3482,0.3459,0.0128,0.5609,0.4338,0.0053,0.0002,101.5066
802686,Hayden Harris,50,0.4992,0.3168,0.3974,0.2858,0.0144,0.5594,0.4359,0.0047,0.0002,101.4902
686613,Hunter Brown,2962,0.4898,0.3460,0.3595,0.2945,0.0096,0.4592,0.5395,0.0013,0.0002,101.4816
621242,Edwin Díaz,1067,0.4692,0.4207,0.3532,0.2262,0.0092,0.4667,0.5277,0.0056,0.0003,101.3967
700241,Michael McGreevy,1465,0.4910,0.3356,0.3305,0.3340,0.0125,0.5086,0.4908,0.0006,0.0003,101.3375
679883,Luinder Avila,217,0.4767,0.3643,0.3324,0.3034,0.0089,0.4414,0.5582,0.0004,0.0003,101.2915
518489,Ryan Brasier,404,0.5079,0.3548,0.3542,0.2909,0.0118,0.4800,0.5166,0.0034,0.0003,101.2793
506433,Yu Darvish,1156,0.4768,0.3165,0.3457,0.3378,0.0134,0.5336,0.4637,0.0028,0.0003,101.2553
676617,Riley O'Brien,758,0.4290,0.3913,0.3210,0.2877,0.0079,0.4669,0.5246,0.0085,0.0003,101.2516
675919,Nick Raquet,27,0.4219,0.3861,0.2980,0.3160,0.0114,0.4940,0.5058,0.0001,0.0004,101.2245
676440,Tanner Bibee,2968,0.4796,0.3363,0.3422,0.3215,0.0125,0.5060,0.4925,0.0015,0.0004,101.1825
669203,Corbin Burnes,1009,0.4607,0.3670,0.3215,0.3115,0.0092,0.4672,0.5315,0.0012,0.0004,101.1801
664139,Ian Gibaut,387,0.4885,0.3175,0.3690,0.3134,0.0145,0.5342,0.4654,0.0004,0.0004,101.1384
677944,Slade Cecconi,2063,0.4923,0.3296,0.3563,0.3141,0.0141,0.5283,0.4704,0.0013,0.0004,101.1147
679358,Eric Orze,653,0.5313,0.3233,0.3533,0.3234,0.0129,0.5293,0.4666,0.0041,0.0004,101.0951
687003,Brian Van Belle,129,0.5162,0.3079,0.3583,0.3338,0.0138,0.5125,0.4865,0.0011,0.0004,101.0927
671096,Andrew Abbott,2674,0.5055,0.3141,0.3562,0.3298,0.0139,0.5143,0.4849,0.0009,0.0005,101.0580
680732,Sean Burke,2375,0.4883,0.3448,0.3609,0.2943,0.0125,0.4897,0.5088,0.0015,0.0005,101.0213
691441,Cristian Mena,100,0.4608,0.4341,0.3069,0.2590,0.0091,0.4318,0.5672,0.0010,0.0005,100.9732
800049,Adam Mazur,489,0.4985,0.3431,0.3416,0.3153,0.0118,0.5132,0.4866,0.0002,0.0005,100.9651
593974,Wandy Peralta,1138,0.4757,0.3719,0.3086,0.3195,0.0087,0.4547,0.5431,0.0021,0.0005,100.9263
607074,Carlos Rodón,3205,0.4667,0.3712,0.3386,0.2902,0.0112,0.4585,0.5401,0.0014,0.0006,100.9068
666974,Yennier Cano,986,0.4722,0.3442,0.3335,0.3223,0.0089,0.4752,0.5231,0.0017,0.0006,100.9064
669711,Greg Weissert,1069,0.4712,0.3413,0.3529,0.3059,0.0111,0.5089,0.4895,0.0016,0.0006,100.9009
663804,Jackson Kowar,281,0.4587,0.3816,0.3637,0.2547,0.0107,0.4489,0.5500,0.0011,0.0006,100.8897
571510,Matthew Boyd,2746,0.5142,0.3010,0.3700,0.3289,0.0150,0.5347,0.4624,0.0029,0.0006,100.8827
541640,Erasmo Ramírez,158,0.4894,0.2941,0.3553,0.3506,0.0133,0.5287,0.4701,0.0012,0.0006,100.8618
676917,Cade Cavalli,788,0.4936,0.3410,0.3462,0.3128,0.0099,0.4963,0.5007,0.0030,0.0006,100.8558
687074,Tyler Owens,66,0.4660,0.3544,0.3397,0.3060,0.0117,0.4964,0.5024,0.0013,0.0006,100.8450
607536,Kyle Freeland,2477,0.5164,0.3124,0.3528,0.3348,0.0152,0.5321,0.4656,0.0024,0.0006,100.8148
592094,Jason Adam,1087,0.4755,0.3910,0.3230,0.2860,0.0115,0.4703,0.5259,0.0038,0.0006,100.8115
656686,Corbin Martin,332,0.4688,0.3913,0.3371,0.2716,0.0104,0.4838,0.5132,0.0030,0.0007,100.7144
665660,Elvis Alvarado,765,0.4512,0.4233,0.3450,0.2317,0.0084,0.4591,0.5379,0.0030,0.0007,100.6967
664123,Scott Effross,156,0.4316,0.2748,0.3550,0.3702,0.0121,0.5354,0.4621,0.0026,0.0007,100.6649
688158,David Morgan,766,0.4732,0.3930,0.3351,0.2718,0.0092,0.4805,0.5154,0.0041,0.0007,100.6621
605288,Adrian Houser,1892,0.4828,0.3010,0.3437,0.3553,0.0111,0.5121,0.4858,0.0021,0.0007,100.6550
667463,John King,782,0.4699,0.3186,0.3278,0.3536,0.0089,0.5037,0.4957,0.0006,0.0007,100.6421
678226,Daysbel Hernández,717,0.4840,0.4337,0.3255,0.2408,0.0094,0.4470,0.5490,0.0040,0.0007,100.6136
683175,Connor Phillips,377,0.4315,0.4311,0.3372,0.2317,0.0096,0.4607,0.5357,0.0036,0.0007,100.6056
680684,Gunnar Hoglund,547,0.5045,0.3057,0.3618,0.3325,0.0135,0.5184,0.4811,0.0005,0.0008,100.5674
571945,Miles Mikolas,2480,0.5017,0.2713,0.3695,0.3592,0.0148,0.5427,0.4558,0.0015,0.0008,100.5126
642585,Félix Bautista,626,0.4712,0.4089,0.3553,0.2358,0.0102,0.4397,0.5593,0.0010,0.0008,100.5028
592254,José De León,101,0.5189,0.3168,0.3702,0.3130,0.0142,0.4777,0.5220,0.0003,0.0008,100.4944
687473,Ryan Gusto,1759,0.5263,0.3137,0.3748,0.3115,0.0134,0.5319,0.4648,0.0033,0.0008,100.4691
683004,Jack Leiter,2552,0.4759,0.3746,0.3461,0.2793,0.0112,0.4965,0.5016,0.0020,0.0008,100.4538
686993,Justin Sterner,1092,0.4982,0.4180,0.3451,0.2368,0.0118,0.4489,0.5472,0.0040,0.0008,100.4276
701487,Pierson Ohl,544,0.5255,0.3461,0.3395,0.3144,0.0158,0.4817,0.5178,0.0005,0.0009,100.4147
623149,Paul Sewald,317,0.5170,0.3497,0.3855,0.2649,0.0162,0.5468,0.4504,0.0028,0.0009,100.3228
668964,Tobias Myers,826,0.4918,0.3328,0.3640,0.3032,0.0154,0.5398,0.4596,0.0005,0.0009,100.3154
669022,MacKenzie Gore,2818,0.4951,0.3856,0.3469,0.2675,0.0110,0.4605,0.5379,0.0016,0.0009,100.2858
519326,Hunter Strickland,332,0.4860,0.3424,0.3451,0.3125,0.0119,0.5210,0.4746,0.0044,0.0009,100.2855
607259,Nick Martinez,2577,0.5219,0.3029,0.3512,0.3459,0.0146,0.5375,0.4607,0.0018,0.0009,100.2780
690928,Hunter Dobbins,931,0.4943,0.3522,0.3376,0.3102,0.0119,0.4937,0.5035,0.0028,0.0009,100.2589
682274,Yaramil Hiraldo,314,0.4872,0.4331,0.3108,0.2561,0.0104,0.4443,0.5550,0.0007,0.0010,100.2480
668970,Gavin Hollowell,171,0.4616,0.3301,0.3929,0.2770,0.0115,0.4862,0.5099,0.0039,0.0010,100.2135
453286,Max Scherzer,1386,0.5205,0.3209,0.3658,0.3132,0.0155,0.5210,0.4775,0.0015,0.0010,100.2048
672456,Keider Montero,1462,0.4862,0.3037,0.3592,0.3371,0.0131,0.5242,0.4741,0.0018,0.0010,100.2035
681882,Colin Selby,214,0.4555,0.3404,0.3333,0.3263,0.0111,0.5250,0.4700,0.0050,0.0010,100.1744
676775,Keaton Winn,165,0.4901,0.3223,0.3492,0.3285,0.0100,0.4902,0.5097,0.0001,0.0011,100.0264
676760,Ron Marinaccio,164,0.4636,0.3555,0.3706,0.2739,0.0120,0.4621,0.5346,0.0033,0.0011,99.9963
669372,J.T. Ginn,1575,0.4384,0.3368,0.3283,0.3350,0.0090,0.4576,0.5398,0.0026,0.0011,99.9894
656464,Kevin Ginkel,491,0.4723,0.4192,0.3308,0.2500,0.0112,0.4438,0.5549,0.0013,0.0012,99.9096
650893,Génesis Cabrera,715,0.4726,0.3587,0.3440,0.2973,0.0114,0.4824,0.5152,0.0024,0.0012,99.9096
605154,John Brebbia,459,0.4908,0.3197,0.3639,0.3164,0.0145,0.5455,0.4514,0.0031,0.0012,99.9092
681006,Josh Simpson,613,0.4400,0.3514,0.3330,0.3156,0.0105,0.5020,0.4941,0.0039,0.0012,99.9034
693312,Kyle Nicolas,649,0.4647,0.4094,0.3369,0.2537,0.0097,0.4672,0.5314,0.0014,0.0012,99.8907
691769,Philip Abner,71,0.4756,0.3742,0.3658,0.2600,0.0110,0.5090,0.4909,0.0001,0.0012,99.8879
656240,Scott Blewett,711,0.5054,0.3803,0.3187,0.3010,0.0128,0.4820,0.5172,0.0008,0.0012,99.8660
687765,Mitch Spence,1353,0.4976,0.3708,0.3222,0.3070,0.0111,0.4950,0.5021,0.0029,0.0012,99.8562
702056,Trey Yesavage,239,0.4779,0.3576,0.3567,0.2857,0.0121,0.4743,0.5256,0.0001,0.0012,99.8551
687888,Brandon Walter,814,0.5178,0.3050,0.3621,0.3329,0.0143,0.5037,0.4936,0.0026,0.0012,99.8342
608379,Michael Wacha,2665,0.5033,0.3043,0.3581,0.3376,0.0151,0.5230,0.4759,0.0011,0.0012,99.8188
694918,Blade Tidwell,309,0.4826,0.3219,0.3691,0.3090,0.0121,0.5087,0.4908,0.0006,0.0012,99.8126
554431,Tyler Matzek,127,0.4851,0.3246,0.3965,0.2789,0.0118,0.4992,0.4965,0.0044,0.0012,99.8068
694361,Will Klein,305,0.4544,0.3861,0.3660,0.2479,0.0092,0.4393,0.5599,0.0007,0.0012,99.7905
682243,Bryce Miller,1541,0.5057,0.3299,0.3649,0.3053,0.0131,0.5183,0.4803,0.0014,0.0012,99.7744
669145,Bruce Zimmermann,91,0.4535,0.2913,0.3473,0.3614,0.0157,0.5209,0.4790,0.0002,0.0012,99.7628
656638,Alex Lange,20,0.4837,0.4817,0.2517,0.2667,0.0079,0.4357,0.5643,0.0000,0.0013,99.7567
605280,Clay Holmes,2759,0.4775,0.3326,0.3313,0.3361,0.0106,0.4833,0.5146,0.0021,0.0013,99.7531
687064,Brandon Young,939,0.4912,0.3307,0.3532,0.3161,0.0127,0.5021,0.4974,0.0005,0.0013,99.7091
685068,Carson Ragsdale,95,0.4870,0.3053,0.3475,0.3472,0.0136,0.5221,0.4771,0.0008,0.0013,99.6897
694851,Andrew Hoffmann,245,0.4971,0.4076,0.3234,0.2690,0.0113,0.4382,0.5611,0.0007,0.0013,99.6406
684320,Yariel Rodríguez,1158,0.4510,0.4040,0.3296,0.2665,0.0095,0.4516,0.5449,0.0034,0.0013,99.6229
666277,George Soriano,692,0.4840,0.3683,0.3321,0.2997,0.0105,0.4965,0.4961,0.0073,0.0013,99.6100
668909,Gavin Williams,2916,0.4806,0.3595,0.3523,0.2882,0.0111,0.4814,0.5171,0.0015,0.0013,99.5929
664875,Justin Lawrence,270,0.4118,0.3657,0.3319,0.3024,0.0096,0.4535,0.5418,0.0047,0.0014,99.5808
669330,Tyler Wells,342,0.5629,0.2833,0.3627,0.3540,0.0163,0.5468,0.4529,0.0003,0.0014,99.5624
657006,Justin Steele,313,0.5120,0.3000,0.3780,0.3220,0.0125,0.5168,0.4789,0.0043,0.0014,99.5369
669449,Jake Palisch,24,0.5106,0.2668,0.3822,0.3510,0.0157,0.6377,0.3621,0.0002,0.0014,99.4963
622663,Luis Severino,2731,0.5019,0.3170,0.3808,0.3022,0.0116,0.5019,0.4933,0.0048,0.0014,99.4818
623211,Huascar Brazobán,1011,0.4910,0.3300,0.3464,0.3236,0.0086,0.4782,0.5163,0.0055,0.0014,99.4718
681168,Luis Curvelo,325,0.4536,0.3399,0.3531,0.3069,0.0113,0.5007,0.4980,0.0014,0.0014,99.4434
593833,Wander Suero,142,0.4671,0.4034,0.3719,0.2247,0.0103,0.4510,0.5423,0.0067,0.0015,99.4172
608372,Tomoyuki Sugano,2565,0.4847,0.3368,0.3319,0.3313,0.0122,0.4865,0.5112,0.0023,0.0015,99.3437
663765,Jake Woodford,625,0.4752,0.3358,0.3434,0.3208,0.0111,0.4874,0.5118,0.0007,0.0015,99.3055
673513,Yuki Matsui,1063,0.4785,0.4082,0.3244,0.2674,0.0112,0.4446,0.5537,0.0017,0.0015,99.2895
657376,Clarke Schmidt,1226,0.4937,0.3673,0.3353,0.2974,0.0114,0.5060,0.4923,0.0017,0.0015,99.2776
660761,José Suarez,295,0.4521,0.4090,0.3169,0.2741,0.0111,0.4860,0.5135,0.0005,0.0015,99.2655
681347,Mike Burrows,1537,0.5077,0.3381,0.3568,0.3051,0.0128,0.5105,0.4886,0.0009,0.0015,99.2655
805299,Brandyn Garcia,277,0.4407,0.3532,0.3344,0.3124,0.0087,0.4911,0.5066,0.0024,0.0016,99.2399
657044,Ryan Thompson,650,0.4667,0.3387,0.3257,0.3356,0.0095,0.4763,0.5166,0.0071,0.0016,99.2147
688138,Logan Evans,1338,0.4705,0.3421,0.3293,0.3286,0.0124,0.5065,0.4904,0.0031,0.0016,99.2127
663568,Stephen Kolek,1689,0.4932,0.3033,0.3558,0.3409,0.0124,0.5194,0.4773,0.0034,0.0016,99.1804
702070,Noah Cameron,2164,0.4950,0.3611,0.3327,0.3062,0.0135,0.4972,0.5019,0.0008,0.0016,99.1661
700363,AJ Smith-Shawver,711,0.4667,0.3632,0.3462,0.2906,0.0125,0.4760,0.5219,0.0021,0.0016,99.1657
806188,Cade Gibson,908,0.4405,0.3585,0.3254,0.3161,0.0106,0.4777,0.5166,0.0057,0.0016,99.0964
592866,Trevor Williams,1448,0.4969,0.3199,0.3515,0.3286,0.0139,0.5081,0.4908,0.0011,0.0017,99.0878
669461,Matthew Liberatore,2386,0.4881,0.3314,0.3510,0.3176,0.0133,0.5050,0.4940,0.0010,0.0017,99.0309
607481,Aaron Bummer,932,0.4439,0.3592,0.3274,0.3133,0.0104,0.4691,0.5225,0.0085,0.0017,99.0151
621107,Zach Eflin,1127,0.5049,0.3233,0.3447,0.3320,0.0131,0.5134,0.4859,0.0007,0.0017,98.9851
695549,Jackson Jobe,877,0.4899,0.3676,0.3491,0.2832,0.0106,0.4664,0.5300,0.0035,0.0017,98.9837
676961,Caleb Boushley,742,0.4442,0.3040,0.3462,0.3497,0.0125,0.4899,0.5094,0.0007,0.0017,98.9789
656550,Grant Holmes,1964,0.4971,0.3771,0.3343,0.2886,0.0117,0.4735,0.5245,0.0021,0.0017,98.9584
663460,Kris Bubic,1795,0.5033,0.3364,0.3493,0.3143,0.0133,0.5068,0.4914,0.0017,0.0017,98.9366
669160,Dustin May,2169,0.4506,0.3076,0.3630,0.3294,0.0119,0.5172,0.4773,0.0055,0.0017,98.9363
681857,Reese Olson,1075,0.4439,0.3973,0.3127,0.2900,0.0105,0.4275,0.5709,0.0017,0.0018,98.9198
518397,Scott Alexander,313,0.4356,0.3368,0.3062,0.3570,0.0097,0.5105,0.4882,0.0013,0.0018,98.9139
643410,Mark Leiter Jr.,832,0.4530,0.3654,0.3226,0.3120,0.0111,0.4655,0.5304,0.0041,0.0018,98.8922
676755,Isaac Mattson,754,0.5089,0.3053,0.4106,0.2841,0.0135,0.5240,0.4744,0.0017,0.0018,98.7733
671111,Sammy Peralta,153,0.5078,0.2870,0.3634,0.3496,0.0146,0.5519,0.4479,0.0002,0.0019,98.7545
686930,Mason Barnett,431,0.4871,0.3371,0.3566,0.3063,0.0114,0.4759,0.5231,0.0011,0.0019,98.7258
489446,Kirby Yates,742,0.5046,0.3619,0.3704,0.2677,0.0133,0.4671,0.5303,0.0026,0.0019,98.7188
689225,Beau Brieske,405,0.4473,0.3686,0.3525,0.2788,0.0106,0.4617,0.5381,0.0001,0.0019,98.6645
547184,Michael Kelly,658,0.4521,0.3553,0.3511,0.2937,0.0121,0.5176,0.4779,0.0045,0.0019,98.6423
674841,Andrew Alvarez,414,0.4729,0.3435,0.3306,0.3259,0.0129,0.4966,0.5030,0.0005,0.0020,98.5652
656605,Mitch Keller,2870,0.5018,0.3086,0.3568,0.3346,0.0137,0.5246,0.4732,0.0022,0.0020,98.5551
625643,Reynaldo López,94,0.4470,0.4058,0.3119,0.2824,0.0125,0.4835,0.5164,0.0000,0.0020,98.5510
673820,Robinson Piña,61,0.4493,0.3321,0.3323,0.3357,0.0129,0.5241,0.4742,0.0017,0.0020,98.5419
676467,Colton Gordon,1451,0.5085,0.2923,0.3691,0.3386,0.0172,0.5465,0.4516,0.0018,0.0020,98.4822
663738,Daniel Lynch IV,1088,0.4735,0.3363,0.3470,0.3168,0.0123,0.5059,0.4905,0.0036,0.0020,98.4589
695445,Chase Lee,580,0.4764,0.2966,0.3667,0.3367,0.0118,0.5238,0.4722,0.0040,0.0021,98.4323
686563,Jonathan Cannon,1793,0.4886,0.3301,0.3585,0.3114,0.0126,0.5029,0.4947,0.0024,0.0021,98.4119
686701,Ryan Bergert,1312,0.4998,0.3337,0.3608,0.3055,0.0133,0.5099,0.4892,0.0010,0.0021,98.3979
605347,Jorge López,386,0.4684,0.2815,0.3643,0.3543,0.0124,0.5343,0.4571,0.0087,0.0021,98.3943
676742,Cam Sanders,147,0.4525,0.3697,0.3608,0.2694,0.0107,0.4559,0.5413,0.0028,0.0021,98.3719
675848,Juan Mejia,1074,0.4797,0.3530,0.3579,0.2891,0.0101,0.4909,0.5050,0.0041,0.0021,98.3215
623433,Nick Anderson,241,0.5311,0.3041,0.3662,0.3297,0.0152,0.5380,0.4598,0.0022,0.0021,98.2807
681343,Shane Smith,2376,0.5047,0.3425,0.3483,0.3093,0.0116,0.5182,0.4791,0.0027,0.0022,98.2138
663855,Jordan Hicks,1199,0.4434,0.3354,0.3421,0.3225,0.0100,0.4941,0.4997,0.0061,0.0022,98.1832
663878,Nate Pearson,280,0.4892,0.3792,0.3537,0.2671,0.0122,0.5252,0.4715,0.0033,0.0022,98.1098
671212,Joe Boyle,932,0.4881,0.3529,0.3646,0.2826,0.0101,0.5078,0.4903,0.0020,0.0023,98.0596
682990,Quinn Priester,2468,0.4596,0.3177,0.3264,0.3558,0.0102,0.4941,0.5041,0.0017,0.0023,98.0018
571578,Patrick Corbin,2588,0.4731,0.3604,0.3226,0.3170,0.0128,0.4630,0.5363,0.0007,0.0023,97.9855
434378,Justin Verlander,2608,0.4989,0.3000,0.3769,0.3231,0.0144,0.5045,0.4935,0.0020,0.0023,97.9569
519151,Ryan Pressly,661,0.4721,0.3530,0.3318,0.3151,0.0115,0.5124,0.4851,0.0025,0.0024,97.9298
677958,Kumar Rocker,1090,0.4885,0.3299,0.3449,0.3253,0.0118,0.4963,0.5026,0.0011,0.0024,97.8901
682610,Roddery Muñoz,229,0.4914,0.3942,0.3230,0.2828,0.0095,0.4434,0.5561,0.0005,0.0024,97.8751
606996,Kyle Hart,691,0.4593,0.3247,0.3454,0.3298,0.0137,0.5212,0.4773,0.0016,0.0024,97.8684
605135,Chris Bassitt,2825,0.4739,0.3056,0.3537,0.3407,0.0120,0.5066,0.4890,0.0044,0.0024,97.8142
678022,Jack Perkins,637,0.4841,0.3837,0.3528,0.2635,0.0108,0.4619,0.5364,0.0017,0.0025,97.7343
605463,Tayler Scott,536,0.4484,0.3646,0.3735,0.2619,0.0105,0.4309,0.5678,0.0012,0.0025,97.7237
663623,Jake Irvin,2944,0.4970,0.2832,0.3636,0.3532,0.0147,0.5374,0.4602,0.0023,0.0025,97.7170
641585,J.P. France,76,0.4761,0.4153,0.3226,0.2621,0.0113,0.4582,0.5416,0.0002,0.0025,97.7154
690925,Clayton Beeter,465,0.4547,0.3900,0.3520,0.2580,0.0107,0.4581,0.5408,0.0011,0.0025,97.6707
571760,Andrew Heaney,2082,0.4916,0.3067,0.3719,0.3214,0.0149,0.5132,0.4843,0.0025,0.0025,97.6589
695418,Brad Lord,2127,0.5116,0.2882,0.3865,0.3253,0.0138,0.5322,0.4660,0.0018,0.0025,97.6489
681869,Shawn Dubin,551,0.4475,0.3394,0.3460,0.3146,0.0107,0.4876,0.5087,0.0037,0.0025,97.6481
669020,Ryan Rolison,676,0.4674,0.3399,0.3441,0.3160,0.0111,0.5042,0.4947,0.0011,0.0025,97.6476
682847,Luis Ortiz,1500,0.4783,0.3444,0.3520,0.3036,0.0111,0.5036,0.4955,0.0009,0.0026,97.5924
680767,Victor Vodnik,918,0.4677,0.4037,0.3236,0.2727,0.0089,0.4473,0.5523,0.0004,0.0026,97.5846
702795,Ryan Loutos,231,0.4766,0.3132,0.3619,0.3248,0.0120,0.5174,0.4812,0.0014,0.0026,97.5562
669308,Sean Reynolds,494,0.4659,0.3402,0.3710,0.2888,0.0119,0.4943,0.5033,0.0024,0.0026,97.5389
693821,Bryce Elder,2514,0.4753,0.3370,0.3187,0.3443,0.0115,0.4829,0.5157,0.0014,0.0026,97.5276
681190,Randy Vásquez,2147,0.5000,0.2983,0.3594,0.3423,0.0137,0.5338,0.4641,0.0022,0.0026,97.5069
804636,Jonah Tong,371,0.4655,0.3688,0.3636,0.2676,0.0118,0.5159,0.4830,0.0010,0.0026,97.4851
623167,Chris Flexen,673,0.4987,0.3123,0.3602,0.3275,0.0146,0.5202,0.4796,0.0002,0.0026,97.4788
519008,T.J. McFarland,272,0.4534,0.2904,0.3428,0.3669,0.0125,0.5159,0.4819,0.0022,0.0027,97.4305
656794,Sean Newcomb,1546,0.4582,0.3010,0.3697,0.3293,0.0122,0.5140,0.4818,0.0041,0.0027,97.4201
543518,Scott McGough,297,0.4896,0.3844,0.3292,0.2863,0.0128,0.4578,0.5418,0.0004,0.0027,97.3814
684007,Shota Imanaga,2176,0.5365,0.3202,0.3647,0.3151,0.0171,0.5157,0.4830,0.0012,0.0027,97.3734
642152,Lou Trivino,841,0.4790,0.3293,0.3549,0.3158,0.0112,0.4993,0.4963,0.0044,0.0027,97.3073
681676,Ryan Fernandez,523,0.4812,0.3999,0.3234,0.2767,0.0109,0.4702,0.5277,0.0021,0.0027,97.2909
665152,Dean Kremer,2692,0.4916,0.3360,0.3438,0.3202,0.0136,0.5007,0.4984,0.0009,0.0028,97.2038
607067,Colin Rea,2533,0.4961,0.3053,0.3661,0.3286,0.0140,0.5009,0.4963,0.0028,0.0028,97.1985
701552,Andre Granillo,361,0.5127,0.4219,0.3061,0.2721,0.0140,0.5200,0.4781,0.0020,0.0028,97.1886
667755,José Soriano,2784,0.4616,0.3346,0.3273,0.3380,0.0088,0.4837,0.5142,0.0021,0.0028,97.1852
676680,Tom Cosgrove,64,0.4311,0.2923,0.3844,0.3233,0.0123,0.4453,0.5545,0.0002,0.0028,97.1507
694477,Chad Patrick,2010,0.4763,0.3447,0.3583,0.2970,0.0132,0.4960,0.5021,0.0019,0.0028,97.1304
678394,Brayan Bello,2641,0.4786,0.3401,0.3349,0.3250,0.0108,0.4803,0.5169,0.0028,0.0029,97.1081
656849,David Peterson,2696,0.4917,0.3169,0.3313,0.3517,0.0115,0.4863,0.5107,0.0030,0.0029,97.1037
621057,Justin Garza,86,0.4834,0.3185,0.3793,0.3022,0.0132,0.5140,0.4855,0.0005,0.0029,97.0153
680704,Nick Sandlin,289,0.4618,0.3840,0.3452,0.2707,0.0113,0.4385,0.5584,0.0031,0.0029,96.9764
663399,Brandon Waddell,512,0.4773,0.3368,0.3380,0.3252,0.0126,0.4883,0.5103,0.0014,0.0029,96.9668
697812,Joe Rock,145,0.4442,0.3254,0.3464,0.3282,0.0105,0.4989,0.4927,0.0084,0.0029,96.9566
669193,Jack Little,44,0.4560,0.3862,0.3447,0.2692,0.0127,0.4136,0.5819,0.0045,0.0030,96.9162
663767,Chase Shugart,692,0.4610,0.3510,0.3457,0.3033,0.0120,0.4939,0.5015,0.0046,0.0030,96.8745
677955,Jaden Hill,488,0.4762,0.3655,0.3381,0.2965,0.0101,0.4788,0.5176,0.0036,0.0030,96.8447
663436,Davis Martin,2307,0.5033,0.3481,0.3360,0.3159,0.0121,0.4870,0.5116,0.0014,0.0030,96.7897
650644,Aaron Civale,1747,0.4697,0.3017,0.3703,0.3280,0.0143,0.5118,0.4866,0.0016,0.0031,96.7631
681293,Spencer Arrighetti,618,0.4594,0.3722,0.3397,0.2881,0.0126,0.4878,0.5088,0.0034,0.0031,96.7604
681870,Erik Sabrowski,503,0.4797,0.3628,0.3877,0.2495,0.0117,0.4758,0.5215,0.0027,0.0031,96.6577
543056,Danny Coulombe,719,0.4636,0.3241,0.3635,0.3124,0.0130,0.4609,0.5385,0.0007,0.0031,96.6481
671737,Taj Bradley,2272,0.4832,0.3334,0.3677,0.2989,0.0119,0.4928,0.5056,0.0016,0.0031,96.6235
661563,Luis Gil,970,0.4817,0.3791,0.3543,0.2666,0.0113,0.5031,0.4951,0.0018,0.0031,96.6139
592454,Tommy Kahnle,1025,0.4945,0.3690,0.3137,0.3172,0.0115,0.4922,0.5053,0.0025,0.0032,96.5945
607455,Anthony Banda,1059,0.4663,0.4093,0.3221,0.2687,0.0102,0.4562,0.5384,0.0054,0.0032,96.5918
656557,Tanner Houck,749,0.4488,0.3152,0.3532,0.3316,0.0104,0.4705,0.5236,0.0059,0.0032,96.5853
801403,Chase Dollander,1778,0.4913,0.3599,0.3592,0.2809,0.0109,0.4951,0.5007,0.0042,0.0032,96.5785
608718,Brent Suter,1114,0.4828,0.3160,0.3319,0.3520,0.0136,0.5226,0.4761,0.0013,0.0032,96.5769
805427,Drew Sommers,78,0.4249,0.3386,0.3423,0.3191,0.0087,0.4820,0.5177,0.0004,0.0032,96.5674
669084,DL Hall,588,0.4597,0.3508,0.3334,0.3158,0.0124,0.5100,0.4864,0.0036,0.0032,96.5412
656288,Griffin Canning,1343,0.4919,0.3492,0.3384,0.3124,0.0131,0.4923,0.5068,0.0009,0.0032,96.5364
663903,Brady Singer,2850,0.4610,0.3294,0.3434,0.3272,0.0141,0.4930,0.5048,0.0022,0.0032,96.5327
621366,Ryan Borucki,594,0.4788,0.3910,0.3067,0.3023,0.0106,0.4698,0.5266,0.0036,0.0032,96.5299
663992,Richard Lovelady,221,0.5091,0.3641,0.3393,0.2966,0.0111,0.4894,0.4957,0.0149,0.0032,96.5092
657424,Matt Gage,531,0.4912,0.3735,0.3305,0.2961,0.0107,0.4737,0.5209,0.0054,0.0032,96.5088
663671,Nic Enright,532,0.4784,0.3541,0.3708,0.2751,0.0120,0.4721,0.5274,0.0006,0.0032,96.4671
674370,Osvaldo Bido,1378,0.4988,0.3413,0.3613,0.2974,0.0133,0.5174,0.4787,0.0039,0.0033,96.4333
641778,Eric Lauer,1682,0.4996,0.3124,0.3673,0.3203,0.0149,0.5165,0.4828,0.0006,0.0033,96.4045
693313,Carson Seymour,621,0.4434,0.3190,0.3508,0.3302,0.0098,0.5125,0.4863,0.0012,0.0033,96.3714
445926,Jesse Chavez,171,0.4043,0.3205,0.3620,0.3176,0.0124,0.5148,0.4822,0.0029,0.0033,96.3500
669062,Erik Miller,482,0.4370,0.4068,0.3429,0.2503,0.0084,0.4142,0.5845,0.0014,0.0033,96.3363
680702,Joey Gerber,64,0.4703,0.2838,0.4249,0.2913,0.0142,0.5533,0.4409,0.0058,0.0033,96.3346
450203,Charlie Morton,2548,0.4730,0.3569,0.3433,0.2998,0.0118,0.4787,0.5148,0.0065,0.0034,96.2670
622554,Seranthony Domínguez,1101,0.4350,0.4298,0.3260,0.2442,0.0086,0.4331,0.5628,0.0041,0.0034,96.1852
700249,Cade Povich,1971,0.4852,0.3335,0.3573,0.3093,0.0135,0.4941,0.5045,0.0014,0.0035,96.0866
678024,Mike Vasil,1646,0.4413,0.3178,0.3485,0.3337,0.0108,0.4881,0.5092,0.0027,0.0035,96.0673
664192,Joey Lucchesi,632,0.4544,0.2961,0.3706,0.3334,0.0121,0.4991,0.4971,0.0038,0.0035,95.9632
622503,Nabil Crismatt,534,0.4875,0.2940,0.3451,0.3609,0.0157,0.5223,0.4775,0.0002,0.0036,95.9382
642232,Ryan Yarbrough,1017,0.4843,0.3152,0.3500,0.3348,0.0133,0.5007,0.4968,0.0025,0.0036,95.8966
663465,Kolby Allard,1000,0.5165,0.2892,0.3548,0.3560,0.0168,0.5389,0.4599,0.0012,0.0036,95.8693
670102,Bowden Francis,1141,0.4804,0.3479,0.3681,0.2840,0.0140,0.4836,0.5117,0.0047,0.0036,95.8676
641793,Zack Littell,2700,0.5279,0.2885,0.3617,0.3498,0.0159,0.5397,0.4588,0.0015,0.0036,95.7977
676664,JP Sears,2366,0.4777,0.3074,0.3659,0.3266,0.0156,0.5194,0.4782,0.0024,0.0037,95.7855
547179,Michael Lorenzen,2318,0.4726,0.3315,0.3423,0.3262,0.0137,0.4941,0.5032,0.0026,0.0037,95.7780
670912,Johan Oviedo,665,0.4389,0.3807,0.3441,0.2753,0.0120,0.4889,0.5094,0.0016,0.0037,95.7216
663546,Sean Hjelle,254,0.4184,0.3128,0.3382,0.3490,0.0120,0.4957,0.5037,0.0005,0.0037,95.6763
678215,Luarbert Arias,207,0.4721,0.3406,0.3558,0.3036,0.0147,0.5360,0.4579,0.0061,0.0037,95.6625
674944,Sean Guenther,154,0.4357,0.2815,0.3357,0.3828,0.0147,0.5694,0.4299,0.0007,0.0037,95.6589
664141,JT Brubaker,469,0.4243,0.3496,0.3193,0.3311,0.0100,0.4434,0.5552,0.0013,0.0037,95.6312
676130,José Buttó,1095,0.4498,0.4010,0.3160,0.2830,0.0092,0.4372,0.5601,0.0026,0.0037,95.6306
593576,Héctor Neris,547,0.5003,0.3677,0.3516,0.2806,0.0125,0.4516,0.5469,0.0015,0.0038,95.5631
592662,Robbie Ray,3069,0.5129,0.3793,0.3576,0.2632,0.0129,0.4759,0.5232,0.0009,0.0038,95.5298
687606,Paxton Schultz,448,0.4726,0.3817,0.3502,0.2680,0.0126,0.4585,0.5412,0.0003,0.0038,95.5136
670059,Colin Holderman,492,0.4599,0.3592,0.3381,0.3028,0.0104,0.5013,0.4927,0.0059,0.0039,95.4416
592836,Taijuan Walker,2061,0.4913,0.3063,0.3527,0.3410,0.0137,0.5027,0.4960,0.0013,0.0039,95.4411
642016,Daniel Robert,255,0.4868,0.3509,0.3638,0.2853,0.0111,0.5053,0.4895,0.0052,0.0039,95.4146
608334,Carson Fulmer,460,0.4728,0.3581,0.3236,0.3183,0.0114,0.4728,0.5245,0.0026,0.0039,95.3698
681432,Luke Little,76,0.4440,0.3770,0.3256,0.2974,0.0100,0.4278,0.5704,0.0019,0.0039,95.3560
674285,Eduardo Salazar,545,0.4577,0.3204,0.3561,0.3234,0.0115,0.5130,0.4846,0.0023,0.0039,95.3441
701519,Travis Adams,663,0.4781,0.3784,0.3236,0.2980,0.0108,0.4739,0.5240,0.0021,0.0040,95.2780
669684,Chris Murphy,569,0.4401,0.3798,0.3411,0.2791,0.0107,0.4512,0.5452,0.0036,0.0040,95.2714
518585,Fernando Cruz,792,0.4444,0.4676,0.2951,0.2373,0.0109,0.3993,0.5979,0.0027,0.0040,95.1929
668390,Cole Winn,581,0.4393,0.3680,0.3345,0.2975,0.0104,0.4885,0.5061,0.0054,0.0040,95.1792
660604,Alan Rangel,174,0.4680,0.3206,0.3426,0.3369,0.0154,0.4903,0.5096,0.0001,0.0040,95.1373
663432,Tanner Rainey,201,0.4618,0.4240,0.3337,0.2423,0.0101,0.4404,0.5580,0.0016,0.0041,95.0685
829272,Shinnosuke Ogasawara,674,0.4669,0.3456,0.3361,0.3184,0.0150,0.5315,0.4652,0.0033,0.0041,95.0575
621053,Tyler Ferguson,990,0.4680,0.3633,0.3526,0.2840,0.0120,0.4871,0.5061,0.0068,0.0041,95.0445
605177,Andrew Chafin,614,0.4764,0.3496,0.3247,0.3257,0.0126,0.4355,0.5641,0.0004,0.0041,95.0239
680730,Mitchell Parker,2704,0.5032,0.2991,0.3591,0.3418,0.0157,0.5215,0.4779,0.0006,0.0041,94.9866
607192,Tyler Glasnow,1480,0.4406,0.3729,0.3279,0.2992,0.0120,0.4893,0.5097,0.0010,0.0041,94.9734
672391,Kaleb Ort,788,0.4677,0.3948,0.3541,0.2511,0.0112,0.4609,0.5377,0.0014,0.0041,94.9720
518886,Craig Kimbrel,230,0.4403,0.4383,0.3425,0.2191,0.0110,0.4177,0.5800,0.0023,0.0041,94.9660
641927,Bailey Ober,2354,0.5159,0.3346,0.3433,0.3221,0.0159,0.5010,0.4972,0.0018,0.0042,94.8973
664062,Tony Gonsolin,609,0.4803,0.3395,0.3485,0.3120,0.0143,0.4918,0.5067,0.0015,0.0042,94.8743
681751,Lazaro Estrada,119,0.4785,0.3413,0.3496,0.3090,0.0145,0.5107,0.4799,0.0094,0.0042,94.8505
656186,Dan Altavilla,456,0.4817,0.3568,0.3506,0.2926,0.0098,0.4872,0.5101,0.0027,0.0042,94.8498
687134,Bradley Blalock,1033,0.4828,0.3319,0.3413,0.3268,0.0131,0.4985,0.4998,0.0017,0.0042,94.8380
665625,Elvis Peguero,187,0.4514,0.3956,0.2959,0.3084,0.0079,0.4088,0.5871,0.0041,0.0042,94.8294
607200,Erick Fedde,2369,0.4529,0.3148,0.3395,0.3457,0.0120,0.4956,0.5030,0.0014,0.0042,94.8166
674384,Eduarniel Núñez,249,0.4374,0.4284,0.3413,0.2303,0.0092,0.4445,0.5541,0.0014,0.0042,94.7977
544150,Albert Suárez,173,0.4914,0.4050,0.3317,0.2634,0.0120,0.4640,0.5346,0.0015,0.0042,94.7967
660730,Elvin Rodríguez,331,0.4861,0.3688,0.3609,0.2703,0.0127,0.4844,0.5142,0.0014,0.0043,94.7856
657053,Touki Toussaint,37,0.4146,0.3217,0.3431,0.3353,0.0077,0.4090,0.5908,0.0002,0.0043,94.7099
676428,Brant Hurter,1024,0.4258,0.3170,0.3318,0.3513,0.0101,0.4991,0.4922,0.0087,0.0043,94.6375
680880,Grant Holman,375,0.4675,0.4044,0.3290,0.2667,0.0101,0.4303,0.5686,0.0011,0.0043,94.6290
692030,Jose Corniell,41,0.5506,0.3020,0.3795,0.3185,0.0133,0.5922,0.4078,0.0001,0.0044,94.5752
691172,Yosver Zulueta,140,0.4558,0.3052,0.3523,0.3425,0.0116,0.5471,0.4520,0.0010,0.0044,94.5716
661527,Seth Martinez,120,0.4704,0.3372,0.3546,0.3082,0.0142,0.5272,0.4702,0.0026,0.0044,94.5549
671131,Jackson Rutledge,1339,0.4536,0.3397,0.3610,0.2993,0.0113,0.4863,0.5092,0.0045,0.0045,94.4359
676106,Emerson Hancock,1423,0.4786,0.3164,0.3581,0.3255,0.0115,0.4970,0.5015,0.0015,0.0045,94.4355
669674,Sam Long,786,0.4706,0.3448,0.3491,0.3062,0.0128,0.4920,0.5065,0.0015,0.0045,94.4199
605242,Michael Fulmer,90,0.4491,0.3964,0.3161,0.2875,0.0111,0.5016,0.4973,0.0012,0.0045,94.3619
664294,Dauri Moreta,272,0.4764,0.3350,0.3650,0.3000,0.0144,0.5042,0.4948,0.0010,0.0045,94.3614
669422,Matt Sauer,512,0.4969,0.3393,0.3462,0.3145,0.0126,0.4921,0.5022,0.0057,0.0045,94.3450
694462,Hurston Waldrep,851,0.4754,0.3359,0.3354,0.3287,0.0117,0.4848,0.5122,0.0030,0.0046,94.2930
543294,Kyle Hendricks,2571,0.4767,0.2533,0.3324,0.4143,0.0161,0.5290,0.4693,0.0017,0.0046,94.2829
622253,Dillon Tate,139,0.4477,0.3240,0.3541,0.3219,0.0120,0.4869,0.5118,0.0012,0.0046,94.2814
623474,Jimmy Herget,1281,0.4355,0.3285,0.3562,0.3153,0.0127,0.5258,0.4692,0.0050,0.0046,94.1925
676571,PJ Poulin,419,0.4577,0.3620,0.3476,0.2904,0.0111,0.4662,0.5258,0.0079,0.0046,94.1683
621244,José Berríos,2583,0.4557,0.2934,0.3529,0.3537,0.0135,0.4802,0.5171,0.0027,0.0046,94.1603
669620,Brady Basso,206,0.5126,0.3028,0.3593,0.3380,0.0135,0.5234,0.4761,0.0005,0.0047,94.0817
683409,Angel Chivilli,1022,0.4801,0.3629,0.3310,0.3061,0.0102,0.4646,0.5300,0.0054,0.0047,94.0797
669854,Ronel Blanco,793,0.4964,0.3622,0.3419,0.2959,0.0139,0.4693,0.5298,0.0009,0.0047,94.0666
681810,Austin Warren,146,0.4195,0.3560,0.3350,0.3090,0.0112,0.4846,0.5110,0.0045,0.0048,93.9574
573186,Marcus Stroman,704,0.4551,0.3134,0.3455,0.3412,0.0123,0.4941,0.5045,0.0015,0.0048,93.9366
668716,Noah Murdock,391,0.4535,0.3397,0.3470,0.3133,0.0090,0.4710,0.5237,0.0053,0.0048,93.9220
685299,Tanner Gordon,1244,0.5379,0.2795,0.3578,0.3628,0.0173,0.5561,0.4428,0.0012,0.0048,93.9027
675650,Michael Mercado,84,0.4719,0.4170,0.3561,0.2270,0.0106,0.4692,0.5302,0.0006,0.0048,93.8634
685126,Brandon Eisert,1216,0.4577,0.4031,0.3048,0.2921,0.0125,0.4390,0.5591,0.0020,0.0048,93.8330
675911,Spencer Strider,2110,0.4730,0.4060,0.3284,0.2656,0.0123,0.4501,0.5472,0.0028,0.0048,93.8040
641482,Nestor Cortes,599,0.4538,0.3390,0.3531,0.3080,0.0139,0.5004,0.4985,0.0011,0.0049,93.7878
686642,Fraser Ellard,329,0.4504,0.3592,0.3633,0.2775,0.0104,0.4611,0.5372,0.0017,0.0049,93.7579
605488,Jeffrey Springs,2847,0.4794,0.3187,0.3537,0.3276,0.0140,0.4818,0.5175,0.0007,0.0049,93.7298
670174,Josh Winckowski,207,0.4960,0.3434,0.3565,0.3001,0.0099,0.4499,0.5440,0.0061,0.0049,93.6584
677020,Josh Walker,92,0.4410,0.3746,0.3550,0.2704,0.0124,0.4520,0.5467,0.0013,0.0049,93.6380
669060,Bryse Wilson,847,0.4813,0.3416,0.3352,0.3232,0.0123,0.4763,0.5228,0.0009,0.0050,93.5974
669467,Andre Pallante,2720,0.4780,0.3326,0.3354,0.3321,0.0104,0.4675,0.5306,0.0019,0.0050,93.5969
595897,Nick Burdi,83,0.4269,0.3530,0.3494,0.2976,0.0097,0.5147,0.4799,0.0054,0.0050,93.5886
673380,Dedniel Núñez,183,0.5313,0.4024,0.3442,0.2534,0.0113,0.5001,0.4965,0.0034,0.0050,93.5871
801434,Paul Gervase,136,0.4623,0.3292,0.3606,0.3102,0.0142,0.5270,0.4728,0.0002,0.0050,93.5049
592351,Jon Gray,210,0.4858,0.3564,0.3275,0.3161,0.0130,0.4910,0.5088,0.0002,0.0050,93.5021
689017,Landon Knack,773,0.4847,0.3185,0.3618,0.3197,0.0155,0.5046,0.4939,0.0016,0.0050,93.4999
673540,Kodai Senga,1899,0.4648,0.3921,0.3228,0.2851,0.0124,0.4496,0.5486,0.0018,0.0050,93.4720
680573,Simeon Woods Richardson,1872,0.5024,0.3332,0.3539,0.3129,0.0148,0.5011,0.4981,0.0008,0.0051,93.4605
680689,Lyon Richardson,674,0.4505,0.3627,0.3298,0.3074,0.0101,0.4720,0.5251,0.0030,0.0051,93.4250
676969,Brett de Geus,47,0.4304,0.2654,0.3770,0.3576,0.0116,0.5040,0.4933,0.0027,0.0051,93.3981
690382,Michael Darrell-Hicks,158,0.4838,0.3738,0.3185,0.3076,0.0105,0.4720,0.5208,0.0071,0.0051,93.3557
608337,Lucas Giolito,2366,0.4931,0.3517,0.3445,0.3038,0.0149,0.5009,0.4980,0.0011,0.0052,93.3021
687922,Easton Lucas,438,0.5072,0.3431,0.3576,0.2993,0.0125,0.4789,0.5198,0.0013,0.0052,93.2690
521230,Liam Hendriks,231,0.4304,0.4368,0.3323,0.2309,0.0092,0.4141,0.5842,0.0017,0.0052,93.2687
647336,Michael Soroka,1527,0.4967,0.3267,0.3632,0.3101,0.0145,0.5203,0.4711,0.0085,0.0052,93.2670
665871,Javier Assad,567,0.4560,0.3024,0.3413,0.3563,0.0131,0.5236,0.4752,0.0011,0.0052,93.2148
682171,Penn Murfee,232,0.4464,0.3556,0.3469,0.2975,0.0116,0.4389,0.5557,0.0054,0.0052,93.1556
670810,Logan Gillaspie,111,0.5439,0.3162,0.3354,0.3484,0.0157,0.5879,0.4058,0.0062,0.0053,93.1292
685314,Andrew Saalfrank,427,0.4658,0.3238,0.3222,0.3541,0.0126,0.5027,0.4962,0.0011,0.0053,93.1121
664747,Alexis Díaz,361,0.4528,0.3895,0.3622,0.2483,0.0114,0.4582,0.5359,0.0059,0.0053,93.0634
688297,Chris Roycroft,394,0.4405,0.3295,0.3598,0.3107,0.0092,0.4624,0.5347,0.0029,0.0053,93.0074
678368,Valente Bellozo,1322,0.4890,0.3403,0.3405,0.3192,0.0159,0.5109,0.4875,0.0016,0.0053,92.9841
600917,José Leclerc,229,0.4492,0.4320,0.3144,0.2537,0.0098,0.4202,0.5773,0.0024,0.0054,92.9055
664353,José Urquidy,56,0.4743,0.3851,0.3224,0.2925,0.0111,0.4819,0.5180,0.0001,0.0054,92.9053
596295,Austin Gomber,999,0.4984,0.2980,0.3387,0.3633,0.0167,0.5284,0.4703,0.0012,0.0054,92.8831
657514,Brennan Bernardino,833,0.4277,0.3223,0.3391,0.3386,0.0117,0.4926,0.5013,0.0061,0.0054,92.8483
621121,Lance McCullers Jr.,1147,0.4452,0.3496,0.3497,0.3008,0.0114,0.4857,0.5107,0.0036,0.0054,92.8282
669371,Cole Henry,965,0.4335,0.3742,0.3607,0.2652,0.0123,0.4726,0.5204,0.0070,0.0054,92.8207
621111,Walker Buehler,2189,0.4835,0.3419,0.3493,0.3089,0.0127,0.4682,0.5277,0.0041,0.0055,92.7654
676282,Joey Cantillo,1637,0.4690,0.3313,0.3262,0.3425,0.0165,0.5214,0.4782,0.0003,0.0055,92.7089
646242,Jhonathan Díaz,26,0.5408,0.2918,0.3542,0.3540,0.0171,0.6208,0.3679,0.0113,0.0055,92.7053
663559,Bailey Falter,1951,0.4958,0.2998,0.3759,0.3243,0.0156,0.5136,0.4861,0.0004,0.0055,92.6924
676206,Freddy Tarnok,130,0.4328,0.3615,0.3426,0.2958,0.0118,0.4732,0.5261,0.0007,0.0055,92.6718
693855,Ian Seymour,995,0.5153,0.3180,0.3528,0.3292,0.0151,0.5093,0.4879,0.0028,0.0055,92.6595
622608,Antonio Senzatela,2284,0.4694,0.3199,0.3496,0.3306,0.0121,0.4938,0.5041,0.0021,0.0056,92.6201
607625,Seth Lugo,2380,0.4474,0.2988,0.3561,0.3451,0.0146,0.5047,0.4933,0.0020,0.0056,92.5696
683627,Anthony Molina,608,0.4543,0.3775,0.3190,0.3035,0.0114,0.4410,0.5572,0.0018,0.0056,92.5499
477132,Clayton Kershaw,1684,0.4708,0.3402,0.3199,0.3399,0.0143,0.5028,0.4966,0.0006,0.0056,92.5330
694350,Zach Brzykcy,459,0.4751,0.3681,0.3591,0.2728,0.0115,0.4188,0.5793,0.0019,0.0056,92.5251
666168,Mason Thompson,239,0.4322,0.3347,0.3532,0.3121,0.0109,0.4483,0.5509,0.0008,0.0056,92.5018
500779,Jose Quintana,2174,0.4586,0.3028,0.3312,0.3661,0.0130,0.4732,0.5252,0.0016,0.0057,92.4639
665665,Reiver Sanmartin,25,0.4936,0.3884,0.2888,0.3228,0.0094,0.4734,0.5264,0.0002,0.0057,92.4071
543859,Michael Tonkin,397,0.4669,0.2956,0.3865,0.3179,0.0147,0.5273,0.4626,0.0101,0.0057,92.3345
669391,Owen White,119,0.4664,0.3759,0.3174,0.3067,0.0126,0.5012,0.4974,0.0014,0.0058,92.2526
642048,Tayler Saucedo,232,0.4529,0.3406,0.3208,0.3386,0.0103,0.4734,0.5261,0.0005,0.0058,92.2277
692285,Luis Guerrero,288,0.4384,0.4309,0.3136,0.2555,0.0108,0.4405,0.5591,0.0004,0.0058,92.1780
641540,Dane Dunning,372,0.4501,0.2956,0.3574,0.3470,0.0129,0.4791,0.5169,0.0040,0.0058,92.1699
606930,Jacob Barnes,146,0.4101,0.4703,0.2814,0.2483,0.0092,0.4097,0.5902,0.0001,0.0059,92.0760
672710,Roansy Contreras,197,0.4795,0.3158,0.3647,0.3195,0.0129,0.4888,0.5035,0.0077,0.0059,92.0516
594580,Sam Moll,332,0.3744,0.3679,0.3207,0.3114,0.0113,0.4415,0.5577,0.0007,0.0060,91.9644
676051,Codi Heuer,87,0.4106,0.4293,0.3023,0.2683,0.0103,0.4140,0.5854,0.0006,0.0060,91.9521
699134,Bradgley Rodriguez,127,0.4480,0.3655,0.3666,0.2679,0.0086,0.4346,0.5527,0.0127,0.0061,91.7676
687075,Brandon Sproat,290,0.4967,0.2962,0.3543,0.3495,0.0121,0.5336,0.4593,0.0071,0.0061,91.7533
677976,Randy Dobnak,79,0.4378,0.3950,0.3043,0.3006,0.0092,0.4143,0.5848,0.0009,0.0061,91.7482
669920,Jason Alexander,1252,0.4559,0.3055,0.3344,0.3601,0.0135,0.5095,0.4880,0.0025,0.0061,91.7331
672782,Yoendrys Gómez,1099,0.4668,0.3327,0.3482,0.3191,0.0130,0.4881,0.5069,0.0050,0.0061,91.7034
593958,Eduardo Rodriguez,2588,0.4726,0.3059,0.3583,0.3358,0.0133,0.4777,0.5215,0.0008,0.0062,91.5676
641656,Ian Hamilton,641,0.4452,0.3424,0.3489,0.3087,0.0105,0.4695,0.5290,0.0015,0.0062,91.4962
615698,Cal Quantrill,2004,0.4871,0.3228,0.3585,0.3187,0.0135,0.4690,0.5274,0.0036,0.0062,91.4880
682052,Jacob Lopez,1666,0.4849,0.3239,0.3586,0.3175,0.0146,0.4740,0.5235,0.0025,0.0063,91.4530
570632,José Ureña,934,0.4749,0.3329,0.3405,0.3265,0.0125,0.5043,0.4939,0.0018,0.0064,91.2728
605130,Scott Barlow,1272,0.4665,0.3975,0.3164,0.2861,0.0126,0.4648,0.5273,0.0080,0.0064,91.1792
542881,Tyler Anderson,2339,0.5024,0.3369,0.3382,0.3249,0.0153,0.4858,0.5129,0.0013,0.0066,90.8270
672335,Cionel Pérez,437,0.4469,0.3443,0.3364,0.3193,0.0099,0.4782,0.5177,0.0041,0.0067,90.7652
663773,Bryan Hoeing,131,0.4274,0.3391,0.3177,0.3432,0.0101,0.4604,0.5370,0.0026,0.0067,90.6847
678906,Kai-Wei Teng,573,0.4472,0.3766,0.3369,0.2865,0.0118,0.4726,0.5187,0.0087,0.0068,90.6418
621139,Brooks Kriske,381,0.4563,0.3859,0.3301,0.2840,0.0127,0.4480,0.5508,0.0012,0.0068,90.5618
674072,Tommy Henry,107,0.4717,0.3360,0.3291,0.3349,0.0151,0.4613,0.5324,0.0063,0.0068,90.5282
686730,Carson Spiers,245,0.4456,0.3631,0.3212,0.3157,0.0133,0.4519,0.5452,0.0029,0.0069,90.4600
663372,Ryan Feltner,522,0.4653,0.3552,0.3377,0.3072,0.0119,0.4621,0.5357,0.0022,0.0069,90.4494
642216,Allan Winans,171,0.4723,0.3236,0.3289,0.3475,0.0137,0.4989,0.4979,0.0032,0.0069,90.3779
657024,Erik Swanson,128,0.5061,0.4007,0.3213,0.2780,0.0124,0.4472,0.5461,0.0068,0.0069,90.3244
641672,Thomas Hatch,585,0.4963,0.3706,0.3300,0.2994,0.0124,0.4500,0.5488,0.0013,0.0070,90.2518
692024,Alex Carrillo,84,0.4163,0.4938,0.2964,0.2098,0.0075,0.4159,0.5754,0.0087,0.0070,90.2434
682120,Tim Herrin,750,0.4424,0.3899,0.3238,0.2863,0.0102,0.4482,0.5437,0.0081,0.0070,90.2357
682790,Wikelman González,368,0.4534,0.3405,0.3629,0.2966,0.0132,0.4998,0.4982,0.0020,0.0070,90.2329
608717,Chris Stratton,411,0.4391,0.3731,0.3246,0.3024,0.0128,0.4696,0.5301,0.0003,0.0070,90.2087
671106,Logan Allen,2632,0.4705,0.3142,0.3561,0.3297,0.0149,0.4908,0.5078,0.0014,0.0071,90.1261
806185,Hayden Birdsong,1194,0.4641,0.3933,0.3414,0.2652,0.0118,0.4483,0.5500,0.0017,0.0071,90.0261
684974,Craig Yoho,176,0.4235,0.3885,0.3380,0.2735,0.0129,0.4622,0.5346,0.0032,0.0072,89.9514
686799,Jack Kochanowicz,1858,0.4703,0.3159,0.3505,0.3337,0.0102,0.4873,0.5096,0.0031,0.0072,89.9498
679885,Justin Martinez,268,0.4402,0.3793,0.3508,0.2699,0.0076,0.4376,0.5512,0.0112,0.0073,89.7422
656457,Tyler Gilbert,839,0.4431,0.3236,0.3527,0.3237,0.0117,0.4877,0.5056,0.0067,0.0073,89.7149
687424,Anthony Maldonado,129,0.3892,0.4397,0.3189,0.2414,0.0132,0.4128,0.5866,0.0006,0.0073,89.7135
663893,Brendon Little,1240,0.4044,0.4614,0.2753,0.2633,0.0066,0.3662,0.6319,0.0019,0.0073,89.6996
502043,Kyle Gibson,280,0.4138,0.3803,0.2957,0.3240,0.0115,0.4167,0.5832,0.0002,0.0074,89.6369
691251,Andry Lara,255,0.4666,0.2897,0.3641,0.3462,0.0123,0.5191,0.4769,0.0040,0.0074,89.6364
686826,Bryce Jarvis,409,0.4682,0.3230,0.3437,0.3333,0.0159,0.5146,0.4827,0.0027,0.0074,89.5477
680701,John Rooney,23,0.3846,0.4857,0.2990,0.2153,0.0116,0.4571,0.5397,0.0032,0.0075,89.3424
547001,Cody Poteet,68,0.4808,0.2923,0.3607,0.3470,0.0123,0.5172,0.4826,0.0002,0.0076,89.3112
471911,Carlos Carrasco,778,0.4653,0.3229,0.3301,0.3470,0.0137,0.4741,0.5253,0.0006,0.0077,89.0825
607179,Jordan Weems,98,0.4632,0.3774,0.3411,0.2815,0.0114,0.4275,0.5724,0.0001,0.0078,88.9819
608566,Germán Márquez,2085,0.4776,0.3166,0.3482,0.3352,0.0144,0.5074,0.4910,0.0016,0.0078,88.9418
695534,Chase Petty,169,0.4375,0.3850,0.3407,0.2743,0.0103,0.4222,0.5754,0.0024,0.0078,88.9259
666659,Sauryn Lao,185,0.4605,0.3613,0.3165,0.3222,0.0115,0.4918,0.5025,0.0057,0.0079,88.7911
527048,Martín Pérez,902,0.4591,0.3086,0.3375,0.3539,0.0144,0.4926,0.5068,0.0006,0.0079,88.7841
682825,Luis Mey,414,0.4474,0.3429,0.3401,0.3170,0.0079,0.4576,0.5375,0.0049,0.0080,88.6622
687849,Zak Kent,308,0.4232,0.3409,0.3416,0.3175,0.0113,0.4824,0.5162,0.0014,0.0081,88.4780
489119,Wade Miley,205,0.5053,0.3438,0.3380,0.3181,0.0134,0.4773,0.5194,0.0032,0.0081,88.4694
594902,Ben Lively,718,0.4708,0.2773,0.3720,0.3507,0.0175,0.5251,0.4727,0.0022,0.0081,88.4387
688642,Zach Agnos,527,0.4579,0.3930,0.3272,0.2798,0.0111,0.4513,0.5474,0.0012,0.0081,88.4177
643361,Kevin Herget,216,0.5128,0.2843,0.3807,0.3350,0.0198,0.5481,0.4517,0.0001,0.0081,88.3894
656629,Michael Kopech,218,0.4700,0.3959,0.3669,0.2373,0.0096,0.4559,0.5427,0.0014,0.0081,88.3891
681916,Dylan Smith,165,0.4629,0.3754,0.3374,0.2872,0.0130,0.4905,0.5059,0.0036,0.0081,88.3478
678821,Luis Peralta,436,0.4560,0.3595,0.3673,0.2732,0.0117,0.4445,0.5498,0.0056,0.0081,88.3416
664299,Cristian Javier,617,0.4633,0.3628,0.3444,0.2928,0.0140,0.4649,0.5321,0.0029,0.0082,88.3139
808963,Roki Sasaki,621,0.4501,0.3412,0.3524,0.3064,0.0122,0.4601,0.5375,0.0024,0.0082,88.2253
657756,Connor Seabold,185,0.5261,0.3201,0.3780,0.3019,0.0157,0.5206,0.4761,0.0033,0.0082,88.1840
663455,Konnor Pilkington,500,0.4249,0.3954,0.3365,0.2681,0.0105,0.4537,0.5397,0.0066,0.0083,88.1304
656222,Jalen Beeks,916,0.4605,0.3826,0.3279,0.2894,0.0130,0.4599,0.5389,0.0012,0.0083,88.0379
699911,Dugan Darnell,186,0.4417,0.2936,0.3529,0.3535,0.0153,0.5158,0.4838,0.0004,0.0083,88.0176
802419,Thomas Harrington,200,0.5030,0.3294,0.3469,0.3237,0.0168,0.5003,0.4956,0.0041,0.0084,87.9918
687223,Carson Palmquist,705,0.4591,0.3410,0.3530,0.3060,0.0150,0.4891,0.5081,0.0028,0.0084,87.9293
692230,Carlos Rodriguez,208,0.4895,0.3666,0.3373,0.2961,0.0136,0.4687,0.5306,0.0007,0.0084,87.9259
687931,Carson Whisenhunt,408,0.4845,0.3638,0.3316,0.3046,0.0141,0.4540,0.5426,0.0034,0.0084,87.9229
688497,Taylor Rashi,319,0.4578,0.3027,0.3580,0.3394,0.0175,0.4712,0.5284,0.0004,0.0084,87.8593
687362,Connor Gillispie,471,0.4893,0.3353,0.3483,0.3164,0.0158,0.4894,0.5083,0.0023,0.0084,87.8495
664849,Danny Young,158,0.3573,0.3819,0.3116,0.3065,0.0087,0.4480,0.5419,0.0101,0.0086,87.5988
686228,Juan Burgos,220,0.4331,0.3996,0.2988,0.3016,0.0100,0.4816,0.5091,0.0093,0.0088,87.2739
671109,Jake Eder,302,0.5016,0.3454,0.3447,0.3099,0.0145,0.5099,0.4886,0.0016,0.0089,87.1250
702674,Caden Dana,562,0.4469,0.3441,0.3515,0.3043,0.0129,0.4706,0.5255,0.0039,0.0089,87.1131
664948,Anthony Misiewicz,115,0.4646,0.4082,0.2900,0.3018,0.0127,0.4802,0.5197,0.0001,0.0089,87.1120
663558,Jovani Morán,80,0.4379,0.4654,0.2804,0.2543,0.0099,0.4172,0.5824,0.0004,0.0089,87.0565
622379,Luis F. Castillo,168,0.4407,0.3647,0.3448,0.2905,0.0104,0.4299,0.5662,0.0039,0.0090,86.9884
677651,Luis Garcia,106,0.4311,0.3631,0.3470,0.2899,0.0174,0.4506,0.5453,0.0041,0.0090,86.9426
656257,Jeff Brigham,63,0.4846,0.3274,0.3982,0.2744,0.0140,0.4899,0.5087,0.0014,0.0091,86.8466
605507,Zach Thompson,60,0.4516,0.3615,0.3440,0.2945,0.0141,0.4246,0.5711,0.0043,0.0094,86.2958
682989,Victor Mederos,314,0.4597,0.3253,0.3530,0.3217,0.0122,0.5010,0.4932,0.0058,0.0094,86.2926
608665,Kendall Graveman,324,0.4105,0.3901,0.3180,0.2919,0.0089,0.3926,0.6036,0.0038,0.0097,85.8318
671162,Connor Thomas,119,0.4115,0.3101,0.3382,0.3517,0.0116,0.4640,0.5292,0.0067,0.0097,85.7896
685326,McCade Brown,501,0.4516,0.3446,0.3523,0.3031,0.0129,0.4782,0.5117,0.0101,0.0099,85.3982
664129,Geoff Hartlieb,109,0.4377,0.4536,0.2894,0.2570,0.0094,0.4109,0.5829,0.0062,0.0103,84.7177
685005,Christian Roa,41,0.3764,0.3787,0.3357,0.2857,0.0099,0.4997,0.4968,0.0035,0.0105,84.5159
687287,Patrick Monteverde,87,0.5036,0.2727,0.3554,0.3720,0.0160,0.5205,0.4753,0.0042,0.0109,83.8143
663362,Matt Waldron,104,0.4508,0.3590,0.3353,0.3056,0.0159,0.4812,0.5166,0.0022,0.0110,83.6692
663542,Bryan Hudson,318,0.4111,0.3100,0.3879,0.3021,0.0130,0.4966,0.4976,0.0058,0.0110,83.5414
448179,Rich Hill,171,0.4579,0.2810,0.3706,0.3484,0.0168,0.4819,0.5164,0.0017,0.0111,83.3953
689690,Alek Jacob,586,0.4733,0.3449,0.3595,0.2956,0.0171,0.4857,0.5044,0.0099,0.0111,83.3850
683155,Joey Estes,186,0.4792,0.2992,0.3780,0.3228,0.0172,0.5123,0.4869,0.0008,0.0113,83.1269
534910,Jesse Hahn,79,0.3502,0.3261,0.3446,0.3292,0.0102,0.4943,0.4960,0.0097,0.0114,83.0217
612434,Miguel Castro,105,0.4071,0.3446,0.3450,0.3104,0.0109,0.4704,0.5215,0.0082,0.0114,82.9756
669721,Davis Daniel,183,0.4889,0.3150,0.3416,0.3434,0.0197,0.5078,0.4921,0.0001,0.0115,82.8646
622780,Angel Perdomo,72,0.4384,0.3641,0.3628,0.2731,0.0100,0.4488,0.5317,0.0195,0.0115,82.7543
688107,Robert Gasser,102,0.3868,0.3398,0.3657,0.2945,0.0125,0.4317,0.5631,0.0051,0.0116,82.6393
687847,Marc Church,99,0.4411,0.3459,0.3533,0.3009,0.0118,0.4753,0.5247,0.0001,0.0117,82.4086
686753,Drey Jameson,53,0.4208,0.3332,0.3657,0.3010,0.0086,0.4070,0.5914,0.0016,0.0118,82.3782
678316,Omar Cruz,81,0.4465,0.4341,0.3352,0.2307,0.0102,0.3854,0.6067,0.0079,0.0120,81.9419
663562,Noah Davis,251,0.4055,0.3776,0.3289,0.2935,0.0106,0.4740,0.5034,0.0226,0.0120,81.8866
681895,Evan Sisk,329,0.4383,0.3512,0.3374,0.3114,0.0117,0.4761,0.5086,0.0153,0.0121,81.8635
628317,Kenta Maeda,170,0.4191,0.3961,0.3319,0.2719,0.0120,0.4330,0.5549,0.0121,0.0122,81.6353
608371,Lucas Sims,279,0.4118,0.4455,0.3259,0.2286,0.0114,0.4330,0.5542,0.0127,0.0123,81.4492
621363,Colin Poche,244,0.4221,0.3734,0.3658,0.2607,0.0112,0.4410,0.5584,0.0006,0.0127,80.8854
680951,Doug Nikhazy,108,0.4424,0.3364,0.3550,0.3086,0.0145,0.4261,0.5721,0.0018,0.0128,80.5822
691951,Sam Aldegheri,303,0.4309,0.3520,0.3380,0.3101,0.0132,0.4200,0.5779,0.0021,0.0130,80.2894
677961,Cole Wilcox,39,0.3606,0.2474,0.3957,0.3569,0.0124,0.5367,0.4562,0.0071,0.0130,80.2849
669459,Kyle Nelson,44,0.4393,0.3540,0.3495,0.2965,0.0172,0.4584,0.5384,0.0032,0.0133,79.8580
680729,Garrett McDaniels,191,0.4025,0.3816,0.3103,0.3081,0.0102,0.4390,0.5551,0.0059,0.0134,79.7311
666120,Ian Anderson,203,0.4411,0.3570,0.3252,0.3179,0.0135,0.4533,0.5461,0.0005,0.0136,79.2888
666619,Gregory Santos,132,0.4627,0.3406,0.3399,0.3195,0.0120,0.5160,0.4700,0.0140,0.0139,78.8342
815083,Mitch Farris,405,0.4661,0.3306,0.3489,0.3204,0.0159,0.4737,0.5250,0.0013,0.0139,78.8250
476594,Robert Stock,59,0.3940,0.3258,0.3775,0.2968,0.0138,0.5240,0.4757,0.0002,0.0141,78.5350
664351,Luis Contreras,224,0.4353,0.3851,0.3387,0.2762,0.0127,0.4299,0.5692,0.0009,0.0146,77.6173
687589,Dom Hamel,13,0.4611,0.3402,0.3334,0.3264,0.0120,0.5713,0.3638,0.0649,0.0147,77.5324
671305,Michel Otañez,121,0.4021,0.4880,0.2927,0.2193,0.0076,0.3628,0.6334,0.0038,0.0153,76.4804
493603,Adam Ottavino,42,0.3471,0.3782,0.3379,0.2840,0.0105,0.4654,0.5324,0.0022,0.0157,75.8939
605182,Mike Clevinger,114,0.4321,0.3834,0.3293,0.2873,0.0131,0.4409,0.5538,0.0053,0.0158,75.6312
663321,Nick Hernandez,221,0.3994,0.4275,0.3144,0.2581,0.0121,0.3990,0.6002,0.0008,0.0159,75.4837
675540,Xzavion Curry,56,0.4170,0.3615,0.3183,0.3202,0.0154,0.4614,0.5383,0.0003,0.0166,74.2958
680604,Blas Castaño,50,0.5076,0.2964,0.3750,0.3286,0.0154,0.5457,0.4494,0.0049,0.0189,70.5767
663474,Triston McKenzie,123,0.3573,0.4156,0.3554,0.2289,0.0104,0.4217,0.5776,0.0007,0.0190,70.4161
694646,Chayce McDermott,195,0.3813,0.3798,0.3517,0.2685,0.0129,0.4238,0.5715,0.0048,0.0192,69.9969
543391,Casey Kelly,24,0.4177,0.3578,0.3331,0.3091,0.0151,0.4600,0.5398,0.0002,0.0193,69.9512
682144,Jayvien Sandridge,31,0.4214,0.3626,0.3483,0.2891,0.0112,0.4619,0.5207,0.0174,0.0198,69.0284
691548,Rolddy Muñoz,78,0.3959,0.3628,0.3555,0.2817,0.0066,0.3450,0.6405,0.0144,0.0212,66.7330
650671,José Quijada,41,0.3895,0.3988,0.3711,0.2301,0.0097,0.3384,0.6606,0.0010,0.0220,65.4345
702752,Jonathan Pintaro,29,0.4408,0.3795,0.3662,0.2543,0.0095,0.4745,0.5029,0.0226,0.0234,63.0480
700270,Yilber Díaz,60,0.3723,0.3723,0.3386,0.2891,0.0144,0.4293,0.5705,0.0002,0.0252,60.0392
670183,Garrett Acton,21,0.3628,0.2781,0.4261,0.2958,0.0123,0.3829,0.6170,0.0001,0.0274,56.5119
679922,Carlos Duran,27,0.3435,0.2955,0.3535,0.3510,0.0110,0.3705,0.6283,0.0013,0.0287,54.2821
