mlbam_id,name,stuff_xRV,stuff_plus,n_pitches
695243,Mason Miller,-0.035346,114.5,1024
623352,Josh Hader,-0.034519,113.9,1153
664854,Ryan Helsley,-0.033533,113.3,931
656629,Michael Kopech,-0.032959,112.9,1143
656945,Tanner Scott,-0.032736,112.8,1151
642207,Devin Williams,-0.032676,112.7,391
643377,Griffin Jax,-0.032416,112.6,1047
669093,Jeremiah Estrada,-0.03181,112.2,1003
682254,Mason Montgomery,-0.031743,112.1,158
666208,Alex Speas,-0.03137,111.9,39
621242,Edwin Díaz,-0.031258,111.8,912
547973,Aroldis Chapman,-0.031198,111.8,1128
673380,Dedniel Núñez,-0.031066,111.7,494
595897,Nick Burdi,-0.03104,111.7,210
594798,Jacob deGrom,-0.031036,111.6,172
593833,Wander Suero,-0.030765,111.5,2
690829,Ben Joyce,-0.029905,110.9,541
605483,Blake Snell,-0.029106,110.4,1773
667297,Tommy Nance,-0.028991,110.3,322
679885,Justin Martinez,-0.028849,110.2,1177
656730,Trevor Megill,-0.028389,109.9,668
678020,Seth Halvorsen,-0.027962,109.6,177
678226,Daysbel Hernández,-0.027051,109.0,330
523260,Joe Kelly,-0.026967,109.0,552
671305,Michel Otañez,-0.026536,108.7,600
685801,Hunter Bigge,-0.026477,108.7,300
621237,José Alvarado,-0.026463,108.6,1016
656546,Jeff Hoffman,-0.026431,108.6,990
660896,Jorge Alcala,-0.026184,108.5,928
656302,Dylan Cease,-0.026174,108.5,3185
666808,Camilo Doval,-0.026088,108.4,1090
592773,Ryne Stanek,-0.026085,108.4,977
607192,Tyler Glasnow,-0.025929,108.3,2007
613534,Austin Adams,-0.025593,108.1,805
661403,Emmanuel Clase,-0.025588,108.1,983
676979,Garrett Crochet,-0.025351,107.9,2365
676534,Calvin Faucher,-0.025338,107.9,987
689958,Andrew Walters,-0.025197,107.8,132
518585,Fernando Cruz,-0.025042,107.7,1138
592426,Luke Jackson,-0.024942,107.7,917
662253,Andrés Muñoz,-0.024834,107.6,951
683232,Nick Mears,-0.024793,107.6,1028
663158,Robert Suarez,-0.024741,107.5,970
692285,Luis Guerrero,-0.024596,107.4,133
669308,Sean Reynolds,-0.024521,107.4,225
656638,Alex Lange,-0.024512,107.4,377
668674,Lucas Erceg,-0.024415,107.3,947
665625,Elvis Peguero,-0.02441,107.3,829
669022,MacKenzie Gore,-0.024309,107.2,2992
622259,Trey Wingenter,-0.024218,107.2,179
669373,Tarik Skubal,-0.02416,107.1,2811
663460,Kris Bubic,-0.024061,107.1,467
668881,Hunter Greene,-0.023932,107.0,2563
667755,José Soriano,-0.023904,107.0,1736
672391,Kaleb Ort,-0.023855,106.9,366
670970,Adrian Morejon,-0.023823,106.9,1063
661563,Luis Gil,-0.023806,106.9,2633
694037,Daniel Palencia,-0.023801,106.9,263
592094,Jason Adam,-0.023792,106.9,1087
663878,Nate Pearson,-0.023754,106.9,1042
671212,Joe Boyle,-0.023749,106.9,966
672578,Carlos Hernández,-0.023715,106.8,560
694973,Paul Skenes,-0.023626,106.8,2125
689147,Orion Kerkering,-0.023586,106.8,1063
657585,Reed Garrett,-0.023367,106.6,953
683068,Zach Penrod,-0.023322,106.6,86
693312,Kyle Nicolas,-0.023297,106.6,925
554340,Yimi García,-0.023287,106.6,619
670955,Edwin Uceta,-0.023159,106.5,672
518886,Craig Kimbrel,-0.023036,106.4,963
657508,Mike Baumann,-0.022856,106.3,1066
683003,Jared Jones,-0.022833,106.3,1802
676395,Robert Garcia,-0.022824,106.3,944
640462,A.J. Puk,-0.022717,106.2,1173
669062,Erik Miller,-0.022702,106.2,1243
640451,Hunter Harvey,-0.022648,106.1,906
502085,David Robertson,-0.022551,106.1,1211
680891,Jack Neely,-0.022539,106.1,98
650556,Bryan Abreu,-0.022435,106.0,1291
607074,Carlos Rodón,-0.022327,105.9,3102
621345,A.J. Minter,-0.022323,105.9,522
666207,Riley Pint,-0.02225,105.9,102
672860,Prelander Berroa,-0.022228,105.9,348
681892,Kody Funderburk,-0.022211,105.9,650
519242,Chris Sale,-0.022191,105.8,2813
664747,Alexis Díaz,-0.022108,105.8,977
592779,Brock Stewart,-0.022083,105.8,253
623465,Evan Phillips,-0.022081,105.8,916
686580,Justin Slaten,-0.022016,105.7,811
681911,Alex Vesia,-0.022008,105.7,1109
682842,Abner Uribe,-0.022,105.7,258
605280,Clay Holmes,-0.021988,105.7,1084
680732,Sean Burke,-0.021959,105.7,309
701581,David Festa,-0.021953,105.7,1099
661395,Jhoan Duran,-0.021876,105.6,881
642397,Gregory Soto,-0.021861,105.6,948
622554,Seranthony Domínguez,-0.021849,105.6,1050
579328,Yusei Kikuchi,-0.02176,105.6,2923
669302,Logan Gilbert,-0.021758,105.6,3035
670036,Matt Festa,-0.021723,105.5,385
666171,Ryan Zeferjahn,-0.021719,105.5,208
680694,Kyle Bradish,-0.021668,105.5,674
670280,David Bednar,-0.021643,105.5,1008
656641,Jacob Latz,-0.021624,105.5,813
676775,Keaton Winn,-0.021509,105.4,846
671737,Taj Bradley,-0.021448,105.4,2294
592454,Tommy Kahnle,-0.021412,105.3,735
666142,Cole Ragans,-0.021402,105.3,3118
694361,Will Klein,-0.021348,105.3,146
663574,Tony Santillan,-0.021342,105.3,504
664076,Garrett Cleavinger,-0.021318,105.3,1031
656876,Drew Rasmussen,-0.021302,105.3,458
664126,Pete Fairbanks,-0.02121,105.2,696
673540,Kodai Senga,-0.021077,105.1,73
642528,Jonathan Loáisiga,-0.021032,105.1,61
687863,Porter Hodge,-0.021028,105.1,641
664948,Anthony Misiewicz,-0.020984,105.1,30
678692,Ronny Henriquez,-0.020898,105.0,303
690925,Clayton Beeter,-0.02079,104.9,51
686751,Seth Johnson,-0.020724,104.9,58
666619,Gregory Santos,-0.02069,104.9,112
676604,Tyler Zuber,-0.020652,104.8,75
665795,Edward Cabrera,-0.020504,104.7,1734
687847,Marc Church,-0.020475,104.7,15
689981,River Ryan,-0.020467,104.7,295
664849,Danny Young,-0.020446,104.7,674
676092,Collin Snider,-0.020313,104.6,676
656271,Brock Burke,-0.02031,104.6,575
681869,Shawn Dubin,-0.020254,104.6,818
519151,Ryan Pressly,-0.020226,104.6,949
622250,Josh Sborz,-0.020219,104.6,284
669203,Corbin Burnes,-0.020186,104.5,2993
680742,Jonathan Bowlan,-0.020161,104.5,68
607455,Anthony Banda,-0.020159,104.5,774
669358,Shane Baz,-0.020141,104.5,1206
669923,George Kirby,-0.020138,104.5,2965
518617,Jake Diekman,-0.020132,104.5,593
641149,Wes Parsons,-0.020128,104.5,148
683618,Edgardo Henriquez,-0.020127,104.5,59
676272,Bobby Miller,-0.020114,104.5,1052
806185,Hayden Birdsong,-0.020073,104.5,1388
605447,Jordan Romano,-0.020044,104.4,215
656848,Michael Petersen,-0.020037,104.4,363
687377,Orlando Ribalta,-0.019982,104.4,97
683004,Jack Leiter,-0.019938,104.4,669
680570,Grayson Rodriguez,-0.019931,104.4,1878
621294,Ben Heller,-0.019885,104.3,255
543056,Danny Coulombe,-0.019846,104.3,466
668909,Gavin Williams,-0.019845,104.3,1361
678061,Ray Kerr,-0.019829,104.3,383
664285,Framber Valdez,-0.019791,104.3,2497
668390,Cole Winn,-0.01979,104.3,286
672335,Cionel Pérez,-0.019753,104.2,864
676879,Aaron Ashby,-0.019684,104.2,484
678606,Jose A. Ferrer,-0.019566,104.1,476
656731,Tylor Megill,-0.019562,104.1,1362
655889,Manuel Rodríguez,-0.01953,104.1,605
650911,Cristopher Sánchez,-0.019458,104.1,2795
641154,Pablo López,-0.019447,104.0,2985
676969,Brett de Geus,-0.019426,104.0,178
691441,Cristian Mena,-0.019397,104.0,70
681870,Erik Sabrowski,-0.019389,104.0,198
608331,Max Fried,-0.019372,104.0,2761
554430,Zack Wheeler,-0.019299,103.9,3134
668970,Gavin Hollowell,-0.019242,103.9,29
663893,Brendon Little,-0.019236,103.9,696
666974,Yennier Cano,-0.019228,103.9,1008
686642,Fraser Ellard,-0.019201,103.9,432
671922,Cade Smith,-0.01918,103.9,1162
502171,Alex Cobb,-0.019165,103.9,242
605121,Justin Anderson,-0.019102,103.8,945
666277,George Soriano,-0.019043,103.8,519
669622,Anthony Bender,-0.019008,103.8,935
607237,Amir Garrett,-0.018999,103.8,104
682120,Tim Herrin,-0.018998,103.8,1011
677161,Zack Kelly,-0.018971,103.7,955
623211,Huascar Brazobán,-0.018879,103.7,899
680767,Victor Vodnik,-0.018846,103.7,1310
686973,Louis Varland,-0.018815,103.6,892
608371,Lucas Sims,-0.018806,103.6,885
596133,Luke Weaver,-0.018757,103.6,1374
669674,Sam Long,-0.018747,103.6,702
685107,Anthony Veneziano,-0.018702,103.6,242
679358,Eric Orze,-0.01865,103.5,42
683769,Hunter Gaddis,-0.018646,103.5,1075
675911,Spencer Strider,-0.018643,103.5,178
675627,Michael Grove,-0.01856,103.5,827
681432,Luke Little,-0.018557,103.5,438
641329,Bryan Baker,-0.018523,103.4,346
695549,Jackson Jobe,-0.018522,103.4,48
656794,Sean Newcomb,-0.018504,103.4,184
572955,Pierce Johnson,-0.018378,103.3,916
673513,Yuki Matsui,-0.01836,103.3,1049
663423,Trent Thornton,-0.018346,103.3,1138
656529,Sam Hentges,-0.018312,103.3,351
666818,Luis Frías,-0.018289,103.3,229
607481,Aaron Bummer,-0.018273,103.3,974
691172,Yosver Zulueta,-0.018263,103.3,286
641941,Emilio Pagán,-0.018217,103.2,593
573204,Caleb Thielbar,-0.018141,103.2,870
665896,José Marte,-0.01803,103.1,311
622251,Josh Staumont,-0.018017,103.1,420
678495,Randy Rodríguez,-0.018013,103.1,879
628452,Raisel Iglesias,-0.017994,103.1,928
656186,Dan Altavilla,-0.017963,103.1,83
686752,Ryan Pepiot,-0.017952,103.1,2144
543037,Gerrit Cole,-0.017932,103.1,1534
670871,Guillo Zuñiga,-0.017912,103.0,271
543243,Sonny Gray,-0.01791,103.0,2483
592155,Cam Booser,-0.017893,103.0,695
680885,Spencer Schwellenbach,-0.017881,103.0,1887
669111,John McMillon,-0.017849,103.0,180
628708,Yunior Marte,-0.017837,103.0,482
621016,Jose Cuas,-0.017827,103.0,319
641729,Joe Jiménez,-0.017824,103.0,1088
622503,Nabil Crismatt,-0.017809,103.0,93
675650,Michael Mercado,-0.017784,103.0,260
677960,Ryan Weathers,-0.017777,103.0,1413
445276,Kenley Jansen,-0.01776,102.9,800
657240,Julian Merryweather,-0.017758,102.9,272
663462,Isaiah Campbell,-0.017725,102.9,119
694462,Hurston Waldrep,-0.017632,102.9,133
690916,Richard Fitts,-0.017588,102.8,314
608678,Dominic Leone,-0.017518,102.8,359
608032,Carlos Estévez,-0.017503,102.8,821
678394,Brayan Bello,-0.017466,102.7,2709
689225,Beau Brieske,-0.017442,102.7,1152
682243,Bryce Miller,-0.017433,102.7,2748
656557,Tanner Houck,-0.017402,102.7,2734
614179,José Ruiz,-0.017349,102.7,811
669387,Carmen Mlodzinski,-0.01734,102.7,866
663776,Patrick Sandoval,-0.017336,102.7,1444
600986,Thyago Vieira,-0.017335,102.7,737
657697,Vinny Nittoli,-0.017321,102.7,178
572143,Burch Smith,-0.017266,102.6,895
660813,Brusdar Graterol,-0.017241,102.6,101
676962,Ben Brown,-0.017207,102.6,849
642546,Jonathan Hernández,-0.017199,102.6,761
690544,Bailey Horn,-0.017181,102.6,303
605463,Tayler Scott,-0.017148,102.5,1203
656464,Kevin Ginkel,-0.017089,102.5,1184
674444,Steven Cruz,-0.017045,102.5,82
642016,Daniel Robert,-0.017029,102.5,103
621114,Ryan Burr,-0.017013,102.4,570
663704,James McArthur,-0.017003,102.4,902
676617,Riley O'Brien,-0.016952,102.4,194
673929,Jordan Leasure,-0.016942,102.4,560
681799,Ethan Roberts,-0.016925,102.4,474
643338,Chad Green,-0.016921,102.4,839
681517,Kyle Leahy,-0.01683,102.3,695
552640,Andrew Kittredge,-0.016827,102.3,1028
680689,Lyon Richardson,-0.016802,102.3,26
657097,Jacob Webb,-0.016795,102.3,933
676974,Max Meyer,-0.016758,102.3,968
666215,Forrest Whitley,-0.016743,102.3,94
656412,Alex Faedo,-0.016742,102.3,1007
606965,Chris Devenski,-0.016694,102.2,533
687798,Nick Robertson,-0.01669,102.2,217
622491,Luis Castillo,-0.016625,102.2,2755
642701,Dennis Santana,-0.016582,102.2,1084
670990,Yohan Ramírez,-0.016571,102.2,766
677976,Randy Dobnak,-0.016523,102.1,183
682989,Victor Mederos,-0.016503,102.1,107
681035,Christian Scott,-0.016471,102.1,787
657277,Logan Webb,-0.016451,102.1,3193
543339,Daniel Hudson,-0.016423,102.1,999
621053,Tyler Ferguson,-0.016403,102.0,819
641360,Phil Bickford,-0.016394,102.0,154
669211,Keegan Akin,-0.016367,102.0,1217
542585,José Cisnero,-0.016363,102.0,313
650893,Génesis Cabrera,-0.016327,102.0,1030
677958,Kumar Rocker,-0.016311,102.0,218
686539,Declan Cronin,-0.016262,102.0,1074
489446,Kirby Yates,-0.016261,102.0,1026
650671,José Quijada,-0.01618,101.9,379
657376,Clarke Schmidt,-0.016159,101.9,1454
608566,Germán Márquez,-0.016083,101.8,70
663554,Casey Mize,-0.016,101.8,1789
671109,Jake Eder,-0.015914,101.7,45
669199,Lake Bachar,-0.015914,101.7,161
606930,Jacob Barnes,-0.015885,101.7,1117
672282,Reid Detmers,-0.015881,101.7,1555
696136,Jordan Wicks,-0.015823,101.7,851
622098,Drew Smith,-0.015761,101.6,318
666157,Nick Lodolo,-0.015761,101.6,1863
688297,Chris Roycroft,-0.01573,101.6,591
701542,Will Warren,-0.015724,101.6,458
543859,Michael Tonkin,-0.015715,101.6,1376
640448,Kyle Finnegan,-0.01568,101.6,1066
657746,Joe Ryan,-0.015664,101.6,2013
656550,Grant Holmes,-0.01565,101.6,1024
519326,Hunter Strickland,-0.015635,101.5,1157
642629,Emmanuel Ramirez,-0.015626,101.5,371
680897,Nick Nastrini,-0.01562,101.5,734
700363,AJ Smith-Shawver,-0.015606,101.5,87
641656,Ian Hamilton,-0.015574,101.5,619
681402,Gus Varland,-0.015564,101.5,455
686790,Trevor McDonald,-0.01555,101.5,39
656427,Jack Flaherty,-0.01554,101.5,2472
624522,Keegan Thompson,-0.015535,101.5,538
808967,Yoshinobu Yamamoto,-0.015515,101.5,1464
606303,Joel Payamps,-0.01551,101.5,899
666720,Yerry Rodríguez,-0.015495,101.5,438
674370,Osvaldo Bido,-0.015472,101.4,1055
686294,Amos Willingham,-0.01547,101.4,20
656814,Luis Ortiz,-0.01543,101.4,10
592662,Robbie Ray,-0.015422,101.4,568
675989,Cody Bolton,-0.015389,101.4,312
660761,José Suarez,-0.015371,101.4,986
664776,Jake Cousins,-0.015335,101.3,644
676254,Ryan Walker,-0.015313,101.3,1203
668678,Zac Gallen,-0.01531,101.3,2506
669438,Mason Englert,-0.015279,101.3,365
693433,Bryan Woo,-0.015254,101.3,1711
666745,Jhony Brito,-0.015246,101.3,625
668338,Tyson Miller,-0.015238,101.3,921
669276,Dylan Lee,-0.015165,101.2,857
458677,Justin Wilson,-0.015158,101.2,816
676105,Jeff Criswell,-0.015129,101.2,354
605155,Colten Brewer,-0.015102,101.2,391
677053,Andrew Nardi,-0.01509,101.2,906
472610,Luis García,-0.015087,101.2,896
601713,Nick Pivetta,-0.015085,101.2,2386
681882,Colin Selby,-0.015066,101.2,112
593974,Wandy Peralta,-0.015061,101.2,612
622103,Gerardo Reyes,-0.015039,101.2,78
600917,José Leclerc,-0.015031,101.1,1204
676702,Hunter Stratton,-0.015024,101.1,546
554431,Tyler Matzek,-0.014965,101.1,179
678906,Kai-Wei Teng,-0.014946,101.1,204
666200,Jesús Luzardo,-0.014928,101.1,1083
676684,Will Vest,-0.014923,101.1,1156
680739,Josh Winder,-0.014889,101.1,141
686613,Hunter Brown,-0.014879,101.0,2787
543135,Nathan Eovaldi,-0.014871,101.0,2621
450203,Charlie Morton,-0.01485,101.0,2789
666214,Joey Wentz,-0.014849,101.0,1223
621383,Tanner Banks,-0.014844,101.0,1174
543766,Bryan Shaw,-0.014837,101.0,95
622766,Miguel Díaz,-0.014828,101.0,10
674285,Eduardo Salazar,-0.014783,101.0,494
687911,Bryan King,-0.014729,101.0,397
680704,Nick Sandlin,-0.014678,100.9,1003
606160,Rafael Montero,-0.014632,100.9,683
680880,Grant Holman,-0.014629,100.9,292
547184,Michael Kelly,-0.01461,100.9,470
676282,Joey Cantillo,-0.014609,100.9,711
669952,Mitch White,-0.014608,100.9,413
665622,Luis Medina,-0.014563,100.8,720
660825,Eduard Bazardo,-0.014559,100.8,441
573009,Joe Mantiply,-0.014554,100.8,867
671345,Jason Foley,-0.014535,100.8,885
682175,Joe Jacques,-0.014509,100.8,50
681676,Ryan Fernandez,-0.014509,100.8,1186
672582,Angel Zerpa,-0.014497,100.8,950
680744,Ty Madden,-0.014488,100.8,403
663432,Tanner Rainey,-0.014478,100.8,939
670174,Josh Winckowski,-0.014477,100.8,1240
621097,Jacob Waguespack,-0.014472,100.8,221
670124,Adam Oller,-0.014457,100.8,710
687792,DJ Herz,-0.014394,100.7,1580
605347,Jorge López,-0.014387,100.7,802
595014,Blake Treinen,-0.014361,100.7,737
592332,Kevin Gausman,-0.014351,100.7,2866
660853,Enyel De Los Santos,-0.014288,100.7,1123
622786,Jesus Tinoco,-0.014287,100.7,644
687396,Brent Headrick,-0.01425,100.6,60
664208,Phil Maton,-0.014222,100.6,1063
669461,Matthew Liberatore,-0.014205,100.6,1357
665620,Deivi García,-0.014194,100.6,283
663992,Richard Lovelady,-0.014182,100.6,528
667463,John King,-0.014179,100.6,850
686654,Ty Adcock,-0.014147,100.6,86
605513,Spencer Turnbull,-0.014117,100.5,916
595928,John Curtiss,-0.014113,100.5,38
694646,Chayce McDermott,-0.014082,100.5,82
669854,Ronel Blanco,-0.01407,100.5,2751
657006,Justin Steele,-0.014069,100.5,2046
607179,Jordan Weems,-0.014025,100.5,733
678821,Luis Peralta,-0.013989,100.5,181
679525,Alec Marsh,-0.013919,100.4,2158
669395,Dylan Coleman,-0.013913,100.4,16
663568,Stephen Kolek,-0.013882,100.4,797
685126,Brandon Eisert,-0.013864,100.4,110
686826,Bryce Jarvis,-0.013847,100.4,1005
657571,Caleb Ferguson,-0.013842,100.4,920
650960,Daniel Duarte,-0.013839,100.4,55
694813,Gavin Stone,-0.013829,100.4,2153
664875,Justin Lawrence,-0.013826,100.4,1081
543238,Anthony Gose,-0.013801,100.3,79
593576,Héctor Neris,-0.0138,100.3,1007
647315,Zach Pop,-0.013747,100.3,735
668941,JoJo Romero,-0.013741,100.3,919
621381,Matt Strahm,-0.013696,100.3,950
656887,Sean Reid-Foley,-0.013648,100.2,379
642547,Freddy Peralta,-0.013643,100.2,3041
640470,Adbert Alzolay,-0.013597,100.2,329
676130,José Buttó,-0.013577,100.2,1222
668968,Hans Crouse,-0.013555,100.2,437
656849,David Peterson,-0.013548,100.2,1870
571882,Derek Law,-0.013541,100.2,1361
686993,Justin Sterner,-0.013433,100.1,64
519043,Matt Moore,-0.01342,100.1,854
663436,Davis Martin,-0.013418,100.1,892
700187,Troy Taylor,-0.013411,100.1,328
571539,Matt Carasiti,-0.013406,100.1,170
453286,Max Scherzer,-0.013397,100.1,669
506433,Yu Darvish,-0.013381,100.1,1258
694297,Brandon Pfaadt,-0.013367,100.1,2789
657024,Erik Swanson,-0.013357,100.1,665
800049,Adam Mazur,-0.013306,100.0,584
656266,J.B. Bukauskas,-0.013289,100.0,88
684320,Yariel Rodríguez,-0.013232,100.0,1501
594580,Sam Moll,-0.013168,99.9,624
650633,Michael King,-0.013162,99.9,2870
676661,Max Lazar,-0.013144,99.9,214
593423,Frankie Montas,-0.013144,99.9,2633
669467,Andre Pallante,-0.013142,99.9,1932
622075,Yency Almonte,-0.013124,99.9,266
670059,Colin Holderman,-0.013102,99.9,862
669796,Jose E. Hernandez,-0.013099,99.9,89
621363,Colin Poche,-0.013087,99.9,542
814005,Jake Bloss,-0.013048,99.8,238
676440,Tanner Bibee,-0.013035,99.8,2851
656222,Jalen Beeks,-0.013028,99.8,1172
682847,Luis Ortiz,-0.012962,99.8,2143
669372,J.T. Ginn,-0.012959,99.8,515
664129,Geoff Hartlieb,-0.01295,99.8,138
621051,Steven Wilson,-0.012949,99.8,623
608723,Austin Voth,-0.012944,99.8,974
544150,Albert Suárez,-0.012901,99.8,2233
642239,Rob Zastryzny,-0.012887,99.7,119
681857,Reese Olson,-0.012869,99.7,1852
663542,Bryan Hudson,-0.01286,99.7,927
664350,Sixto Sánchez,-0.012832,99.7,599
669713,Hayden Wesneski,-0.012806,99.7,1075
701643,Grant Hartwig,-0.012788,99.7,118
676477,Garrett Whitlock,-0.012762,99.7,319
595345,Steven Okert,-0.012742,99.6,616
668984,Casey Legumina,-0.012689,99.6,166
641745,Brad Keller,-0.012675,99.6,743
677955,Jaden Hill,-0.012673,99.6,151
674944,Sean Guenther,-0.01265,99.6,243
676755,Isaac Mattson,-0.01259,99.5,100
668943,Ryan Miller,-0.012577,99.5,219
608638,JT Chargois,-0.012529,99.5,529
605154,John Brebbia,-0.012471,99.5,994
621366,Ryan Borucki,-0.012459,99.5,174
663767,Chase Shugart,-0.012457,99.5,142
622663,Luis Severino,-0.012376,99.4,2888
656288,Griffin Canning,-0.012292,99.4,2869
672456,Keider Montero,-0.01229,99.4,1539
681293,Spencer Arrighetti,-0.012283,99.3,2504
687765,Mitch Spence,-0.012231,99.3,2480
686799,Jack Kochanowicz,-0.012209,99.3,859
656240,Scott Blewett,-0.012204,99.3,319
677865,Justin Bruihl,-0.012179,99.3,99
608379,Michael Wacha,-0.012169,99.3,2602
663485,Cole Sands,-0.012165,99.3,1154
643410,Mark Leiter Jr.,-0.012148,99.3,1014
518397,Scott Alexander,-0.012111,99.2,566
612434,Miguel Castro,-0.012039,99.2,232
687424,Anthony Maldonado,-0.012031,99.2,297
670950,Trevor Richards,-0.012019,99.2,1162
805673,Zebby Matthews,-0.011997,99.2,716
663567,Peter Lambert,-0.011997,99.2,1039
669711,Greg Weissert,-0.011978,99.1,1027
670219,Zac Kristofak,-0.011959,99.1,39
668933,Graham Ashcraft,-0.011946,99.1,1342
676508,Ben Casparius,-0.01192,99.1,156
650895,Diego Castillo,-0.011879,99.1,177
663855,Jordan Hicks,-0.011842,99.1,1955
687922,Easton Lucas,-0.011743,99.0,246
656786,Parker Mushinski,-0.011714,99.0,194
623149,Paul Sewald,-0.011701,99.0,629
592767,Drew Smyly,-0.011651,98.9,1015
657044,Ryan Thompson,-0.01165,98.9,977
676083,Janson Junk,-0.011628,98.9,175
681810,Austin Warren,-0.011628,98.9,173
641755,Tyler Kinley,-0.011608,98.9,1171
605218,Carl Edwards Jr.,-0.011603,98.9,12
669169,Jonathan Heasley,-0.011573,98.9,108
660600,Enoli Paredes,-0.011568,98.9,319
642100,Gabe Speier,-0.011551,98.9,422
656793,Nick Nelson,-0.011544,98.9,96
687014,Nick Avila,-0.011537,98.9,225
671131,Jackson Rutledge,-0.011509,98.8,139
670810,Logan Gillaspie,-0.011499,98.8,151
571948,Hoby Milner,-0.011461,98.8,1043
625643,Reynaldo López,-0.011444,98.8,2109
605177,Andrew Chafin,-0.011443,98.8,950
684007,Shota Imanaga,-0.011435,98.8,2576
670102,Bowden Francis,-0.01143,98.8,1558
641771,Chad Kuhl,-0.011384,98.8,980
663773,Bryan Hoeing,-0.011379,98.8,781
658648,Pedro Avila,-0.011371,98.7,1412
681217,Chase Silseth,-0.011339,98.7,166
605397,Joe Musgrove,-0.011322,98.7,1508
683568,Jairo Iriarte,-0.011316,98.7,137
669912,Kirby Snead,-0.011311,98.7,196
695076,Rhett Lowder,-0.011308,98.7,498
621199,Matt Bowman,-0.011298,98.7,497
669194,Ryne Nelson,-0.011217,98.6,2406
676680,Tom Cosgrove,-0.011191,98.6,322
680736,Justin Wrobleski,-0.011166,98.6,592
518489,Ryan Brasier,-0.011146,98.6,374
700270,Yilber Díaz,-0.011127,98.6,469
656458,Lucas Gilbreath,-0.011127,98.6,47
571760,Andrew Heaney,-0.011123,98.6,2730
623437,Justin Topa,-0.011111,98.6,20
670167,John Schreiber,-0.011032,98.5,895
657053,Touki Toussaint,-0.011027,98.5,491
656420,J.P. Feyereisen,-0.011012,98.5,179
669422,Matt Sauer,-0.010969,98.5,327
687134,Bradley Blalock,-0.010922,98.5,551
656353,Tucker Davidson,-0.010888,98.4,67
657514,Brennan Bernardino,-0.010883,98.4,858
642048,Tayler Saucedo,-0.010883,98.4,624
694738,Landen Roupp,-0.01088,98.4,906
605400,Aaron Nola,-0.010878,98.4,3189
608648,Tyler Duffey,-0.010862,98.4,189
664351,Luis Contreras,-0.010834,98.4,105
605130,Scott Barlow,-0.010832,98.4,1020
677020,Josh Walker,-0.010787,98.4,215
628317,Kenta Maeda,-0.010781,98.4,1958
642520,Gerson Garabito,-0.010778,98.4,492
672782,Yoendrys Gómez,-0.010728,98.3,214
666205,Kyle Muller,-0.01072,98.3,722
622065,Alex Young,-0.010666,98.3,267
663687,Hogan Harris,-0.010655,98.3,1213
677944,Slade Cecconi,-0.010651,98.3,1290
571927,Steven Matz,-0.010604,98.2,754
641585,J.P. France,-0.010602,98.2,466
672710,Roansy Contreras,-0.010545,98.2,1074
669084,DL Hall,-0.010528,98.2,782
665152,Dean Kremer,-0.010491,98.2,2170
676710,Kutter Crawford,-0.010485,98.2,2823
687145,Evan Justice,-0.01045,98.1,8
518876,Merrill Kelly,-0.010403,98.1,1142
663941,Tristan Beck,-0.010387,98.1,239
689266,Dylan Dodd,-0.010384,98.1,34
666159,Matt Manning,-0.010347,98.1,438
669165,Kyle Hurt,-0.010344,98.1,87
663947,Tyler Holton,-0.010285,98.0,1338
455119,Chris Martin,-0.010239,98.0,657
676428,Brant Hurter,-0.010234,98.0,645
669270,Joel Kuhnel,-0.010227,98.0,158
680730,Mitchell Parker,-0.010227,98.0,2403
605452,Joe Ross,-0.010225,98.0,1168
621111,Walker Buehler,-0.010222,98.0,1335
548384,Brooks Raley,-0.010206,98.0,119
657649,Jared Koenig,-0.010198,98.0,1017
608334,Carson Fulmer,-0.010174,98.0,1469
605182,Mike Clevinger,-0.010028,97.9,303
669432,Trevor Rogers,-0.010027,97.9,2242
666204,Dany Jiménez,-0.010023,97.9,450
663738,Daniel Lynch IV,-0.009991,97.8,631
570257,Joely Rodríguez,-0.009959,97.8,249
689017,Landon Knack,-0.009933,97.8,1149
641482,Nestor Cortes,-0.009906,97.8,2849
687330,Kevin Kelly,-0.00987,97.8,1033
622088,Tejay Antone,-0.009842,97.7,47
656234,Jake Bird,-0.009836,97.7,684
667725,Kyle Tyler,-0.009829,97.7,580
668868,Zack Thompson,-0.009793,97.7,317
663321,Nick Hernandez,-0.009779,97.7,139
641312,Shaun Anderson,-0.009749,97.7,244
663623,Jake Irvin,-0.009713,97.7,3044
571656,Buck Farmer,-0.0097,97.7,1167
661527,Seth Martinez,-0.009648,97.6,810
621112,Paul Blackburn,-0.009642,97.6,1189
663978,Chris Paddack,-0.009636,97.6,1451
681190,Randy Vásquez,-0.009635,97.6,1687
700249,Cade Povich,-0.009622,97.6,1389
666129,Braxton Garrett,-0.009615,97.6,588
641401,Connor Brogdon,-0.009609,97.6,97
620982,Ricardo Pinto,-0.009587,97.6,220
663969,Tyler Phillips,-0.009549,97.6,578
681806,Andrew Wantz,-0.009548,97.6,35
671111,Sammy Peralta,-0.009514,97.5,282
676568,Ricky Vanasco,-0.009496,97.5,45
681867,Cooper Criswell,-0.009459,97.5,1756
663546,Sean Hjelle,-0.009412,97.5,1204
683409,Angel Chivilli,-0.009393,97.4,512
647336,Michael Soroka,-0.009384,97.4,1442
624647,Victor González,-0.009382,97.4,369
677076,Clayton Andrews,-0.00934,97.4,15
682610,Roddery Muñoz,-0.009328,97.4,1485
656924,Ryder Ryan,-0.009279,97.4,340
669456,Shane Bieber,-0.009207,97.3,166
676714,Brandon Hughes,-0.009193,97.3,350
642121,Cole Sulser,-0.009182,97.3,289
630023,Yonny Chirinos,-0.009144,97.3,515
681347,Mike Burrows,-0.009045,97.2,68
542881,Tyler Anderson,-0.00901,97.2,2913
519008,T.J. McFarland,-0.008987,97.2,836
683627,Anthony Molina,-0.008987,97.2,1005
676760,Ron Marinaccio,-0.008971,97.2,377
664299,Cristian Javier,-0.008903,97.1,570
672851,Joan Adon,-0.008813,97.1,178
656605,Mitch Keller,-0.008742,97.0,2848
640455,Sean Manaea,-0.00867,97.0,2911
663372,Ryan Feltner,-0.008651,97.0,2574
669391,Owen White,-0.008648,97.0,69
694350,Zach Brzykcy,-0.008591,96.9,103
608717,Chris Stratton,-0.008591,96.9,994
543518,Scott McGough,-0.008506,96.9,577
641835,Tim Mayza,-0.008479,96.9,715
681982,Grant Anderson,-0.008462,96.8,483
519293,Will Smith,-0.008437,96.8,671
664123,Scott Effross,-0.008434,96.8,55
681066,Ky Bush,-0.008427,96.8,328
680573,Simeon Woods Richardson,-0.008372,96.8,2295
702352,Spencer Bivens,-0.008332,96.8,705
641927,Bailey Ober,-0.008291,96.7,2692
688107,Robert Gasser,-0.008283,96.7,399
607259,Nick Martinez,-0.008275,96.7,2121
621244,José Berríos,-0.008271,96.7,2815
676596,Josh Fleming,-0.008181,96.7,531
596001,Jakob Junis,-0.008168,96.6,941
641703,Brent Honeywell,-0.008087,96.6,595
572020,James Paxton,-0.008028,96.6,1708
690986,Kyle Harrison,-0.008006,96.5,2078
607625,Seth Lugo,-0.007965,96.5,3111
571946,Shelby Miller,-0.007957,96.5,843
571510,Matthew Boyd,-0.007873,96.5,669
434378,Justin Verlander,-0.007867,96.4,1580
606149,Giovanny Gallegos,-0.007823,96.4,401
641427,Alan Busenitz,-0.007814,96.4,75
702795,Ryan Loutos,-0.0078,96.4,35
595881,Tyler Beede,-0.007725,96.4,265
542888,Shawn Armstrong,-0.007687,96.3,1079
605488,Jeffrey Springs,-0.007566,96.3,564
622253,Dillon Tate,-0.007539,96.2,590
622694,Elieser Hernández,-0.00753,96.2,251
661269,Vladimir Gutierrez,-0.007513,96.2,80
605288,Adrian Houser,-0.007512,96.2,1101
659275,Dinelson Lamet,-0.007496,96.2,74
694363,Jared Shuster,-0.007476,96.2,1290
615698,Cal Quantrill,-0.007443,96.2,2643
571527,David Buchanan,-0.007436,96.2,58
624133,Ranger Suarez,-0.007426,96.2,2265
702674,Caden Dana,-0.007413,96.2,206
675921,Spencer Howard,-0.007331,96.1,537
493603,Adam Ottavino,-0.007286,96.1,997
656457,Tyler Gilbert,-0.007281,96.1,145
682990,Quinn Priester,-0.007205,96.0,811
657612,Tim Hill,-0.007174,96.0,955
542882,Matt Andriese,-0.007109,96.0,88
623167,Chris Flexen,-0.007038,95.9,2797
679156,Walter Pennington,-0.007009,95.9,330
676614,Bryan Sammons,-0.007,95.9,374
669724,Brenan Hanifee,-0.006976,95.9,446
671096,Andrew Abbott,-0.006944,95.8,2333
622072,Alex Wood,-0.006897,95.8,756
686563,Jonathan Cannon,-0.006896,95.8,2027
700669,Gordon Graceffo,-0.006881,95.8,105
681871,Eli Villalobos,-0.006876,95.8,71
502624,Chase Anderson,-0.006865,95.8,1016
641793,Zack Littell,-0.00682,95.8,2474
663531,Logan Allen,-0.006793,95.7,470
643361,Kevin Herget,-0.006744,95.7,151
471911,Carlos Carrasco,-0.006736,95.7,1691
458681,Lance Lynn,-0.006726,95.7,2036
669620,Brady Basso,-0.00669,95.7,350
477132,Clayton Kershaw,-0.006659,95.7,504
669330,Tyler Wells,-0.006645,95.6,259
643511,Tyler Rogers,-0.006645,95.6,994
570632,José Ureña,-0.006631,95.6,1757
547001,Cody Poteet,-0.006616,95.6,384
573124,Taylor Rogers,-0.006604,95.6,1052
622608,Antonio Senzatela,-0.00655,95.6,218
448179,Rich Hill,-0.006505,95.6,71
663903,Brady Singer,-0.006422,95.5,2966
669212,Eli Morgan,-0.006421,95.5,646
592351,Jon Gray,-0.00641,95.5,1620
543351,Jay Jackson,-0.006398,95.5,451
641582,Matt Foster,-0.006393,95.5,108
687924,Julian Aguiar,-0.006391,95.5,530
686796,Blake Walston,-0.006286,95.4,343
547179,Michael Lorenzen,-0.006252,95.4,2091
596295,Austin Gomber,-0.006243,95.4,2618
605135,Chris Bassitt,-0.006235,95.4,2959
668873,Caleb Kilian,-0.006174,95.3,167
656232,Brandon Bielak,-0.006157,95.3,510
571863,Matt Koch,-0.006151,95.3,23
685314,Andrew Saalfrank,-0.006054,95.3,26
683822,Naoyuki Uwasawa,-0.006016,95.2,62
664139,Ian Gibaut,-0.005976,95.2,39
700241,Michael McGreevy,-0.005951,95.2,311
543475,Jordan Lyles,-0.005944,95.2,72
605156,Aaron Brooks,-0.005938,95.2,403
663765,Jake Woodford,-0.005937,95.2,547
623433,Nick Anderson,-0.005899,95.2,572
573186,Marcus Stroman,-0.005874,95.1,2657
646242,Jhonathan Díaz,-0.005834,95.1,166
693821,Bryce Elder,-0.00575,95.1,864
668874,Blair Henley,-0.005727,95.0,39
502043,Kyle Gibson,-0.005704,95.0,2741
621399,Brady Feigl,-0.005678,95.0,44
663989,Nick Vespi,-0.005609,95.0,158
571945,Miles Mikolas,-0.00556,94.9,2703
682052,Jacob Lopez,-0.005556,94.9,178
656756,Jordan Montgomery,-0.005471,94.9,1929
696131,Mason Black,-0.005447,94.9,663
445926,Jesse Chavez,-0.005445,94.9,1044
500779,Jose Quintana,-0.005421,94.8,2748
598264,Matt Barnes,-0.005376,94.8,237
623474,Jimmy Herget,-0.005375,94.8,189
676664,JP Sears,-0.005237,94.7,2856
685116,Austin Kitchen,-0.005125,94.6,158
657265,Peter Strzelecki,-0.005112,94.6,188
593334,Domingo Germán,-0.005064,94.6,373
668964,Tobias Myers,-0.005041,94.6,2152
672552,Jack O'Loughlin,-0.004983,94.6,176
592288,Kent Emanuel,-0.004688,94.4,302
643256,Adam Cimber,-0.00467,94.4,416
640454,Matt Krook,-0.004666,94.3,27
489119,Wade Miley,-0.004593,94.3,118
656657,Zach Logue,-0.004535,94.3,43
643493,Austin Pruitt,-0.004524,94.3,78
663362,Matt Waldron,-0.004332,94.1,2381
641540,Dane Dunning,-0.00425,94.1,1689
676106,Emerson Hancock,-0.00421,94.0,1014
641712,Dakota Hudson,-0.004162,94.0,1418
607536,Kyle Freeland,-0.00414,94.0,1768
687362,Connor Gillispie,-0.004139,94.0,138
669459,Kyle Nelson,-0.004045,93.9,145
541640,Erasmo Ramírez,-0.004039,93.9,302
703231,James Meeker,-0.004,93.9,16
670103,Raymond Burgos,-0.003876,93.8,25
683155,Joey Estes,-0.00375,93.7,2027
680686,Josiah Gray,-0.003646,93.7,176
670046,Kenny Rosenberg,-0.003634,93.7,403
692230,Carlos Rodriguez,-0.003628,93.7,233
607644,John Means,-0.00362,93.7,320
592866,Trevor Williams,-0.003606,93.7,1063
592791,Jameson Taillon,-0.003436,93.5,2483
663474,Triston McKenzie,-0.003339,93.5,1299
686730,Carson Spiers,-0.00321,93.4,1553
608344,Cole Irvin,-0.003201,93.4,1685
691951,Sam Aldegheri,-0.00319,93.4,222
670161,Parker Dunshee,-0.00296,93.2,51
656354,Austin Davis,-0.002869,93.2,142
605335,Brandon Leibrandt,-0.002868,93.2,117
666201,Alek Manoah,-0.002789,93.1,394
593958,Eduardo Rodriguez,-0.002747,93.1,866
656671,Josh Maciejewski,-0.002738,93.1,96
502179,Paolo Espino,-0.002517,92.9,158
689690,Alek Jacob,-0.002433,92.9,188
663559,Bailey Falter,-0.002401,92.9,2066
642216,Allan Winans,-0.002393,92.9,138
670241,Darius Vines,-0.002362,92.8,257
608718,Brent Suter,-0.002324,92.8,1022
641726,Daulton Jefferies,-0.002198,92.7,281
571578,Patrick Corbin,-0.002118,92.7,2888
675540,Xzavion Curry,-0.001918,92.5,639
592741,Chasen Shreve,-0.001695,92.4,10
685299,Tanner Gordon,-0.00165,92.4,607
682227,Brandon Williamson,-0.001606,92.3,256
548389,Ross Stripling,-0.001551,92.3,1358
642232,Ryan Yarbrough,-0.001517,92.3,1514
664079,Tyler Jay,-0.001469,92.3,153
543391,Casey Kelly,-0.001372,92.2,78
650644,Aaron Civale,-0.001244,92.1,2692
674003,Cody Bradford,-0.00123,92.1,1175
676961,Caleb Boushley,-0.001169,92.1,63
642028,Josh Rogers,-0.001169,92.1,170
689672,Drew Thorpe,-0.000914,91.9,721
598286,Nick Ramirez,-0.000874,91.9,194
641302,Tyler Alexander,-0.000769,91.8,1668
607200,Erick Fedde,-0.000728,91.8,2891
665871,Javier Assad,-0.000631,91.7,2538
667478,Evan Kravetz,-0.000621,91.7,4
607067,Colin Rea,-0.000566,91.7,2650
674072,Tommy Henry,-0.000473,91.6,702
664192,Joey Lucchesi,-0.000455,91.6,179
671106,Logan Allen,-0.000148,91.4,1658
572971,Dallas Keuchel,-0.000144,91.4,308
623451,Jackson Stephens,-0.000106,91.4,51
527054,Julio Teheran,-5.7e-05,91.3,68
686747,Joe La Sorsa,-3.5e-05,91.3,271
621389,Ty Blach,0.000114,91.2,1133
663465,Kolby Allard,0.000172,91.2,436
592836,Taijuan Walker,0.00042,91.0,1356
669721,Davis Daniel,0.000453,91.0,508
621107,Zach Eflin,0.000509,91.0,2366
571670,Dylan Floro,0.000574,90.9,1014
670766,Darren McCaughan,0.000824,90.7,712
663562,Noah Davis,0.001077,90.6,365
669060,Bryse Wilson,0.001376,90.4,1607
527048,Martín Pérez,0.001929,90.0,2204
594835,Marco Gonzales,0.00243,89.7,546
641816,Tyler Mahle,0.003054,89.3,229
528748,Humberto Castellanos,0.003384,89.1,186
668676,Zach Plesac,0.003981,88.7,208
456501,Johnny Cueto,0.004837,88.1,167
543294,Kyle Hendricks,0.005311,87.8,2135
678368,Valente Bellozo,0.005346,87.8,1094
642834,Jonathan Bermúdez,0.00544,87.7,121
594902,Ben Lively,0.006855,86.8,2369
680572,Adam Kloffenstein,0.011371,83.8,15
543063,Brandon Crawford,0.021909,76.9,35
