MLBAMID,RV100,wOBA
621199,0.008163310961968677,0.3710526315789473
687911,-0.0031481835564053456,0.29327272727272735
677952,-0.007683303085299433,0.2948453608247425
681882,-0.0002102803738317874,0.31749999999999995
677955,-0.000501022494887528,0.31821705426356595
622780,-0.005722222222222223,0.2875
663795,-0.004245430809399474,0.31060606060606044
622503,0.009702247191011235,0.3718954248366012
666168,0.0180418410041841,0.4301724137931034
686613,-0.01014989871708312,0.2670781893004117
673513,0.0026351606805292923,0.32621722846441975
700249,0.009106037544393724,0.36098562628336806
677961,0.08261538461538462,0.6541666666666667
681751,0.023546218487394962,0.4057142857142857
664849,-0.0026075949367088585,0.30000000000000004
571657,0.18142857142857144,0.76
663542,0.012147798742138371,0.3863013698630136
687134,0.028333978702807353,0.42354014598540196
541640,-0.011727848101265826,0.2987804878048781
693821,0.005756165473349182,0.3415929203539826
666808,-0.007281598513011123,0.28973880597014945
656730,-0.011094289508632116,0.26587301587301576
671131,0.014980421686746966,0.38658536585365916
691594,0.06375294117647065,0.5657407407407405
607179,0.03181632653061225,0.4739130434782608
622253,0.020863309352517973,0.42499999999999993
656849,-0.0023442015561318742,0.3205394190871372
672578,0.006173564753004005,0.35226130653266335
686747,0.03123000000000001,0.5515151515151515
680837,-0.02091666666666667,0.225
678226,0.0018563458856345903,0.31759259259259254
687396,-0.004819672131147543,0.2895604395604395
657376,-0.008233278955954309,0.277848101265823
663941,-0.005627906976744176,0.2948275862068966
669711,-0.006491477272727267,0.2963768115942031
677958,0.007866903283052371,0.35958188153310133
642180,0.048,0.4749999999999999
663399,-0.0009301397205588853,0.3330769230769231
687003,0.008736434108527131,0.39583333333333337
676508,-0.002753646677471623,0.32615384615384635
642701,-0.019714574898785444,0.22798507462686568
667463,0.015326397919375824,0.37729357798165164
666171,0.006273080660835762,0.343650793650794
672724,0.089,0.6406250000000001
663804,0.006043137254901962,0.3584615384615384
640462,0.010705128205128206,0.3585714285714286
453286,0.007271942446043174,0.3455182072829136
623167,-0.007662704309063869,0.2899441340782121
669449,0.03675,0.5083333333333333
694738,0.004044911881750998,0.34448123620309096
676395,-0.007722222222222207,0.30561797752809017
656986,-0.012020604395604371,0.2670854271356784
676130,0.00045680147058823413,0.32267857142857176
572955,-0.0029071729957805843,0.2991489361702128
641656,-0.003405616224648979,0.2987878787878787
682144,0.04393548387096775,0.6833333333333332
641778,-0.0015802318486882168,0.3092009685230029
672456,0.005453496266123569,0.3412596401028283
663947,-0.00676007005253941,0.28672131147541
682052,-0.002019108280254769,0.313123359580053
669330,-0.011008771929824556,0.2786585365853658
608379,-0.004265566391597889,0.3067737430167601
663432,0.002179104477611937,0.32127659574468076
607200,0.007819333051920627,0.353932584269663
669461,0.0011884422110552937,0.3246533127889063
656876,-0.009449709432275416,0.28094405594405625
519242,-0.010747907434761238,0.277140077821012
593576,0.015374074074074083,0.39541666666666664
683618,-0.0015519713261648814,0.290506329113924
621363,0.019840163934426232,0.4576923076923076
669717,0.028153846153846158,0.40625
643511,-0.022913223140495917,0.24220338983050838
820862,0.0005348837209302289,0.3363333333333334
592254,0.004188118811881187,0.37142857142857144
643377,-0.0027840805123513293,0.31178571428571455
669193,0.02263636363636364,0.4071428571428571
641927,0.006993633276740194,0.34864217252396196
665665,-0.01024,0.3071428571428571
693312,-0.0013415384615384674,0.3203030303030302
621366,0.004555555555555553,0.3104166666666666
686753,0.03907547169811319,0.49230769230769234
669062,-0.008512141280353198,0.29369747899159643
662253,-0.015702415458937198,0.24143426294820722
621345,-0.026297297297297302,0.1988372093023256
571946,-0.01018181818181817,0.2669491525423729
700669,0.005970899470899471,0.3546391752577319
669854,-0.004090680100755667,0.2932160804020101
656605,-0.0005738675958188052,0.3192000000000001
595928,-0.008777981651376138,0.276595744680851
680736,-0.0040659340659340674,0.3032258064516132
667755,-0.0003498563218390811,0.3231724137931036
641540,0.010935483870967743,0.36223404255319136
544150,-0.015676300578034683,0.2534883720930233
815083,0.009404938271604942,0.35093457943925227
682171,0.01857758620689656,0.41269841269841256
595014,0.005984344422700582,0.35766129032258054
663158,-0.014195167286245317,0.24307116104868906
677976,-0.0179746835443038,0.2263157894736842
622786,-0.006569078947368425,0.30624999999999986
663554,0.0041648958776030675,0.3313694267515927
689254,-0.009126891734575067,0.2834905660377358
608650,0.0003373819163292809,0.32715736040609134
689266,-0.005617537313432846,0.2791970802919708
691094,0.022297872340425528,0.37307692307692314
669199,-0.005057742782152215,0.2998293515358363
623465,-0.022956521739130435,0.22727272727272732
700270,0.025066666666666668,0.42666666666666664
669467,0.0031336353340883374,0.34332855093256837
663423,-0.004199695121951226,0.31825842696629203
620443,0.22421739130434779,1.05625
612434,0.018247619047619047,0.375
668678,0.0022183191070256217,0.32894402035623427
605488,0.0009005971197752033,0.31988795518207314
690829,0.018114285714285718,0.4261904761904762
641793,0.00023242467718794852,0.31879947229551475
642207,-0.009940092165898612,0.2766798418972334
685068,0.03168421052631579,0.48800000000000004
642585,-0.010376012965964347,0.2532374100719424
683627,0.025370065789473706,0.4375000000000001
680742,-0.007361760660247583,0.3096685082872928
676282,-0.001555284056200355,0.3019900497512444
680730,0.0071881700554528565,0.35082758620689686
694363,0.016142857142857146,0.4049999999999998
669211,-0.0014102079395085093,0.32228464419475683
674841,-0.011582733812949652,0.26938775510204066
680885,-0.008799109980928121,0.27880184331797275
641302,0.0014252365930599348,0.32559523809523866
670280,-0.011822091886607993,0.2568
675919,-0.046444444444444455,0.09999999999999999
606965,-0.01320610687022902,0.2523076923076923
622569,0.14255555555555555,0.7875000000000001
543135,-0.01686607608129241,0.24777327935222707
656629,-0.003935064935064933,0.29056603773584894
664123,0.017564102564102565,0.401
656641,-0.007503660322108335,0.2926470588235297
623474,-0.004950479233226837,0.28952802359882035
621381,-0.009308157099697874,0.273529411764706
608671,0.0926923076923077,0.5333333333333333
690990,-0.009275862068965508,0.2807439824945301
622554,-0.00694373865698729,0.28697318007662853
519141,-0.008631249999999986,0.2712871287128712
573009,0.05983854166666667,0.5684210526315788
573262,0.04171428571428572,0.5071428571428571
689147,0.001698042870456661,0.3195817490494299
692285,-0.008733564013840824,0.26319444444444445
676440,-0.00043206426825008123,0.32459239130434814
547973,-0.02481518151815185,0.1899553571428571
656638,0.016800000000000002,0.4166666666666667
668964,-0.000012106537530268396,0.3297727272727272
621244,0.0021667956656346793,0.33352435530086
592662,-0.0012684913652655267,0.3066976127320955
614179,0.01855298013245032,0.4093749999999998
681293,0.006495145631067964,0.33205128205128204
628452,-0.012241701244813252,0.26716981132075474
687849,-0.0064805194805194815,0.3078947368421052
800048,-0.0036576,0.3233333333333332
676684,-0.005917326297273509,0.28904593639575993
682847,0.00010393071285809401,0.32879581151832526
642216,0.02705847953216374,0.4282608695652173
663992,0.01634841628959276,0.4105263157894736
676571,-0.004021479713603823,0.31818181818181807
642100,-0.014166123778501594,0.24772727272727268
665019,0.08725000000000001,0.8166666666666668
673540,0.0015362776025236676,0.3278008298755189
663465,-0.004492354740061157,0.3005813953488374
694646,0.04744615384615384,0.4862745098039214
663855,0.011147623019182661,0.3797124600638983
657424,-0.0027834274952918936,0.3222627737226276
676961,0.011889487870619955,0.3723958333333335
663462,0.028798165137614688,0.42571428571428577
547184,-0.002457446808510642,0.3230061349693251
804636,0.01710242587601078,0.3948863636363635
643410,0.0067953431372549085,0.3722222222222223
676702,0.008903790087463583,0.3561797752808987
676428,-0.002266928361138365,0.32368421052631613
621107,0.01567790594498669,0.378870967741936
673820,0.0509016393442623,0.5392857142857144
681799,0.027159722222222227,0.39615384615384613
668970,-0.0006104651162790894,0.33604651162790694
601713,-0.012188004209049495,0.2642857142857145
518489,-0.0012400990099009836,0.309047619047619
682990,-0.002292949756888164,0.3177641653905056
641835,0.0011926910299003347,0.33378378378378365
543391,-0.008958333333333327,0.26666666666666666
669622,-0.013332901554404107,0.2545226130653266
518876,-0.00403953406283089,0.29859625668449225
608665,0.018145061728395057,0.43192771084337334
621512,-0.09355555555555556,0.11666666666666665
656257,0.04511111111111112,0.44999999999999996
623352,-0.014331730769230732,0.25445544554455457
641329,-0.005124884366327464,0.3079629629629632
666374,-0.00630535279805353,0.2974619289340101
660604,0.00041379310344827303,0.33369565217391306
656546,0.0015753546099290768,0.3240418118466902
685107,0.006946169772256726,0.37478632478632473
676979,-0.010922246905744282,0.2760391198044012
677649,-0.08835999999999998,0.08181818181818182
664126,-0.005121676891615536,0.2995850622406639
676467,0.014012405237767036,0.37148541114058387
678024,-0.007894289185905215,0.29318181818181877
670950,0.015137931034482766,0.4066666666666667
650633,0.002681706316652995,0.3146103896103899
702795,0.027017316017316023,0.47426470588235276
664141,-0.011074626865671641,0.273706896551724
663623,0.009973174872665514,0.36941624365482184
554431,0.019393700787401564,0.42285714285714293
661527,0.00849166666666666,0.3055555555555556
669387,-0.0027662416514875527,0.31904761904761963
672391,0.0020317258883248692,0.32124352331606226
686563,0.011704406023424442,0.3702150537634411
663474,0.024276422764227642,0.43333333333333335
681168,-0.00012307692307692814,0.32530120481927705
657585,-0.007693749999999998,0.2978354978354979
686676,0.025909090909090906,0.40714285714285714
670036,-0.004057527539779684,0.2879464285714285
542888,-0.017799642218246894,0.23133802816901408
671212,0.001448608137044965,0.32933333333333353
664129,0.049302752293578,0.5958333333333333
642520,0.035603305785123995,0.44634146341463415
687075,-0.005162068965517242,0.3011904761904761
642121,-0.012968992248062023,0.26966292134831454
700187,0.045823529411764714,0.4905405405405405
694819,-0.0027405498281786816,0.300183823529412
802686,0.007140000000000005,0.37083333333333335
671096,-0.0064127754949571125,0.29568713450292444
687209,0.029351515151515156,0.38372093023255816
670167,-0.0030009727626459145,0.31627906976744197
670810,0.006633928571428569,0.35161290322580646
641585,-0.017355263157894745,0.221875
669372,0.005874920634920659,0.350127877237852
605280,-0.0032916063675831764,0.3131690140845072
548384,-0.028023195876288657,0.20151515151515148
656427,0.0005220770045920169,0.32080882352941203
664948,0.025234782608695633,0.41304347826086957
801403,0.009926119837114595,0.36775700934579475
596271,0.008746376811594202,0.37499999999999983
681987,0.028071428571428577,0.5375
688138,0.007506726457399129,0.3418571428571434
669923,-0.0032179809141135037,0.30258449304175006
656302,-0.0005969119579500685,0.32298611111111114
663897,-0.0124225352112676,0.30200000000000005
669920,0.007987220447284369,0.35595238095238146
676092,0.009171428571428575,0.38080357142857135
676083,-0.00451541307028358,0.2998883928571433
687888,-0.007124078624078618,0.29198113207547166
664299,-0.004207455429497566,0.30286624203821644
668881,-0.01301082381238725,0.26637279596977353
595345,-0.01800760456273764,0.23795620437956205
641755,-0.009128163265306117,0.2738486842105266
678316,-0.002814814814814811,0.33611111111111114
685801,0.00262555066079295,0.31416666666666665
691172,-0.0005000000000000077,0.296875
656686,0.024141566265060255,0.41067415730337076
683175,-0.010501326259946956,0.24540816326530607
663903,0.00007087719298245904,0.31913407821229056
640448,-0.011070921985815586,0.27965367965367965
676604,0.016591836734693884,0.4172413793103447
657612,-0.005498331479421567,0.2881578947368421
665871,-0.003964726631393298,0.3235294117647059
434378,-0.000014953987730046708,0.3345166163141996
680689,0.0048664688427299645,0.34017857142857144
642133,0.07204347826086957,0.5727272727272728
682243,0.009992871030460168,0.35421994884910524
518397,0.0245814696485623,0.4598765432098765
660896,0.015359223300970892,0.4089641434262951
657746,-0.00282003577817535,0.29754689754689784
656945,0.002732519422863484,0.3349785407725324
696147,0.008710447761194022,0.3457446808510637
680951,0.02795370370370371,0.43913043478260866
605447,0.008273894436519257,0.3653225806451613
671111,0.005176470588235295,0.3285714285714286
605182,0.014728070175438597,0.3596774193548387
592332,-0.00862508250825084,0.28126614987080134
667297,-0.014268980477223409,0.257142857142857
679885,-0.006620817843866173,0.28484848484848474
622608,0.017891856392294174,0.41434359805510557
679358,-0.003083700440528626,0.3189265536723164
592454,-0.0012173913043478281,0.3112359550561801
519326,-0.0073433734939759,0.293258426966292
621057,-0.00039534883720930265,0.3464285714285715
621051,-0.002120123203285414,0.30481171548117153
645444,0.015925925925925927,0.39499999999999996
689225,0.012915567282321903,0.3773195876288659
596295,0.01953153153153155,0.42132352941176515
656457,-0.007452920143027412,0.2992924528301887
675848,0.0008463016330451446,0.3219367588932809
678215,0.026082125603864727,0.4454545454545454
669432,-0.01812231100184396,0.23475177304964562
690928,0.00036090225563909395,0.32666666666666694
677944,0.002558410082404278,0.3239889705882357
680573,0.0009084132055378252,0.3154989384288751
657097,-0.008521472392638039,0.28037735849056605
489446,0.007364829396325448,0.3539106145251398
672710,0.004421319796954314,0.32450980392156864
680701,0.07843478260869564,0.45
592094,-0.010221711131554722,0.27659176029962557
690916,0.008780952380952379,0.3543589743589744
672841,0.001119634703196344,0.3351681957186549
701542,0.001720913633119203,0.33230337078651706
686730,0.02478367346938775,0.3583333333333333
694477,-0.0037587064676616847,0.31091269841269875
623168,0.11655172413793104,0.6185185185185186
694462,-0.008916478555304731,0.27685589519650655
681892,-0.0028855172413793026,0.3256906077348066
668390,-0.015546042003231005,0.2537267080745341
661563,0.00005051546391752216,0.32244897959183705
622379,0.017976190476190472,0.45243902439024386
664192,-0.005346518987341768,0.31463414634146347
680704,-0.00619655172413793,0.31304347826086953
656186,0.007923250564334098,0.31144067796610164
656716,-0.1365,0.0
666142,-0.002175162187210377,0.2966926070038912
677161,0.0014578947368421027,0.32142857142857134
594580,0.010469879518072284,0.37134146341463403
543859,-0.0021889168765743187,0.3091346153846153
571771,0.04168800000000001,0.5162162162162162
681347,-0.0024567338972023445,0.3088308457711449
700363,0.00013080168776372132,0.3219895287958115
642547,-0.00909487093530005,0.2724137931034484
666157,-0.002150121065375302,0.3008593750000004
674285,0.034009560229445485,0.4755102040816328
686218,-0.008501745200698081,0.26185567010309296
615698,0.008948602794411205,0.36935797665369674
477132,-0.005436829558998799,0.2948863636363642
650556,-0.01184719864176567,0.2712585034013608
641386,0.019491978609625673,0.36489361702127654
640454,0.014746478873239436,0.4066666666666667
669947,0.012272727272727272,0.3447368421052632
640451,-0.03457485029940122,0.15641025641025644
672582,0.0016685133887349977,0.33579335793357973
700241,-0.0012013651877133017,0.32787500000000036
502043,0.05797499999999998,0.5780821917808218
690925,-0.00869677419354839,0.2706730769230768
679775,0.01066046511627907,0.37086956521739134
663671,-0.008396616541353373,0.2814960629921258
690544,-0.0008883928571428544,0.32500000000000007
669438,-0.009584254143646406,0.29130434782608683
657240,0.009747875354107649,0.3680232558139533
623433,0.005431535269709539,0.36507936507936506
660271,-0.015717131474103578,0.2598930481283422
592779,-0.008850819672131147,0.2859872611464967
702352,0.002411258795934319,0.3276627218934917
605218,-0.00702222222222222,0.2833333333333334
606930,0.0006575342465753398,0.3486111111111111
663558,0.014487499999999997,0.365
671162,0.04742857142857142,0.5741935483870967
518585,-0.0070997474747474705,0.28582089552238815
695418,0.002632518796992492,0.32595978062157255
641672,0.013095563139931739,0.3836666666666665
605483,-0.009608949416342407,0.2882352941176472
687424,0.044302325581395366,0.5046875
666711,-0.015209523809523832,0.2570588235294117
695534,0.051106508875739594,0.5812499999999998
676664,0.00653803888419274,0.3575085324232083
663436,0.003837158943265511,0.33758333333333346
670766,-0.012139534883720934,0.28043478260869564
607067,-0.0009814522494080477,0.3199548192771086
664076,-0.011362470862470853,0.2702531645569621
665660,0.0008385772913816676,0.30919540229885056
669721,0.009639344262295083,0.3521739130434782
669450,0.19694117647058818,0.7388888888888889
676661,-0.0017483974358974313,0.3196969696969696
669203,-0.006188305252725473,0.29602272727272744
669060,0.021716627634660396,0.41814159292035435
678495,-0.011589108910891053,0.25276381909547735
686751,0.0032897196261682258,0.3324074074074074
680862,0.025555555555555554,0.395
656731,0.000992028343666957,0.3226950354609932
694361,-0.001383606557377047,0.31999999999999995
593958,0.007397064503669309,0.3605339105339107
676801,0.012166666666666668,0.36666666666666675
681916,-0.030148148148148136,0.18095238095238098
657514,-0.011543817527010796,0.26909090909090905
687287,0.027965517241379315,0.475
641401,0.010230862697448353,0.35180412371134023
664353,0.014892857142857143,0.40714285714285714
681517,-0.010379129129129095,0.28491620111731886
646242,-0.024307692307692304,0.18
669456,-0.007973643410852709,0.29402515723270434
693313,0.006460547504025758,0.36483870967741927
593833,0.022000000000000002,0.48281250000000003
672335,0.020903890160183076,0.4293577981651376
656222,-0.010351528384279472,0.27456521739130435
689520,-0.0393010752688172,0.14615384615384616
669724,0.002622538293216628,0.3348000000000002
676917,0.006265228426395938,0.3648401826484021
607192,-0.007035810810810801,0.2691256830601097
592773,0.0052859830667921015,0.3419607843137258
642708,0.1014642857142857,0.7000000000000001
670102,0.011072022160664845,0.367335766423358
608371,0.029136200716845875,0.4465277777777776
668941,-0.010768686868686856,0.2782868525896415
663546,0.020771653543307084,0.3985915492957745
669194,-0.007863746958637478,0.29151857835218115
681895,-0.0015227963525835876,0.31874999999999987
673380,-0.005846994535519117,0.28658536585365857
669459,0.023659090909090907,0.43636363636363645
668670,-0.004653061224489795,0.346875
695549,0.0025427594070695564,0.3378440366972479
806185,0.0034857621440535984,0.34832214765100705
605242,0.005766666666666669,0.3891304347826087
669093,-0.0048081300813007976,0.30083612040133806
676962,0.009008527572484382,0.3560381355932207
663969,-0.005561307901907347,0.29415584415584434
605513,0.031008,0.4772727272727273
692030,0.023121951219512174,0.538888888888889
676679,-0.038593749999999996,0.24285714285714285
678394,-0.0016669236700077082,0.3120562130177517
669212,0.035727272727272726,0.5073529411764705
669358,0.003081309786607815,0.33792134831460685
605507,-0.04120000000000001,0.05833333333333333
686790,-0.018679245283018873,0.26083333333333336
805673,0.0079549150036955,0.3492937853107351
592791,-0.002137948458817586,0.29990384615384647
681151,-0.019744318181818203,0.2361702127659575
675911,0.004432592592592601,0.3405405405405407
594902,-0.004294853963838665,0.30223463687150837
693855,-0.004292462311557775,0.29419087136929467
621114,-0.019564102564102563,0.2
683232,-0.0073076923076922685,0.268609865470852
621242,-0.01604779756326146,0.23706563706563707
801216,-0.0357608695652174,0.07777777777777778
624133,-0.006902469135802511,0.3009969325153379
669084,-0.015789115646258487,0.24838709677419346
680880,0.006320334261838442,0.3417525773195875
668834,0.004968609865470846,0.30819672131147535
694918,0.019815533980582518,0.4410256410256409
547179,0.0033204099821747034,0.33553299492385824
663460,-0.007794986072423402,0.28815513626834416
670912,-0.004596992481203006,0.30058479532163745
656240,0.006645980253878702,0.34589743589743593
692024,0.06133333333333334,0.532608695652174
607481,-0.0011716738197424916,0.31802575107296155
671305,0.036099173553719,0.49107142857142855
543243,-0.002440970945200417,0.32162698412698454
678906,0.00505235602094241,0.34352517985611514
663978,0.0050077972709551815,0.3430700447093893
621111,0.0057291000456829826,0.352826855123675
806188,-0.007693832599118937,0.2875000000000001
519008,0.021492647058823516,0.4432432432432431
502085,0.0014440789473684223,0.3493506493506493
680755,-0.009944852941176452,0.2671717171717172
660825,-0.015530578512396696,0.25423452768729665
669620,0.0059126213592233055,0.3436363636363636
689017,0.005633893919793013,0.3554054054054055
641154,-0.00811541701769164,0.2812714776632304
656234,0.0021086729362591408,0.3485829959514171
489119,0.016912195121951225,0.42000000000000004
701581,-0.0006145124716553328,0.3294759825327512
675512,-0.00802743902439024,0.28232044198895034
643396,-0.0752857142857143,0.0
682842,-0.01400601374570446,0.25454545454545474
660730,0.03689253731343283,0.45166666666666666
657053,0.018702702702702696,0.4227272727272728
670156,0.006782608695652169,0.3833333333333333
802419,0.04866499999999999,0.5229999999999999
808963,0.0010740740740740728,0.33260869565217394
687064,0.015492553191489396,0.3755859375000004
493603,0.0032380952380952404,0.3111111111111111
671737,0.0013480876665234196,0.3248760330578515
676974,0.006470644850818096,0.3519298245614039
699134,-0.012598425196850397,0.24833333333333338
680767,-0.0016171617161716172,0.324047619047619
678022,-0.0045211930926216636,0.2894409937888198
657571,-0.011120921305182335,0.2714552238805972
518886,-0.0010304347826086966,0.3285714285714286
571578,0.0018145285935085066,0.32959337349397616
672782,0.005406733393994541,0.3471119133574011
608032,-0.015199999999999984,0.2542471042471043
688642,0.01029981024667932,0.36934306569343067
605540,-0.011514522821576754,0.25817120622568096
579328,0.0008387312186978423,0.3309555854643341
669373,-0.018120393120393187,0.2477333333333335
702674,0.013309608540925272,0.3672535211267606
605135,0.0008826440438317486,0.33344640434192685
687847,0.012131313131313139,0.3695652173913043
472610,-0.0015703125000000007,0.32467248908296953
689690,0.008568259385665532,0.36830065359477127
450203,0.010200941915227624,0.369448698315467
684974,0.013465909090909086,0.38658536585365844
650893,0.013909348441926346,0.38633879781420777
657044,-0.0033565891472868326,0.31959064327485376
664139,0.002123711340206183,0.3321100917431192
642759,-0.008210526315789474,0.315
682610,0.011991266375545845,0.3862745098039215
519151,0.0076512345679012345,0.37022471910112353
686930,0.009856148491879359,0.3663461538461537
656794,-0.0030679172056921012,0.31534526854219996
695445,0.004138936535162954,0.31170212765957445
676051,0.04476119402985076,0.45
666619,0.014423076923076927,0.39852941176470585
594798,-0.012653404743687898,0.26028315946348757
666214,0.005880991735537198,0.34498861047836055
689958,0.04075862068965516,0.5416666666666666
800311,0.03258703071672355,0.49285714285714266
697812,-0.005558620689655175,0.3171428571428571
699911,0.005854838709677417,0.32799999999999996
641312,0.03445622119815668,0.48303571428571423
800049,0.007249488752556238,0.3633093525179856
676724,0.02827272727272728,0.5333333333333333
690997,-0.01133017591339645,0.26684491978609615
605400,0.005630102040816351,0.3498768472906408
642232,-0.0007315634218289043,0.3195075757575758
686799,0.014122108660570221,0.38982387475538205
678692,-0.011002590673575108,0.2757475083056481
674384,0.018538152610441776,0.4057377049180326
676742,0.017816326530612245,0.41617647058823526
696270,0.024916058394160605,0.41056338028169
573186,0.007592329545454557,0.3579999999999999
682515,0.07646666666666666,0.58
596001,-0.004764534883720931,0.3056776556776559
701519,0.010603318250377091,0.39025157232704416
656550,0.0007932790224032576,0.3183943089430899
676206,-0.006623076923076927,0.22857142857142862
664285,-0.0026471809062607837,0.30642144638404023
641482,0.01754924874791322,0.4044585987261146
679883,-0.022133640552995375,0.2223214285714286
621028,0.017529411764705877,0.40625
687362,0.01261571125265393,0.3987903225806451
592836,0.006473556525958291,0.3460111317254178
669391,0.031974789915966396,0.4714285714285714
661403,-0.007422252010723859,0.2959798994974874
676879,-0.00850629235237172,0.2864814814814817
681190,0.0004697392923649953,0.32026315789473736
696136,0.014225806451612913,0.4052238805970148
671109,-0.0023046357615894063,0.31623376623376614
663362,0.025759615384615377,0.428
683021,-0.11085714285714286,0.0
605177,-0.007380872483221469,0.2910714285714285
686826,0.0031833740831295853,0.34848484848484834
655889,-0.014951276102088172,0.2698347107438015
664294,-0.0009438596491228102,0.3161764705882352
543294,0.002848037310532473,0.334176300578035
671106,0.004822443706164667,0.3376843657817112
681982,-0.0024139452780229443,0.3068965517241382
606996,0.0006584659913169315,0.3206703910614525
681857,-0.003432269197584115,0.29298245614035107
691548,0.028897435897435902,0.45714285714285713
686701,-0.004209113100081345,0.2915282392026581
694037,-0.008569560047562406,0.2930232558139534
683155,0.03025268817204304,0.45636363636363625
672282,-0.005529356943150041,0.3017241379310347
656288,-0.0030707371556217356,0.31310975609756136
624431,0.023708333333333328,0.4166666666666667
650911,-0.012939642857142896,0.27158365261813594
663767,-0.00796242774566473,0.2918994413407821
676477,-0.015020583190394489,0.25574912891986074
801139,0.011088815789473674,0.3905405405405403
534910,0.026126582278481008,0.4
676617,-0.01184564643799472,0.2758883248730965
685126,0.009111480865224637,0.359661016949153
687606,0.01033253588516746,0.361650485436893
608717,0.021406326034063273,0.4254807692307691
670183,-0.009666666666666664,0.27999999999999997
670174,-0.0074637681159420355,0.2846153846153846
666277,0.016774566473988492,0.4060693641618498
681217,-0.0022641509433962296,0.31249999999999994
660644,0.07339130434782609,0.49090909090909096
694335,-0.015551214361140429,0.23223684210526316
671922,-0.0115177664974619,0.26392617449664446
665625,0.014887700534759362,0.3914893617021276
688297,0.015134517766497463,0.389108910891089
552640,-0.012499999999999983,0.27584541062801926
663773,-0.0035954198473282383,0.34722222222222227
640455,0.005208219178082196,0.34467680608365037
669674,0.01162213740458015,0.38085106382978723
669022,-0.0002097232079488868,0.32041116005873727
691441,-0.02109000000000002,0.22692307692307695
680702,0.005187500000000012,0.2533333333333333
666661,0.00884278768233387,0.37352941176470583
682274,0.0073152866242038265,0.3351190476190474
656848,-0.0003302752293578,0.32662337662337654
692230,0.017754807692307716,0.41699999999999987
676510,0.05803846153846153,0.5857142857142856
687377,0.013934131736526943,0.39958333333333323
571510,-0.006202476329206174,0.29435933147632337
681869,0.008153419593345656,0.35352112676056324
476594,0.03869491525423729,0.5
605463,0.02953544776119404,0.41380597014925363
695505,-0.0016130718954248352,0.3227513227513227
625643,0.01386170212765958,0.4211538461538462
701656,-0.014526829268292681,0.2479797979797979
592351,0.02460000000000001,0.3849206349206349
445276,-0.011535294117647048,0.2642543859649123
813349,-0.015739938080495355,0.25379746835443034
695243,-0.017697530864197508,0.22896995708154513
686993,-0.00704757548032937,0.2858490566037737
656577,0.10095833333333332,0.6
571760,0.011553794428434194,0.3595903165735571
554340,-0.012559888579387156,0.27471910112359543
680684,0.017687385740402184,0.39855072463768115
645305,0.07338888888888889,0.5666666666666667
657756,0.004686486486486484,0.34270833333333334
668909,-0.002753162393162385,0.30901988636363636
592866,0.0066239067055393645,0.35835694050991557
547001,0.04782352941176471,0.5125000000000001
595897,-0.0019277108433734935,0.3404761904761905
676760,-0.029987804878048786,0.19523809523809527
702070,-0.004490295748613646,0.29090090090090126
669302,-0.0044494434137290935,0.28728971962616856
670990,0.0044519867549668865,0.3435064935064934
642152,0.0016313912009512496,0.3274271844660194
543056,-0.00957440890125173,0.26818181818181813
670329,-0.005402730375426614,0.2939716312056736
573204,-0.016262773722627726,0.23691588785046722
622761,0.08414285714285716,0.7000000000000001
678606,-0.0009900662251655704,0.32352941176470634
543592,0.24810344827586214,0.9818181818181819
677960,0.003677570093457935,0.33403614457831315
685314,-0.01942622950819672,0.23124999999999996
669308,0.01053229398663698,0.34150943396226413
656458,0.044833333333333336,0.5
664199,-0.011784705882352899,0.2676470588235294
668933,0.001430528375733856,0.3335714285714291
623437,0.0009917525773195848,0.3298850574712646
669707,0.11017391304347825,0.71875
669713,0.0009783464566929018,0.3174242424242424
806960,-0.0025188794153471372,0.29725
643361,-0.00552777777777778,0.29642857142857143
701552,0.00022437673130193942,0.34450549450549445
702752,0.036689655172413786,0.5333333333333333
669704,-0.016401477832512307,0.24428571428571416
687922,0.0064109589041095975,0.35833333333333317
663559,0.0017309072270630585,0.3278957528957532
664991,0.007951923076923089,0.3696969696969696
801434,0.009338235294117645,0.38589743589743586
690953,0.0035000000000000027,0.35862068965517246
448179,0.01832748538011696,0.39883720930232547
694359,0.006720000000000004,0.3777777777777778
657649,-0.0022588686481303955,0.29794776119403
664062,0.0094384236453202,0.35727848101265824
663687,-0.0036302222222222244,0.29450549450549474
664854,0.00502962206332993,0.3440000000000002
608372,0.005452121212121224,0.35154083204930703
642048,0.014762931034482766,0.3825757575757575
676534,-0.003789625360230556,0.30597609561753
674944,-0.0008766233766233737,0.32790697674418606
676775,0.01135151515151515,0.3500000000000001
687931,0.015654411764705885,0.37205882352941166
500743,0.08584057971014493,0.5839285714285714
684007,-0.002707261029411734,0.294708994708995
593423,0.01678672316384181,0.3949438202247192
641658,-0.25866666666666666,0.0
571912,-0.035153846153846154,0.175
678368,0.005780635400907717,0.35057306590257925
664068,0.16072972972972976,0.7416666666666667
679922,0.04948148148148149,0.6
664208,-0.011363095238095222,0.26720647773279366
676272,0.03868103448275863,0.525925925925926
458677,-0.0037732843137254905,0.31545893719806756
676254,-0.004539292730844773,0.3102272727272729
656464,0.008519348268839088,0.3615702479338842
686752,-0.00032160059281214536,0.31314243759177685
471911,0.018001283697047506,0.3950471698113209
805123,-0.014500986193293885,0.2579999999999999
694350,0.011844186046511627,0.40539215686274505
675989,0.018775,0.39499999999999996
660787,-0.000593220338983054,0.33187499999999986
693433,-0.010515843773028829,0.26723666210670327
571927,-0.005917326297273506,0.30066225165562926
455119,-0.009457680250783687,0.30382352941176455
607455,-0.008517890772128039,0.2870229007633589
685299,0.016579581993569185,0.38575667655786394
686228,0.02238636363636365,0.41640624999999987
680729,0.015497382198952876,0.418
682825,0.003773809523809519,0.3322916666666665
676263,-0.01650436300174522,0.2513245033112584
605347,-0.004819121447028428,0.30476190476190457
691587,-0.005222952779438127,0.28565891472868254
657277,-0.0038113954905544902,0.31336056009334906
571945,0.008363672976238426,0.34985029940119783
657006,0.002968051118210858,0.32608695652173897
663562,0.05800796812749005,0.5823076923076921
680604,0.03664,0.46875
624512,0.09070588235294116,0.6
656896,0.13197777777777778,0.8538461538461538
521230,-0.0026982758620689613,0.32499999999999996
683766,-0.041642857142857155,0.225
647315,0.05192125984251968,0.5717948717948718
570632,0.00633512931034483,0.3609958506224069
664744,-0.058517241379310345,0.1
663568,-0.00646891651865008,0.29902386117136714
687830,0.021375809935205173,0.36879699248120296
663967,-0.04172727272727274,0.175
683769,-0.006717826501429933,0.29393382352941194
668674,-0.008552440290758023,0.2851626016260163
674444,-0.0032776886035312757,0.289344262295082
622663,0.0005668253387037761,0.3231914893617024
685326,0.021173306772908403,0.4126984126984127
669722,-0.05542857142857143,0.0
640902,0.05154285714285714,0.6000000000000001
621237,0.0031312910284463902,0.3263157894736841
573124,0.006636465324384785,0.3463470319634705
666974,0.00525557809330629,0.3454000000000003
623211,-0.0056339737108189935,0.3013565891472871
686642,-0.0016838905775076007,0.31824324324324316
676680,-0.02259375,0.2125
607732,-0.012730769230769242,0.26875
621112,0.009276276276276295,0.3717142857142856
500779,0.00039466421343146036,0.3154398563734293
680735,0.030922716627634652,0.44264705882352934
642215,-0.03236111111111111,0.225
664875,-0.016892592592592594,0.23939393939393938
641816,-0.01074768518518514,0.2675925925925927
657024,0.027918918918918924,0.48653846153846153
666200,-0.006027547295054733,0.29769433465085665
681911,-0.011228939544103055,0.26818181818181824
600917,0.02741484716157204,0.45217391304347826
680732,0.005949494949494964,0.35519262981574556
686249,0.06899999999999999,0.5642857142857143
620454,0.007257826887661154,0.3734899328859059
681006,0.011515497553017945,0.38691275167785233
593974,-0.0036836555360281187,0.3127419354838714
641941,-0.01328095238095236,0.2577067669172933
571948,-0.003015557476231613,0.31551724137931064
665795,-0.0010945825932504299,0.3102915951972558
673929,0.0025960502692998397,0.3196564885496186
663321,0.015235294117647038,0.4125
664747,0.02129362880886428,0.4076470588235294
681146,0.04058771929824562,0.4837837837837837
628317,0.014005847953216372,0.40116279069767435
677865,0.012493150684931507,0.37903225806451607
607074,-0.008078871433151688,0.27627450980392154
663574,-0.00349386753883893,0.29983277591973273
543101,0.010783911671924298,0.36347305389221546
606160,-0.006835081029551959,0.27921810699588495
665152,-0.002188158372684334,0.31100141043723584
687166,-0.013888888888888885,0.2777777777777778
664351,0.005566964285714279,0.3472222222222222
668820,-0.00361247637051039,0.28311258278145685
668716,0.02023724489795918,0.4252631578947366
676701,-0.009999999999999997,0.3
621383,-0.00964944649446492,0.2770676691729324
542881,0.008676784950833691,0.351512605042017
660844,0.05444444444444445,0.5666666666666667
682989,0.02069108280254776,0.4185185185185184
674072,0.017822429906542054,0.3961538461538462
683004,-0.0028065015479875888,0.3036377708978331
675650,0.026164705882352937,0.51
663455,0.008818000000000003,0.3532520325203252
506433,0.005439550949913653,0.33104026845637613
687330,0.02237543252595159,0.3823353293413173
681676,0.01155725190839696,0.38776978417266184
669371,0.0012650475184794083,0.3347457627118646
663738,0.0024075117370892037,0.3246478873239439
829272,0.02043026706231455,0.38620689655172424
606303,0.017734966592427626,0.39008620689655177
543518,0.014090909090909093,0.38933333333333325
688107,0.017470588235294106,0.38103448275862073
607625,0.006069327731092444,0.33336052202283856
681810,-0.014157534246575341,0.24705882352941178
805299,0.005613718411552348,0.37045454545454526
688497,-0.0062946708463949876,0.29315068493150676
691769,0.01176056338028169,0.4055555555555556
686654,0.019951219512195126,0.35714285714285715
808967,-0.015018286124058857,0.25007299270073013
592155,0.013431159420289857,0.36321428571428566
621121,0.01817126546146528,0.41195219123506044
650489,-0.038333333333333344,0.225
676969,-0.004659574468085107,0.29999999999999993
681432,0.006276315789473689,0.35333333333333333
690986,-0.00132482993197279,0.32322580645161286
647336,-0.002868455497382199,0.3051047120418854
666215,0.03229296875,0.4765151515151514
592426,-0.004702046035805626,0.3
678011,-0.03009090909090908,0.225
701487,0.010481617647058844,0.37518796992481185
660853,-0.0014512867647058674,0.314233576642336
682995,-0.02276086956521739,0.25416666666666665
805427,0.05435897435897435,0.5921052631578947
691251,0.022643137254901965,0.44551282051282043
687589,0.08815384615384617,0.5666666666666668
647351,0.1382,0.625
678020,0.009357487922705316,0.37619047619047624
642239,-0.012145400593471812,0.2852272727272726
605130,-0.00411996842936068,0.3121212121212124
607259,0.0006873545384018748,0.3200292397660821
676475,0.042857142857142864,0.4
668984,0.0028583042973286867,0.33479262672811066
693645,-0.005164405426975252,0.2908496732026147
687473,0.008959090909090946,0.35927152317880834
650644,0.0024132799084144343,0.33149425287356366
687863,0.0075801282051282,0.38424657534246576
554430,-0.010105263157894812,0.26805792163543474
663893,-0.005734677419354834,0.29744897959183714
670970,-0.021269269269269305,0.23127208480565373
666120,0.02501477832512314,0.4479999999999999
701121,0.011945054945054935,0.38469387755102036
674370,0.012731563421828915,0.38084507042253574
676609,0.166,0.9388888888888888
621139,0.009265091863517065,0.368390804597701
683409,0.022095890410958895,0.3938181818181823
605154,0.018135076252723314,0.39692982456140347
645261,-0.0003800070896844978,0.32052704576976443
595978,0.029321428571428575,0.425
687074,-0.005757575757575749,0.32
676070,-0.13133333333333333,0.0
596103,-0.017600000000000008,0.3
687223,0.021679432624113485,0.4294285714285719
691799,-0.006285245901639341,0.2900641025641025
678821,0.02260779816513762,0.4593137254901961
608566,0.019957314148680984,0.4081355932203392
596112,-0.005523809523809526,0.3048780487804878
642528,0.0145610278372591,0.3862595419847328
681962,0.06075000000000001,0.4566666666666668
684320,-0.007078515962036226,0.288305084745763
571466,0.06618181818181817,0.5045454545454545
670032,0.002624999999999999,0.35
641343,0.03550632911392406,0.4241379310344828
663878,0.020357142857142862,0.41081081081081067
673965,0.01632857142857143,0.428125
670955,-0.001985938792390404,0.3057993730407527
696131,0.03627027027027028,0.5026315789473684
663485,-0.003099284436493743,0.3024054982817871
694297,0.0050743150684931515,0.34764705882352953
656271,-0.0038155533399800655,0.32031872509960185
661395,-0.01789934762348556,0.2537102473498233
642397,0.0022580019398642077,0.33039568345323794
675540,0.01762500000000001,0.41250000000000003
656420,0.06135802469135803,0.6386363636363638
677651,-0.024415094339622634,0.20740740740740743
605288,-0.002243128964059182,0.3233590733590738
670059,0.02003252032520327,0.40685483870967726
596142,0.10863157894736843,0.6642857142857144
666659,0.011421621621621619,0.37346938775510197
696149,-0.011908893709327528,0.26854838709677403
608337,-0.0021355574324324242,0.31026058631921843
663765,0.005089600000000006,0.3603550295857988
608718,0.000788918205804767,0.3312714776632307
682254,0.013407100591715992,0.37330097087378666
681343,-0.0018260497000856851,0.31218487394958
686973,-0.0035046904315196694,0.3059322033898307
677020,0.017989130434782605,0.414
650671,0.012853658536585372,0.4
663372,0.0026455938697318025,0.3448148148148147
694851,0.016065306122448983,0.4155737704918031
643338,0.01864225352112676,0.38157894736842113
676755,-0.009231660231660237,0.2715384615384615
681870,-0.007475149105367797,0.2704918032786884
669020,0.025353550295858004,0.41658031088082914
669684,-0.006507908611599294,0.2897959183673469
690382,0.00691139240506329,0.3453488372093024
608334,0.0008156182212581287,0.30894308943089427
642016,0.011266666666666661,0.35677966101694897
542932,0.01386274509803922,0.37368421052631584
445926,0.03551461988304094,0.5093023255813952
596133,-0.008975214489990443,0.274712643678161
660761,-0.008938983050847457,0.27249999999999985
682120,0.006337333333333331,0.3500000000000001
688158,-0.004712793733681463,0.28906250000000006
622491,-0.0029608433734939657,0.3087131367292229
656557,0.01760881174899867,0.4054187192118229
682790,-0.007154891304347824,0.2827586206896551
686580,-0.014136272545090154,0.26037037037037025
691951,0.023343234323432348,0.45753424657534225
669276,-0.011134301270417373,0.2824528301886793
605452,0.011194607268464243,0.3613839285714289
669160,0.004510373443983409,0.3524096385542171
527048,-0.006992239467849188,0.2895196506550219
621053,-0.004589322381930194,0.2941666666666668
685005,-0.014024390243902436,0.2791666666666666
680694,-0.014131578947368419,0.25714285714285695
641745,-0.0168463611859838,0.24927536231884062
687765,0.009080502215657319,0.3606951871657759
607536,0.006392022562449601,0.3550212164073554
702056,-0.008108786610878662,0.2935483870967741
694973,-0.013412008281573538,0.26048158640226676
669422,0.015064453124999998,0.3782945736434108
623149,0.00423028391167192,0.31913580246913575
676106,0.006526352775825757,0.3436692506459954
608331,-0.006785139916371852,0.2913857677902624
681867,0.01390217391304348,0.39749999999999985
669145,0.019241758241758243,0.41785714285714287
