"bpid","mlbid","Name","Age","Season","Team","Pitches","Pitch Type Probability","Surprise Factor","Movement Spread","Velocity Spread","StuffPro","PitchPro"
153283,702674,"Caden Dana",20,2024,"LAA",206,86.6,86.8,83.3,81,0.3,1.5
141891,683409,"Angel Chivilli",21,2024,"COL",513,65.1,102.7,88.4,103.4,0,0.3
148109,691441,"Cristian Mena",21,2024,"AZ",70,65.7,94.1,108.9,96.5,-0.1,0.6
151488,700363,"AJ Smith-Shawver",21,2024,"ATL",87,67.3,95.7,140.4,142.2,-0.1,0.4
151613,695549,"Jackson Jobe",21,2024,"DET",48,68.7,101.8,102.8,105.8,-0.6,-0.4
128054,679885,"Justin Martinez",22,2024,"AZ",1176,74.2,104,84.6,90.5,-0.8,-0.6
141711,683155,"Joey Estes",22,2024,"OAK",2027,66,99.7,118.3,125.3,0.3,0.1
142066,683618,"Edgardo Henriquez",22,2024,"LAD",59,77.6,94.3,93.8,94.9,-0.5,0.2
142072,683568,"Jairo Iriarte",22,2024,"CWS",136,86.8,85.3,90.6,85.9,0.1,1.6
142085,683627,"Anthony Molina",22,2024,"COL",1048,65.8,100.5,95.1,105.2,0.2,0.4
147803,690986,"Kyle Harrison",22,2024,"SF",2078,76.9,92.5,99.6,97.1,-0.2,0.3
147812,683003,"Jared Jones",22,2024,"PIT",1912,67.5,97.3,113.8,109.2,-0.5,-0.6
148363,691951,"Sam Aldegheri",22,2024,"LAA",222,72.1,95.7,118.4,116.4,0.5,1.5
151692,692230,"Carlos Rodriguez",22,2024,"MIL",233,53.4,106.4,119.5,126.5,0.3,0.2
151715,700187,"Troy Taylor",22,2024,"SEA",323,88.9,89.4,94.3,88,-0.1,0.1
160224,694462,"Hurston Waldrep",22,2024,"ATL",133,57.8,98.5,124.9,125.8,-0.2,1.2
160581,695076,"Rhett Lowder",22,2024,"CIN",498,64.8,95.1,102.2,102.7,0.3,0.6
161332,694973,"Paul Skenes",22,2024,"PIT",2124,61.5,103.1,114.8,116.6,-0.5,-0.5
163878,806185,"Hayden Birdsong",22,2024,"SF",1388,65.8,97.6,139.8,127.3,-0.1,0.8
110387,672456,"Keider Montero",23,2024,"DET",1537,66.2,97.1,122.1,117.1,0,0.1
114206,671737,"Taj Bradley",23,2024,"TB",2294,58.9,99.4,113.6,100.6,-0.4,-0.1
125676,680572,"Adam Kloffenstein",23,2024,"STL",15,81.8,100,126.7,131.3,-0.6,
126791,681432,"Luke Little",23,2024,"CHC",433,91.5,90.6,74.3,75.8,-0.5,0.4
132337,678821,"Luis Peralta",23,2024,"COL",181,89.2,95.2,75,75.2,-0.2,0.2
133260,682990,"Quinn Priester",23,2024,,811,61.5,97.3,103.3,100.7,0.3,0.2
141257,680573,"Simeon Woods Richardson",23,2024,"MIN",2296,59.5,99.5,116.1,122.7,0.4,0.3
141319,680736,"Justin Wrobleski",23,2024,"LAD",592,77.9,95.9,92.6,93.9,0.1,0.5
143786,686563,"Jonathan Cannon",23,2024,"CWS",2025,63.2,98.1,100.3,101.1,0,0
144003,687134,"Bradley Blalock",23,2024,,552,79.6,92.9,98.5,96.7,0.2,0.7
144267,686799,"Jack Kochanowicz",23,2024,"LAA",859,79.7,92.5,99.8,105.4,0,0
144355,686790,"Trevor McDonald",23,2024,"SF",39,68.9,95.2,104.4,99.2,0,0
144662,686796,"Blake Walston",23,2024,"AZ",343,61.4,104.7,94.3,93.5,0.4,0.9
144703,687924,"Julian Aguiar",23,2024,"CIN",530,68.1,96.6,120,128.3,0.3,0.4
144755,687847,"Marc Church",23,2024,"TEX",15,88.8,76.5,84.9,87.7,-0.3,-1.4
144845,687792,"DJ Herz",23,2024,"WSH",1586,64.2,100.4,104.9,113.9,-0.2,0.4
144849,687863,"Porter Hodge",23,2024,"CHC",642,89.4,85.6,90.5,91,-1,-0.2
146336,690829,"Ben Joyce",23,2024,"LAA",541,69.6,104.9,98.1,95.4,-1.1,-0.8
146369,689147,"Orion Kerkering",23,2024,"PHI",1063,90.6,92,75.6,68.2,-1,-1.3
147491,689672,"Drew Thorpe",23,2024,"CWS",721,54.3,102.7,117.7,128.1,0.6,1
147607,689958,"Andrew Walters",23,2024,"CLE",132,81.8,92,90.3,93.1,-0.9,0
148204,682989,"Victor Mederos",23,2024,"LAA",107,74.9,91.7,100.1,97.4,-0.3,0.6
149389,692285,"Luis Guerrero",23,2024,"BOS",133,83.8,97.7,88.1,86.3,-0.6,-0.8
150972,700270,"Yilber Díaz",23,2024,"AZ",468,80.3,88.1,123.7,122.1,0.2,0.7
151438,700241,"Michael McGreevy",23,2024,"STL",311,53.2,109.3,106.9,104.8,0.4,-0.1
158580,800049,"Adam Mazur",23,2024,"SD",583,60.3,100.5,116.6,111,0.1,0.6
170125,814005,"Jake Bloss",23,2024,"HOU",235,59.2,99.4,117.1,112.2,0.2,-0.3
108552,666619,"Gregory Santos",24,2024,"SEA",112,83.3,89.2,86.8,87.6,-0.5,-0.9
109235,672552,"Jack O'Loughlin",24,2024,"OAK",176,72,92.4,119.6,118,0.3,1
109622,672710,"Roansy Contreras",24,2024,,1070,67.9,106.9,103.9,103,0.1,0.3
109907,672782,"Yoendrys Gómez",24,2024,"NYY",215,68,97.5,110.7,109.7,0.1,0.4
111079,672582,"Angel Zerpa",24,2024,"KC",951,74.1,108,82.6,83.4,-0.2,-0.2
111094,672860,"Prelander Berroa",24,2024,"CWS",347,76.8,88,102.7,106.4,-0.7,0.2
111097,676962,"Ben Brown",24,2024,"CHC",849,81.2,89.5,106.9,102.4,-0.1,0.1
111177,676282,"Joey Cantillo",24,2024,"CLE",711,67.8,97.4,125,147.6,0,0.3
111200,668881,"Hunter Greene",24,2024,"CIN",2563,67.8,97.8,113.3,119.2,-0.6,-0.2
112382,681293,"Spencer Arrighetti",24,2024,"HOU",2494,68.1,97,121.7,116.8,-0.3,-0.1
113344,678368,"Valente Bellozo",24,2024,"MIA",1094,63.5,98.2,121.2,127.9,0.7,0.9
114159,671212,"Joe Boyle",24,2024,"OAK",966,70.4,93.7,125.9,115.9,-0.2,0.6
114818,680732,"Sean Burke",24,2024,"CWS",309,82.9,88.4,107.4,103.2,-0.1,-0.1
114867,681347,"Mike Burrows",24,2024,"PIT",68,60,100.3,127.7,136.9,0,0.8
114895,681066,"Ky Bush",24,2024,"CWS",328,71.7,93.7,116.1,114,0.4,1.2
118309,672282,"Reid Detmers",24,2024,"LAA",1559,58.4,100.7,123.7,121.9,-0.2,0
119330,669438,"Mason Englert",24,2024,"DET",365,61.8,103.9,96.3,91.4,0.1,0
119979,678606,"Jose A. Ferrer",24,2024,"WSH",476,76.4,102.6,68.1,76.4,-0.5,-0.7
122650,678020,"Seth Halvorsen",24,2024,"COL",178,89.9,91.8,70.5,69.7,-0.9,-1.7
123266,678692,"Ronny Henriquez",24,2024,"MIN",302,75.4,97.5,84.5,76.8,-0.2,-0.2
123682,677955,"Jaden Hill",24,2024,"COL",151,67,106.6,95.3,113,0,0.2
123911,680880,"Grant Holman",24,2024,"OAK",292,78.2,98.5,89.6,87.2,0.1,0.6
126483,683004,"Jack Leiter",24,2024,"TEX",669,67.9,96.1,124.2,117.7,-0.4,-0.1
126657,669461,"Matthew Liberatore",24,2024,"STL",1358,54.8,119.3,106.6,100.6,0,-0.1
127375,680744,"Ty Madden",24,2024,"DET",403,73.3,95.5,94.8,92.9,0,0.2
129854,682254,"Mason Montgomery",24,2024,"TB",158,86.9,87.1,79.4,80.7,-1,-1.3
130423,682610,"Roddery Muñoz",24,2024,"MIA",1485,49.6,105.9,100.7,98.7,0.2,0.7
130620,680897,"Nick Nastrini",24,2024,"CWS",734,62.3,99.2,121.7,121.2,-0.1,1.6
130685,680891,"Jack Neely",24,2024,"CHC",98,75.8,88.3,102.7,101.5,-0.3,0.2
131358,681857,"Reese Olson",24,2024,"DET",1840,60.7,101.4,122.8,117.1,0.1,0.5
131860,680730,"Mitchell Parker",24,2024,"WSH",2404,77.4,91.5,102,97.3,0.2,0.3
134211,680689,"Lyon Richardson",24,2024,"CIN",26,65.5,91.3,107.3,122.4,-0.2,-0.3
134629,677958,"Kumar Rocker",24,2024,"TEX",218,74,94.3,112.1,114.7,-0.2,-0.5
134746,680570,"Grayson Rodriguez",24,2024,"BAL",1879,64.1,97.7,133.8,129,-0.6,-0.6
134896,678495,"Randy Rodríguez",24,2024,"SF",879,75.3,95.3,115.6,111.5,-0.5,-0.2
136375,680885,"Spencer Schwellenbach",24,2024,"ATL",1887,45.5,109.6,125.2,119.4,-0.3,-0.7
136890,681217,"Chase Silseth",24,2024,"LAA",167,80.8,90.1,105.5,102.9,0.4,0.4
139369,682842,"Abner Uribe",24,2024,"MIL",258,82.2,91,93,92.9,-0.8,-0.4
140142,680767,"Victor Vodnik",24,2024,"COL",1346,85.9,90.9,88,90,-0.5,-0.1
140479,677960,"Ryan Weathers",24,2024,"MIA",1413,66.3,99.6,109.5,103.9,0,0.1
140736,669391,"Owen White",24,2024,"TEX",60,73.6,91.7,108.4,101.5,0.2,-0.1
140930,668909,"Gavin Williams",24,2024,"CLE",1359,75.5,92.3,111,105.9,-0.3,-0.4
141131,668390,"Cole Winn",24,2024,"TEX",286,71.2,101.5,95,92.6,-0.2,-0.5
147789,690916,"Richard Fitts",24,2024,"BOS",314,69.8,93.6,110.4,103.5,-0.3,-0.4
148637,694361,"Will Klein",24,2024,,146,81.6,89.4,99.9,92.3,-0.7,-0.1
149134,694350,"Zach Brzykcy",24,2024,"WSH",104,81.2,96.9,94.1,88.7,0.1,0.4
149873,694037,"Daniel Palencia",24,2024,"CHC",263,74.4,93.8,90.4,93.7,-0.5,0.1
151228,700669,"Gordon Graceffo",24,2024,"STL",105,80.3,91,108.4,101.9,0.4,0.7
151556,700249,"Cade Povich",24,2024,"BAL",1389,65.1,100.7,118.6,113.3,0,0.2
151557,701581,"David Festa",24,2024,"MIN",1099,70.4,92.8,104.8,95.1,-0.1,-0.1
151582,696136,"Jordan Wicks",24,2024,"CHC",852,74.3,94.3,103.6,105.7,0,0
151587,696131,"Mason Black",24,2024,"SF",663,64.5,99.7,102.1,102.3,0.3,0.1
151691,693433,"Bryan Woo",24,2024,"SEA",1714,60,100.3,106.4,105.5,-0.2,-0.7
163859,805673,"Zebby Matthews",24,2024,"MIN",716,54.2,104,113.3,107.3,0,0.1
106074,660813,"Brusdar Graterol",25,2024,"LAD",97,75.4,107.6,76.4,76.4,-0.4,-1
106846,664350,"Sixto Sánchez",25,2024,"MIA",621,66.9,98.4,108.4,110.3,0.2,0.3
107561,665828,"Oswaldo Cabrera",25,2024,"NYY",12,100,78.6,194.7,193.3,3,4.8
107828,665620,"Deivi García",25,2024,"CWS",283,90.6,86.1,87.6,86.8,-0.1,0.6
108274,662253,"Andrés Muñoz",25,2024,"SEA",945,74.7,105.6,93.4,91.2,-0.7,-0.5
108618,666277,"George Soriano",25,2024,"MIA",515,73,95.5,105.5,106.5,0,0.2
108619,667755,"José Soriano",25,2024,"LAA",1737,62.4,97.6,104.5,96,-0.4,-0.2
108978,665622,"Luis Medina",25,2024,"OAK",720,66.8,95.9,118.3,116.7,0,0.6
108993,668964,"Tobias Myers",25,2024,"MIL",2152,48.3,109.5,111.4,121.8,0.2,0.3
109125,670970,"Adrian Morejon",25,2024,"SD",1064,79.2,104.2,81.2,79.2,-1,-1.4
109279,670871,"Guillo Zuñiga",25,2024,"LAA",271,71.1,110.1,86.1,87.7,-0.3,0.2
109297,672851,"Joan Adon",25,2024,"WSH",178,64.9,110.4,86.9,91.5,0.2,0.2
109417,669358,"Shane Baz",25,2024,"TB",1206,61.4,98.7,128.6,116.7,-0.2,0
109654,668968,"Hans Crouse",25,2024,"LAA",437,75.6,98.8,88.4,95.2,0.3,0.7
109661,674444,"Steven Cruz",25,2024,"KC",82,71.2,89.2,87.6,86.1,-0.8,-0.9
110348,675650,"Michael Mercado",25,2024,"PHI",248,58.7,104.4,129.9,117.5,-0.2,0.4
110594,668472,"Nick Pratto",25,2024,"KC",15,100,76.5,63.1,94.9,2.1,2.4
110990,676568,"Ricky Vanasco",25,2024,,45,82.6,105.1,75.9,73.5,-0.2,-0.1
111112,669022,"MacKenzie Gore",25,2024,"WSH",2989,68.1,97.4,111.7,108.2,-0.5,-0.2
111121,676661,"Max Lazar",25,2024,"PHI",212,75.9,102.3,102,94.6,0.3,0
111145,669422,"Matt Sauer",25,2024,"KC",327,81.3,101.2,81.6,81.4,-0.1,0.5
111203,669084,"DL Hall",25,2024,"MIL",782,70.1,95.6,111.5,106.4,0,0.2
111327,671096,"Andrew Abbott",25,2024,"CIN",2333,59.1,102.1,121.2,119.6,0.1,0.4
111773,671106,"Logan Allen",25,2024,"CLE",1662,52.4,106.9,115.8,120.8,0.4,0.8
113331,678394,"Brayan Bello",25,2024,"BOS",2706,58.3,101.7,107.1,107.3,-0.1,0
113630,676440,"Tanner Bibee",25,2024,"CLE",2851,62,100.2,117.2,126.2,-0.1,-0.1
114802,670103,"Raymond Burgos",25,2024,"SF",25,68.2,109,92.8,113.6,0.4,0.4
115693,676508,"Ben Casparius",25,2024,"LAD",156,74.2,101,115.6,115.8,0.2,0.3
115926,677944,"Slade Cecconi",25,2024,"AZ",1294,77.9,92.7,108.3,114.9,0,-0.3
117181,676105,"Jeff Criswell",25,2024,"COL",354,64,98.6,99,103,-0.3,0.3
117185,676979,"Garrett Crochet",25,2024,"CWS",2355,64.4,100.6,102,98.2,-0.6,-1
117434,675540,"Xzavion Curry",25,2024,,639,78.4,93.2,106.1,103.6,0.5,0.3
119133,671109,"Jake Eder",25,2024,"CWS",45,61.3,101.4,100.4,106,-0.1,2.3
119526,669093,"Jeremiah Estrada",25,2024,"SD",1003,83.2,96.8,80.8,85.1,-0.9,-0.9
121446,669372,"J.T. Ginn",25,2024,"OAK",515,76.7,93.2,79,85,0.2,0.1
122708,676106,"Emerson Hancock",25,2024,"SEA",1013,55.7,100.8,99.8,107,0.4,0.4
124258,676428,"Brant Hurter",25,2024,"DET",645,69.9,93.4,97.4,103.1,-0.6,-0.5
126356,673929,"Jordan Leasure",25,2024,"CWS",556,76.4,102.3,91.4,87.9,-0.2,0.1
126858,679845,"Nick Loftin",25,2024,"KC",8,100,73,206,193.3,4.4,3.6
129333,676974,"Max Meyer",25,2024,"MIA",968,52.3,104,110.6,103.9,-0.1,0.3
129445,676272,"Bobby Miller",25,2024,"LAD",1053,61.7,97.9,127.4,126.1,-0.3,0.4
129452,682243,"Bryce Miller",25,2024,"SEA",2749,64.5,98.6,113.6,104.9,-0.2,-0.3
129665,669387,"Carmen Mlodzinski",25,2024,"PIT",844,73.6,100.2,83.7,82.5,-0.5,-0.5
130608,677053,"Andrew Nardi",25,2024,"MIA",905,84.8,91.7,90.4,90.8,-0.5,-0.8
131491,682847,"Luis L. Ortiz",25,2024,"PIT",2143,50.8,104.8,103.3,106.4,-0.1,0.1
131748,669467,"Andre Pallante",25,2024,"STL",1937,72.3,94.1,113.9,108,0.1,0.4
135525,671131,"Jackson Rutledge",25,2024,"WSH",139,53.5,101,122.6,130.2,-0.1,0.4
136390,681035,"Christian Scott",25,2024,"NYM",787,65.5,98.5,109.4,109.8,-0.2,-0.2
137126,671922,"Cade Smith",25,2024,"CLE",1165,83.6,100.5,78.2,78.8,-0.6,-1.1
137960,675911,"Spencer Strider",25,2024,"ATL",178,60.6,99,144.1,141.3,-0.2,-0.4
138569,678906,"Kai-Wei Teng",25,2024,"SF",203,68.1,93,112.6,109.7,-0.1,0.4
139775,681190,"Randy Vásquez",25,2024,"SD",1686,53.9,103.1,118.7,109.6,0.1,0.2
143704,686294,"Amos Willingham",25,2024,"WSH",20,79.2,83.7,81.2,80,-0.4,-1
143774,686613,"Hunter Brown",25,2024,"HOU",2886,61.6,100.4,113.3,102.5,0.1,0.1
144225,686751,"Seth Johnson",25,2024,"PHI",58,60.7,96.4,129.2,120,-0.2,0.8
144231,687145,"Evan Justice",25,2024,"COL",8,87.5,109.5,54.2,57.2,-0.5,2.3
145031,687798,"Nick Robertson",25,2024,,217,75.5,106.8,84.9,84,-0.1,-0.1
145971,688107,"Robert Gasser",25,2024,"MIL",399,56,104.4,108.6,109.1,-0.2,-0.3
147196,689981,"River Ryan",25,2024,"LAD",291,63.5,98.7,112.6,99.1,-0.3,0.4
147755,690925,"Clayton Beeter",25,2024,"NYY",51,73.7,91.8,114.2,104.4,-0.1,-0.6
147896,808967,"Yoshinobu Yamamoto",25,2024,"LAD",1462,66,98.4,110.8,101.9,-0.3,-0.5
148627,693312,"Kyle Nicolas",25,2024,"PIT",950,72.8,100.9,111.1,98.5,-0.3,0.5
148629,693821,"Bryce Elder",25,2024,"ATL",864,58.7,101.9,97.4,103.4,0.4,0.8
148632,694297,"Brandon Pfaadt",25,2024,"AZ",2792,72.7,93.7,93.8,90.1,-0.1,-0.5
148638,694363,"Jared Shuster",25,2024,"CWS",1287,59.5,104.1,92.7,104.4,0.3,0.4
148650,694813,"Gavin Stone",25,2024,"LAD",2152,48.1,109.8,108.1,106.8,0,0.1
151232,702795,"Ryan Loutos",25,2024,"STL",35,78,104.2,102,100.8,0.5,0.1
151424,694646,"Chayce McDermott",25,2024,"BAL",82,70.3,99.9,114.5,106.3,-0.1,0.3
151570,694738,"Landen Roupp",25,2024,"SF",907,88.2,90.8,81.7,81.4,-0.4,0
151615,695243,"Mason Miller",25,2024,"OAK",1024,79.2,92.9,111,106,-1.2,-1.1
151694,701542,"Will Warren",25,2024,"NYY",458,69.7,96.8,103.9,102.4,-0.1,-0.1
105636,660644,"Vidal Bruján",26,2024,"MIA",52,90.9,90.2,148.8,188.7,3.2,3.4
105737,661403,"Emmanuel Clase",26,2024,"CLE",981,84.6,94.1,71.6,72.9,-1.1,-1.6
105894,661395,"Jhoan Duran",26,2024,"MIN",881,72.9,107.4,106.3,96.9,-0.8,-0.7
106040,661563,"Luis Gil",26,2024,"NYY",2661,74.8,91.3,97.2,99.2,-0.5,0
106668,663969,"Tyler Phillips",26,2024,"PHI",578,71.7,93.5,111.6,113,0.1,0.1
106748,660844,"Leo Rivas",26,2024,"SEA",20,95,90.5,108,173.9,2.9,3.4
106940,647336,"Michael Soroka",26,2024,"CWS",1438,70.9,94.7,114.2,112.9,0.1,0.7
106975,660761,"José Suarez",26,2024,"LAA",987,62.7,105.1,118.8,123.5,-0.1,0.5
107170,663465,"Kolby Allard",26,2024,"PHI",436,66.2,99.1,108.9,107.5,0.5,0.4
107172,663474,"Triston McKenzie",26,2024,"CLE",1299,76,90.6,113,112.7,0.5,1.5
107428,665871,"Javier Assad",26,2024,"CHC",2538,62.3,99.7,120.4,121.9,0.4,0.6
107530,666745,"Jhony Brito",26,2024,"SD",628,63.5,103.7,83.9,91.8,0.1,-0.3
107559,665795,"Edward Cabrera",26,2024,"MIA",1732,58.5,101.2,109.8,101.1,-0.3,0.1
107597,528748,"Humberto Castellanos",26,2024,"AZ",186,80.3,94.6,88,93.2,0.2,0.4
107732,666808,"Camilo Doval",26,2024,"SF",1116,72,98.8,99,102.6,-0.8,-0.4
107817,666818,"Luis Frías",26,2024,,229,72.9,106,91.1,88.7,-0.3,0.3
108272,666205,"Kyle Muller",26,2024,"OAK",690,68.6,99.4,110.5,109.6,0.1,0
108464,669308,"Sean Reynolds",26,2024,"SD",225,83.8,89.1,92.4,87.5,-0.5,-0.2
108504,666720,"Yerry Rodríguez",26,2024,,438,73.6,94.6,105.4,113.4,0,0.2
108516,666163,"Ben Rortvedt",26,2024,"TB",36,100,77.3,188,193.3,4.4,3.8
108756,666214,"Joey Wentz",26,2024,,1224,74,96.8,99.6,100.3,0.1,0.4
108918,669796,"Jose E. Hernandez",26,2024,"PIT",89,81.8,94,92.5,94.1,0,-0.2
108966,666159,"Matt Manning",26,2024,"DET",438,78.2,89.8,93.9,95.7,-0.1,0.1
109022,666207,"Riley Pint",26,2024,"COL",102,79.3,91.2,88.4,85.3,-0.6,1.1
109094,670955,"Edwin Uceta",26,2024,"TB",672,71.3,98.1,92.7,85.7,-0.3,-0.5
109107,666215,"Forrest Whitley",26,2024,"HOU",94,78.2,94.5,114.9,98.1,-0.1,0.2
109108,669060,"Bryse Wilson",26,2024,"MIL",1642,60.2,101.7,105.3,100.9,0.2,0.1
109126,666208,"Alex Speas",26,2024,"HOU",39,70.1,95.3,90,83.8,-0.5,0.2
109128,666129,"Braxton Garrett",26,2024,"MIA",587,55.4,103.7,114.4,106.5,0.2,0.3
109131,666142,"Cole Ragans",26,2024,"KC",3118,62.4,101.8,115.5,112.8,-0.4,-0.3
109135,666200,"Jesús Luzardo",26,2024,"MIA",1082,56,104,107.9,116.1,0.1,0.3
109236,671305,"Michel Otañez",26,2024,"OAK",600,76.1,100,94,98.9,-0.9,-0.2
109278,670174,"Josh Winckowski",26,2024,"BOS",1240,69.7,103.7,87.2,80.4,-0.3,-0.3
109477,675989,"Cody Bolton",26,2024,"SEA",312,70,113.7,91.7,88.7,-0.3,-0.2
109526,676130,"José Buttó",26,2024,"NYM",1222,55.7,110.9,107.2,104.7,0.3,1
109974,669724,"Brenan Hanifee",26,2024,"DET",446,69.6,109.3,82.2,86.1,0,0
110745,674285,"Eduardo Salazar",26,2024,,494,76.6,96.5,88.7,85.7,-0.3,0.1
111286,669432,"Trevor Rogers",26,2024,,2243,51.8,104.6,103,110.6,0.3,0.3
112434,676879,"Aaron Ashby",26,2024,"MIL",483,73.7,98.5,101.4,97.1,-0.4,-0.4
112439,668933,"Graham Ashcraft",26,2024,"CIN",1342,70.6,94.2,90.4,90.6,0.1,0.3
113016,669620,"Brady Basso",26,2024,"OAK",350,67.9,97,112.5,110.4,0.3,0.2
114186,674003,"Cody Bradford",26,2024,"TEX",1173,76.4,93.4,100.8,108.5,0.4,-0.1
114683,663460,"Kris Bubic",26,2024,"KC",467,77.1,99.7,101.2,88.8,-0.2,-1
115227,663462,"Isaiah Campbell",26,2024,"BOS",119,85.1,105.8,80.2,77.7,0,-0.2
117754,676969,"Brett de Geus",26,2024,,193,79.2,108.8,86.7,79.5,-0.5,-0.5
119949,681676,"Ryan Fernandez",26,2024,"STL",1190,77.8,94.2,88,88.4,-0.1,0
120133,666149,"Tyler Fitzgerald",26,2024,"SF",36,100,76.4,143.5,179.4,3.6,3.6
122051,680686,"Josiah Gray",26,2024,"WSH",176,56.1,105.9,106.2,103.4,0.3,0.9
123283,674072,"Tommy Henry",26,2024,"AZ",706,59.6,99.9,112.7,111.6,0.5,0.5
123905,668970,"Gavin Hollowell",26,2024,"CHC",29,86.9,99.5,84.3,88.2,-0.1,0.9
124245,669165,"Kyle Hurt",26,2024,"LAD",87,72.5,91.7,109.2,115,0.2,-0.1
125480,666197,"Grae Kessinger",26,2024,"HOU",11,100,74.9,65,99.6,2.4,0.8
125609,669923,"George Kirby",26,2024,"SEA",2966,56.5,102.9,120.3,106.2,-0.3,-0.6
125923,670219,"Zac Kristofak",26,2024,"LAA",39,82.2,82.9,101.6,91.7,0,0.5
126846,666157,"Nick Lodolo",26,2024,"CIN",1864,60.3,97.1,106.1,106.1,-0.5,-0.2
126961,682052,"Jacob Lopez",26,2024,"TB",178,70.2,96.3,113.1,118.7,-0.1,0.5
127605,666201,"Alek Manoah",26,2024,"TOR",393,65.4,97.7,107.4,109.5,0.4,0.7
127779,679525,"Alec Marsh",26,2024,"KC",2160,57.4,101.9,118.1,112.1,0.2,0.4
128809,669111,"John McMillon",26,2024,"MIA",179,90.4,84.7,79.9,83.7,-0.5,0.5
129286,670223,"Matt Mervis",26,2024,"CHC",37,97.3,86.5,200.1,183.2,2.9,3.6
129469,669062,"Erik Miller",26,2024,"SF",1269,92.6,91.2,72.1,72.1,-0.6,-0.5
130740,669194,"Ryne Nelson",26,2024,"AZ",2406,67.8,98.5,106.2,108.1,0,-0.1
131515,679358,"Eric Orze",26,2024,"NYM",42,71.3,87.9,118.2,112.3,-0.1,0.6
132307,679156,"Walter Pennington",26,2024,,330,66.4,101.9,88.8,97.3,0,0.4
132346,671111,"Sammy Peralta",26,2024,"CWS",282,79.4,92.7,90.5,93.5,-0.1,0.4
134502,681799,"Ethan Roberts",26,2024,"CHC",473,80.5,91.2,95,96.3,-0.1,-0.2
135582,681870,"Erik Sabrowski",26,2024,"CLE",198,84.9,87.5,89,85.2,-0.3,-0.4
135874,663485,"Cole Sands",26,2024,"MIN",1153,64.8,115.2,95.3,87.9,0,-0.3
136488,681882,"Colin Selby",26,2024,,112,73.5,100.7,109.7,96.9,-0.2,0.6
138737,668868,"Zack Thompson",26,2024,"STL",317,55.6,103.9,122.4,123,0.4,0.5
140094,670241,"Darius Vines",26,2024,"ATL",257,54.4,104.1,98.2,119.2,0.3,0.2
140293,670242,"Matt Wallner",26,2024,"MIN",21,100,76.5,194,184.7,2.5,4.1
140615,669713,"Hayden Wesneski",26,2024,"CHC",1074,70.2,98.4,124.2,120.5,0.2,-0.1
141005,682227,"Brandon Williamson",26,2024,"CIN",252,69.3,96,104.6,105.7,0.4,0.9
141132,676775,"Keaton Winn",26,2024,"SF",845,53.5,102.3,101.4,98.8,-0.2,0
141595,666171,"Ryan Zeferjahn",26,2024,"LAA",212,76.2,106.1,90.3,92.2,-0.7,-0.6
142386,683769,"Hunter Gaddis",26,2024,"CLE",1075,74,106.7,88.8,90.3,-0.2,-0.6
143104,685126,"Brandon Eisert",26,2024,"TOR",110,72.7,92.9,90.3,85,-0.1,0.2
143142,685299,"Tanner Gordon",26,2024,"COL",606,61.5,101.5,99,109,0.5,0.2
143336,685314,"Andrew Saalfrank",26,2024,"AZ",26,85.5,80.2,95.5,89.6,0.4,4.1
143399,685107,"Anthony Veneziano",26,2024,,242,65.1,107.3,109.9,107.9,-0.4,-0.2
143823,686539,"Declan Cronin",26,2024,"MIA",1098,69.1,99.3,95.4,97.2,0,0.2
143858,686642,"Fraser Ellard",26,2024,"CWS",424,70.5,109.6,94.3,90.8,-0.2,0.7
143908,686580,"Justin Slaten",26,2024,"BOS",811,71.3,108.9,96.5,89.1,-0.4,-0.5
143952,687014,"Nick Avila",26,2024,"SF",225,72.8,98.8,106.5,103.8,0.2,0.1
144122,687362,"Connor Gillispie",26,2024,"CLE",138,64.5,97.6,93.4,87.5,0.4,1.1
144167,687396,"Brent Headrick",26,2024,"MIN",60,67,94.8,111,118.9,0.2,0
144214,686826,"Bryce Jarvis",26,2024,"AZ",1006,76.5,99.4,82.7,81.4,0,0.5
144245,687330,"Kevin Kelly",26,2024,"TB",1033,82.6,97.1,88.5,95.4,-0.7,-0.8
144284,686747,"Joe La Sorsa",26,2024,"WSH",271,86.5,96.1,72,81.7,0.4,-0.2
144318,687424,"Anthony Maldonado",26,2024,"MIA",297,72,98.3,91.9,93.3,0.4,0.5
144465,686752,"Ryan Pepiot",26,2024,"TB",2147,73.7,92.8,105,98.2,-0.4,-0.2
144511,687377,"Orlando Ribalta",26,2024,"WSH",97,69.2,100.4,93.1,112.6,-0.2,-0.4
144606,686730,"Carson Spiers",26,2024,"CIN",1554,64,98.7,102.7,99.6,0.4,0.2
144657,686973,"Louis Varland",26,2024,"MIN",901,60.5,100.2,106.6,99,-0.1,-0.2
144730,685801,"Hunter Bigge",26,2024,,300,75.4,105.2,97.4,90.9,-0.9,-0.8
145080,687765,"Mitch Spence",26,2024,"OAK",2481,75.9,92.5,97.8,99.2,0,0
145443,689225,"Beau Brieske",26,2024,"DET",1152,73.8,96.5,90.5,92.3,-0.2,0.1
145773,689266,"Dylan Dodd",26,2024,"ATL",34,77.8,102.7,81,78.6,0.3,0.6
146226,690544,"Bailey Horn",26,2024,"BOS",303,81.5,108.8,90.1,84.7,-0.6,-0.4
146279,689690,"Alek Jacob",26,2024,"SD",232,66,99.2,111.4,132.9,-0.2,0
146392,689017,"Landon Knack",26,2024,"LAD",1149,66.8,97.7,120.5,115.1,0.1,0.2
147927,691172,"Yosver Zulueta",26,2024,"CIN",286,81.2,94.8,90.1,91.2,-0.3,0.2
151481,701643,"Grant Hartwig",26,2024,"NYM",118,75.6,96.3,87.8,79.3,-0.1,0.9
103055,642546,"Jonathan Hernández",27,2024,,760,74.9,96,96,95.8,-0.4,0.1
104044,646242,"Jhonathan Díaz",27,2024,"SEA",166,71.8,93.9,104.7,116.9,0.3,0.3
104205,650489,"Willi Castro",27,2024,"MIN",15,86.7,86.8,206,192.2,3.6,3.8
104258,650556,"Bryan Abreu",27,2024,"HOU",1300,90.3,86.7,90.4,85.7,-0.6,-0.4
104481,650893,"Génesis Cabrera",27,2024,"TOR",1030,74.5,117.2,77.8,77.5,-0.3,0
104499,650911,"Cristopher Sánchez",27,2024,"PHI",2796,62.1,101,105.8,110.9,-0.6,-0.5
104739,656271,"Brock Burke",27,2024,,575,69,104.8,88.5,92,-0.4,-0.5
104799,656529,"Sam Hentges",27,2024,"CLE",351,76.9,111.7,94.3,89.2,-0.1,-0.9
104934,657061,"Cole Tucker",27,2024,"LAA",10,100,74.1,131.8,187.7,2.9,5.6
105007,657277,"Logan Webb",27,2024,"SF",3200,74.9,92.7,90.2,83.3,-0.2,-0.4
105477,663531,"Logan Allen",27,2024,"AZ",470,70.3,101.6,95,100.7,0.2,0.2
105525,658648,"Pedro Avila",27,2024,,1418,62.5,109.7,116.6,120.2,0.2,0.3
105859,664747,"Alexis Díaz",27,2024,"CIN",976,75.4,91.7,85,86.1,-0.2,-0.2
105889,650960,"Daniel Duarte",27,2024,"MIN",56,72.2,105.3,105,101.8,-0.2,-1
105936,663559,"Bailey Falter",27,2024,"PIT",2136,59.4,100.8,104.8,109.1,0.4,0.3
105950,657571,"Caleb Ferguson",27,2024,,939,72.7,110.2,87,81.4,-0.2,-0.4
106195,664299,"Cristian Javier",27,2024,"HOU",570,68.8,94.3,142.8,137.2,0,0.7
106280,663567,"Peter Lambert",27,2024,"COL",1038,66.1,102.6,111.1,108.5,0.1,0.8
106864,663574,"Tony Santillan",27,2024,"CIN",504,84.2,90.7,94.8,90.5,-0.5,-0.9
107130,663897,"Luke Williams",27,2024,"ATL",59,100,78,127.3,186.7,3.6,3.5
107143,663765,"Jake Woodford",27,2024,,618,66.5,98.3,103,103.2,0.4,0.5
107190,663542,"Bryan Hudson",27,2024,"MIL",926,79.7,96.4,83.1,85.2,-0.3,-0.6
107254,663776,"Patrick Sandoval",27,2024,"LAA",1444,53.2,106.9,127,125.5,-0.1,0
107962,663855,"Jordan Hicks",27,2024,"SF",1958,73,95.1,101.8,112.2,0,0.4
108361,665625,"Elvis Peguero",27,2024,"MIL",828,83.1,91,82.6,78.2,-0.6,-0.4
109051,668941,"JoJo Romero",27,2024,"STL",918,71.6,110.1,95.4,93.2,-0.2,0.1
109166,656266,"J.B. Bukauskas",27,2024,"MIL",88,86,85,79.7,82.9,0,0
110000,672578,"Carlos Hernández",27,2024,"KC",561,67.7,107.2,111.9,113.5,-0.5,-0.3
110045,675921,"Spencer Howard",27,2024,,537,69.7,96.8,114.5,129,0.2,0.1
110436,669459,"Kyle Nelson",27,2024,"AZ",145,72.7,106.7,84.9,84.8,0.4,0.1
110688,655889,"Manuel Rodríguez",27,2024,"TB",605,73.8,101.1,95.3,88.8,-0.6,-0.4
110903,676702,"Hunter Stratton",27,2024,"PIT",581,58.7,111.4,91.2,99.5,-0.2,-0.2
111134,663878,"Nate Pearson",27,2024,,1060,75.9,97.5,102.9,100.1,-0.6,-0.6
111222,663893,"Brendon Little",27,2024,"TOR",696,86,98.1,72.7,69.5,-0.7,-0.1
111247,647315,"Zach Pop",27,2024,"TOR",740,82.8,102.8,73.5,71.4,-0.4,-0.2
112001,681982,"Grant Anderson",27,2024,"TEX",483,87.6,88.6,74.9,82.3,-0.3,-0.2
112047,677076,"Clayton Andrews",27,2024,"NYY",15,66.6,142.1,94.6,66.4,0.6,4.2
114108,680742,"Jonathan Bowlan",27,2024,"KC",68,49.7,103.9,141.4,127.5,-0.3,0.2
114191,680694,"Kyle Bradish",27,2024,"BAL",674,66.6,96.8,125.6,109.8,-0.3,-0.2
114635,677865,"Justin Bruihl",27,2024,"PIT",99,83.1,100.6,87,91.3,0,-0.9
116555,669395,"Dylan Coleman",27,2024,"HOU",16,65,120.2,92.3,90.3,0.1,2.9
117180,681867,"Cooper Criswell",27,2024,"BOS",1756,64.2,98.3,106.6,112,0.3,0.2
117546,669721,"Davis Daniel",27,2024,"LAA",508,72,95.7,113.6,114,0.4,0
117703,663562,"Noah Davis",27,2024,"COL",362,57.9,109.1,119.1,122.7,0.4,0.6
119844,663372,"Ryan Feltner",27,2024,"COL",2571,47.5,109.3,119.9,124.5,0.2,0.2
120724,681892,"Kody Funderburk",27,2024,"MIN",652,84.9,93.7,83.4,82.8,-0.4,0
121380,669302,"Logan Gilbert",27,2024,"SEA",3039,47.6,108.6,128.7,122.5,-0.5,-0.6
121406,670810,"Logan Gillaspie",27,2024,"SD",151,72.3,117.2,97.2,89.7,0.2,-0.7
122242,675627,"Michael Grove",27,2024,"LAD",827,71.1,106.2,98.8,94.2,-0.1,-0.7
122776,663554,"Casey Mize",27,2024,"DET",1789,69,95.3,110.4,105,-0.2,-0.2
122878,663687,"Hogan Harris",27,2024,"OAK",1213,82.7,89.3,105.5,104.9,0,0.3
123117,669169,"Jonathan Heasley",27,2024,"BAL",108,82.2,95.2,100.2,89.3,0.2,0.8
123244,668874,"Blair Henley",27,2024,"HOU",39,73.9,92.3,99.5,84.3,0.3,1.5
123381,678226,"Daysbel Hernández",27,2024,"ATL",330,81.1,84.5,98.5,92.6,-0.5,-0.5
123585,682120,"Tim Herrin",27,2024,"CLE",1010,80.2,106.7,80.1,79.4,-0.5,-0.4
123765,663546,"Sean Hjelle",27,2024,"SF",1207,79.9,89.9,87.2,89.7,-0.1,-0.7
123804,663773,"Bryan Hoeing",27,2024,,782,75.9,100.1,86.9,90.8,-0.1,0
124381,663623,"Jake Irvin",27,2024,"WSH",3046,65.6,98.9,113.7,112.8,0.1,0.1
125515,668873,"Caleb Kilian",27,2024,"CHC",167,63.2,97,123.1,124.9,0.5,0.8
125796,663568,"Stephen Kolek",27,2024,"SD",797,73.2,108,81.9,76.2,-0.2,-0.9
125903,667478,"Evan Kravetz",27,2024,"CIN",4,0,374.4,50,50,0.4,3.6
126346,681517,"Kyle Leahy",27,2024,"STL",695,69.1,103.5,96.9,92,-0.2,-0.5
126464,668984,"Casey Legumina",27,2024,"CIN",166,75.8,91,87.8,90.6,-0.1,-0.2
127265,663738,"Daniel Lynch IV",27,2024,"KC",631,62.8,103.5,100,104.5,0.2,0.2
127864,663436,"Davis Martin",27,2024,"CWS",892,56.6,101.2,116,114.1,0,0.3
128445,663704,"James McArthur",27,2024,"KC",897,78.3,102.6,94.9,84.6,-0.3,-0.3
129503,680911,"Owen Miller",27,2024,"MIL",37,100,79.4,139.5,193.3,4.4,5.5
132310,683068,"Zach Penrod",27,2024,"BOS",86,73.2,116.8,78.5,82.6,-0.4,0.9
135865,680704,"Nick Sandlin",27,2024,"CLE",1003,78.7,104.5,89.6,92.2,-0.3,0.1
136826,663767,"Chase Shugart",27,2024,"BOS",142,80.7,96,97.6,92.6,-0.3,-0.8
137001,663903,"Brady Singer",27,2024,"KC",2966,64.4,98.4,105.7,109.1,0.3,0.4
137044,669373,"Tarik Skubal",27,2024,"DET",2814,62.8,99.5,108.9,116.4,-0.7,-0.7
139251,667725,"Kyle Tyler",27,2024,"MIA",579,73,93,127.8,123.7,0.3,0.6
139720,681402,"Gus Varland",27,2024,,455,79.9,96.9,86.9,81.5,-0.5,-0.7
140026,681871,"Eli Villalobos",27,2024,"MIA",71,77.8,102.8,89,86.3,0.2,1.4
140232,663362,"Matt Waldron",27,2024,"SD",2448,62.8,100.8,145.2,147.2,0.4,0.1
141113,680739,"Josh Winder",27,2024,"MIN",141,60.1,110.9,121.7,111.9,0,0.3
141739,683232,"Nick Mears",27,2024,,1028,78.6,96.4,107.2,100.1,-0.6,-0.4
142702,684320,"Yariel Rodríguez",27,2024,"TOR",1502,61.6,99.5,120.3,122.9,0.1,0.4
143199,685116,"Austin Kitchen",27,2024,"MIA",156,76.1,95.4,93,105.7,0,0
143767,686654,"Ty Adcock",27,2024,"NYM",86,64.9,95,95.4,96.4,-0.3,0.6
144613,686993,"Justin Sterner",27,2024,"TB",64,75.9,92,97.8,97.3,0,-0.9
144894,687911,"Bryan King",27,2024,"HOU",399,75,103,97.7,104.4,-0.3,-0.4
144917,687922,"Easton Lucas",27,2024,,217,69,95.4,98.8,101.7,-0.3,0.3
147180,688297,"Chris Roycroft",27,2024,"STL",594,84.6,92.7,78.2,75.9,-0.3,-0.7
101582,624133,"Ranger Suárez",28,2024,"PHI",2265,56.6,104.3,129.6,134.2,0.2,0
102110,620443,"Luis Torrens",28,2024,"NYM",3,100,70.2,144.6,193.3,4.4,8.9
102207,624647,"Victor González",28,2024,"NYY",386,70.4,99.5,87.2,92.7,-0.1,0.8
102482,640902,"Jhonny Pereda",28,2024,"MIA",5,100,74.2,206,193.3,3.7,3.8
102491,641154,"Pablo López",28,2024,"MIN",2980,59,100.3,130.3,120.1,-0.1,-0.5
102514,641343,"Jake Bauers",28,2024,"MIL",75,92.4,96.9,143.8,136.5,2.9,3.5
102632,641745,"Brad Keller",28,2024,,741,63.2,99.3,111.6,106.5,-0.1,0.1
102644,641793,"Zack Littell",28,2024,"TB",2483,52.6,105.2,113.9,114.9,0.4,0
103030,642520,"Gerson Garabito",28,2024,"TEX",492,69.6,101.3,110.3,105.4,0.1,0.1
103056,642547,"Freddy Peralta",28,2024,"MIL",3066,72.9,94.2,114.5,119.3,0,0.2
103196,642701,"Dennis Santana",28,2024,,1107,59.3,118.8,92.7,91,-0.1,0
103743,656887,"Sean Reid-Foley",28,2024,"NYM",379,81.1,106,73.1,72.3,-0.2,0.3
104324,650671,"José Quijada",28,2024,"LAA",379,95.9,83.8,59.3,71,-0.3,0.3
104730,656240,"Scott Blewett",28,2024,"MIN",319,60.9,102.1,104.7,108.3,0.4,0.1
104779,656427,"Jack Flaherty",28,2024,,2563,67.7,97.8,121.8,120,0,0
104805,656550,"Grant Holmes",28,2024,"ATL",1009,63.7,100.4,112.3,106.8,0,0.2
104816,656605,"Mitch Keller",28,2024,"PIT",2850,56.3,103,115.8,108.6,0.2,0.2
104824,656629,"Michael Kopech",28,2024,,1140,85.8,96.6,75,74.7,-1.2,-1.1
104914,657006,"Justin Steele",28,2024,"CHC",2046,69.3,98.3,105.3,108.1,-0.2,-0.2
104930,657053,"Touki Toussaint",28,2024,"CWS",491,74.2,93.7,89.3,96.3,0.4,1.1
105424,656814,"Luis F. Ortiz",28,2024,"PHI",10,69.3,162.8,69.4,74,-0.4,0.2
105466,660896,"Jorge Alcala",28,2024,"MIN",929,74.6,101.3,85.6,83.1,-0.6,-0.5
105559,660825,"Eduard Bazardo",28,2024,"SEA",440,79.6,100.8,94.9,89.9,-0.3,-0.6
105588,641360,"Phil Bickford",28,2024,"NYY",154,81.3,87.8,85,91.3,-0.4,0.4
105703,656302,"Dylan Cease",28,2024,"SD",3188,65.9,98.8,128.1,118.9,-0.4,-0.5
105831,660853,"Enyel De Los Santos",28,2024,,1127,75,94.2,88.2,98.2,0.1,0
106610,663978,"Chris Paddack",28,2024,"MIN",1459,77,90.6,110.3,101.2,0.2,-0.2
106750,656896,"Emmanuel Rivera",28,2024,"MIA",55,98.2,82.4,173.8,190.7,3.5,3.3
107084,663989,"Nick Vespi",28,2024,"BAL",169,78,94.1,82.8,89.4,-0.2,-0.1
107689,656353,"Tucker Davidson",28,2024,"BAL",67,54,105.2,107.9,119.9,0.2,0.2
107971,670059,"Colin Holderman",28,2024,"PIT",869,75.9,104.9,88.3,93,-0.7,-0.2
108116,663992,"Richard Lovelady",28,2024,,528,72.4,105.3,83.7,84.6,-0.2,-0.3
108152,665896,"José Marte",28,2024,"LAA",311,70.4,97.2,102.6,101.8,-0.2,0.3
108290,656793,"Nick Nelson",28,2024,"PHI",96,64.1,101,95.3,92.7,-0.1,-0.1
108349,660600,"Enoli Paredes",28,2024,,318,70.1,104,89.8,92.6,-0.2,0.5
108886,668678,"Zac Gallen",28,2024,"AZ",2502,71.9,94.8,117.8,110.1,-0.1,0
108953,665152,"Dean Kremer",28,2024,"BAL",2171,63.5,97.5,111.9,112,0.2,0.3
108959,669674,"Sam Long",28,2024,"KC",701,74,111.5,98.9,96.7,-0.3,0.1
108984,668338,"Tyson Miller",28,2024,,934,81.5,97.4,80.2,93.7,-0.6,-0.9
109052,670046,"Kenny Rosenberg",28,2024,"LAA",403,68,98.3,101.1,110.7,0.3,0.7
109130,672335,"Cionel Pérez",28,2024,"BAL",863,79.4,98.7,104.6,96.8,-0.3,-0.3
109144,661269,"Vladimir Gutierrez",28,2024,"MIA",80,72.4,91.2,113.3,113.6,0.2,0.7
109149,641726,"Daulton Jefferies",28,2024,,281,61.5,102.3,96.3,106.9,0.1,-0.2
109174,671345,"Jason Foley",28,2024,"DET",890,80,106.7,74.4,77.5,-0.3,-0.3
109416,657508,"Mike Baumann",28,2024,,1067,75.9,100.8,95.3,81.9,-0.5,-0.1
109456,674370,"Osvaldo Bido",28,2024,"OAK",1056,59.1,101.1,104.6,107.2,-0.1,0.3
109459,656232,"Brandon Bielak",28,2024,,510,69.8,99.9,98.3,93.8,0.6,0.8
109602,676391,"Ernie Clement",28,2024,"TOR",16,93.3,80,128.1,157.6,3.8,5.2
109642,676680,"Tom Cosgrove",28,2024,"SD",322,83.5,96.1,79.2,81,-0.4,-0.1
109650,676710,"Kutter Crawford",28,2024,"BOS",2821,52.5,104.5,125.8,124.1,0.1,-0.1
109808,676534,"Calvin Faucher",28,2024,"MIA",976,65.2,107.2,106.6,89.4,-0.1,0
109826,676596,"Josh Fleming",28,2024,"PIT",530,67.9,107.3,78.3,87.8,0.1,0.6
109835,670102,"Bowden Francis",28,2024,"TOR",1558,70,97.1,129.5,130,0.1,-0.2
109868,676395,"Robert Garcia",28,2024,"WSH",946,77.1,98.6,84.9,89.2,-0.5,-0.7
109892,656458,"Lucas Gilbreath",28,2024,"COL",47,71.4,109.9,108.4,110.5,0.1,0.8
109945,674944,"Sean Guenther",28,2024,"DET",243,82.9,104.4,74.8,71.9,0,-0.9
110051,676714,"Brandon Hughes",28,2024,"AZ",350,78,90.4,81.3,84,0,0.3
110107,676083,"Janson Junk",28,2024,,175,69.6,96.8,104,95.9,0.2,-0.3
110167,656641,"Jacob Latz",28,2024,"TEX",813,81.5,99.5,92,92.7,-0.4,0.1
110193,656657,"Zach Logue",28,2024,"LAD",42,86.1,106.8,59.2,63,1,-0.7
110284,676755,"Isaac Mattson",28,2024,"PIT",100,74.5,97.9,88.8,102.9,-0.2,0.6
110297,670766,"Darren McCaughan",28,2024,,704,68.7,95.3,95.1,96.9,0.4,0.5
110406,669212,"Eli Morgan",28,2024,"CLE",646,66.8,100.5,109.9,114,0,-0.2
110423,656786,"Parker Mushinski",28,2024,"HOU",194,66.6,108.6,108.6,99.1,0,0
110454,673380,"Dedniel Núñez",28,2024,"NYM",494,76.9,94,110.1,101.3,-0.9,-1.1
110810,676664,"JP Sears",28,2024,"OAK",2857,75.9,91.9,98.7,96.6,0,0
110857,656976,"Pavin Smith",28,2024,"AZ",17,100,77,153.9,154.7,2.2,3.1
110859,676092,"Collin Snider",28,2024,"SEA",676,66.5,113.3,105.3,111.5,-0.5,-0.8
111116,656557,"Tanner Houck",28,2024,"BOS",2735,71.8,94.3,99.7,98.1,-0.2,-0.3
111133,641927,"Bailey Ober",28,2024,"MIN",2692,52,105.3,128.9,123.2,-0.3,-0.2
111164,656638,"Alex Lange",28,2024,"DET",377,71.3,107.2,94.1,93.7,-0.4,0.2
111244,656849,"David Peterson",28,2024,"NYM",1871,55.3,103.5,109.1,113.4,0.2,0.4
111276,676477,"Garrett Whitlock",28,2024,"BOS",320,56.6,101.6,109.4,102,0.2,0
111290,657376,"Clarke Schmidt",28,2024,"NYY",1454,73.6,91.9,108.6,103.7,0,0
111294,656288,"Griffin Canning",28,2024,"LAA",2869,61.1,99.5,110.6,98.7,0.2,0.5
111310,656412,"Alex Faedo",28,2024,"DET",1007,71.8,95.3,110.3,108.2,0.1,0.3
113203,663941,"Tristan Beck",28,2024,"SF",242,74.3,101.7,119.5,112.7,0.2,0.3
113509,642834,"Jonathan Bermúdez",28,2024,"MIA",121,70.9,99.4,110.3,117.6,0.6,1.8
113690,656234,"Jake Bird",28,2024,"COL",683,80.4,99,87.3,92.1,-0.1,0.3
116408,665019,"Kody Clemens",28,2024,"PHI",16,100,77,105.8,185.3,4.7,4.9
116775,664351,"Luis Contreras",28,2024,"HOU",105,64.6,99.8,114.4,117.2,-0.1,0.9
118876,681869,"Shawn Dubin",28,2024,"HOU",842,78.1,95.7,96,86.6,-0.1,0.6
123289,682073,"David Hensley",28,2024,"MIA",26,96.2,89.9,91.1,161.7,2.9,4.2
123933,663947,"Tyler Holton",28,2024,"DET",1334,73.7,100.3,97.4,94.4,-0.1,-0.3
127334,656671,"Josh Maciejewski",28,2024,"NYY",96,63.5,96.5,98.2,116.9,0.5,1
128329,673513,"Yuki Matsui",28,2024,"SD",1049,68.5,112.1,87,83.5,-0.4,0
128959,656731,"Tylor Megill",28,2024,"NYM",1364,55.5,104.8,127.3,121.4,-0.2,0
129510,668943,"Ryan Miller",28,2024,"LAA",219,71,104.8,97,98.1,-0.1,-0.2
133756,656876,"Drew Rasmussen",28,2024,"TB",459,80.7,93,89.3,80.6,-0.6,-1
135535,657746,"Joe Ryan",28,2024,"MIN",2102,63.2,99.8,113.2,111.2,-0.4,-0.6
137713,683021,"Michael Stefanic",28,2024,"LAA",15,93.3,96.5,69.1,108.5,3.9,2.9
139955,681911,"Alex Vesia",28,2024,"LAD",1094,78.9,95.1,86.9,88.3,-0.6,-0.5
140256,676254,"Ryan Walker",28,2024,"SF",1221,87.6,88.6,89,88.6,-0.3,-0.5
140335,681806,"Andrew Wantz",28,2024,"LAA",35,74.2,92.7,97.6,94.1,-0.5,-0.1
140382,681810,"Austin Warren",28,2024,"SF",173,71.8,95.4,108.2,100.5,0,-0.2
141107,642216,"Allan Winans",28,2024,"ATL",138,54.9,102.6,110.7,119.1,0.7,1
70342,547001,"Cody Poteet",29,2024,"NYY",384,70.9,94,112.6,109.9,0.5,0.6
100273,608566,"Germán Márquez",29,2024,"COL",70,59.1,99.9,103.1,101.5,0.4,0.6
100368,612434,"Miguel Castro",29,2024,"AZ",232,70.5,105.9,93.9,95.2,0.1,-0.1
100408,614179,"José Ruiz",29,2024,"PHI",811,74.2,103.7,98.3,92.3,-0.2,-0.3
100568,621237,"José Alvarado",29,2024,"PHI",1017,71.9,99,80.7,77.4,-0.4,-0.2
100957,622503,"Nabil Crismatt",29,2024,"LAD",92,84,114.9,74.4,71.3,0.2,-0.5
101008,622554,"Seranthony Domínguez",29,2024,,1050,67,110.8,89.2,90.2,-0.7,-0.2
101060,622608,"Antonio Senzatela",29,2024,"COL",218,75.7,91.9,89,98.8,0.4,0.6
101105,622694,"Elieser Hernández",29,2024,,251,64.8,100,99.4,106.8,0.2,0.2
101170,622766,"Miguel Díaz",29,2024,"HOU",10,81.8,103.7,80.2,86,-0.1,-0.3
101190,622786,"Jesus Tinoco",29,2024,,642,83,97.5,80.6,78.7,-0.5,-0.4
101639,624522,"Keegan Thompson",29,2024,"CHC",531,63.3,108.3,100,95.9,-0.1,0.2
101993,640451,"Hunter Harvey",29,2024,,901,82.5,96.2,89.2,87.5,-0.6,-0.7
102308,628708,"Yunior Marte",29,2024,"PHI",482,77.8,103.8,87.7,87.6,-0.3,0.1
102443,640470,"Adbert Alzolay",29,2024,"CHC",329,72.6,107.6,89.2,85.1,0.1,0.1
102555,641482,"Nestor Cortes",29,2024,"NYY",2844,76.7,91.8,96.6,99.9,-0.1,-0.1
102606,641645,"Luis Guillorme",29,2024,,43,100,76.3,122.7,189.2,3.7,5.6
102625,641729,"Joe Jiménez",29,2024,"ATL",1089,84.8,92.8,86.5,87.6,-0.3,-0.6
102652,641816,"Tyler Mahle",29,2024,"TEX",229,65.2,100.2,96.2,101.2,0.7,0.3
102745,642086,"Dominic Smith",29,2024,"BOS",31,87.1,79.1,200.9,188.7,1.9,2.2
102751,642100,"Gabe Speier",29,2024,"SEA",422,72.2,115.3,86.1,89.9,0,0.1
102764,642133,"Rowdy Tellez",29,2024,"PIT",44,100,76.3,156.5,193.3,2.8,3.2
102785,642207,"Devin Williams",29,2024,"MIL",390,90.1,83,94.4,92.2,-1,-0.4
102921,642397,"Gregory Soto",29,2024,,948,70.6,112.7,92.5,97.6,-0.7,-0.3
103038,642528,"Jonathan Loáisiga",29,2024,"NYY",61,82.1,105,70.7,75.8,-1.3,-1.3
103127,642629,"Emmanuel Ramirez",29,2024,"MIA",371,73.9,94.8,113.1,112.2,-0.2,0.1
103420,643396,"Isiah Kiner-Falefa",29,2024,"TOR",18,100,75.4,78.9,139,3.7,4.5
103893,641703,"Brent Honeywell",29,2024,,599,72.1,98.1,119.6,121.7,0.3,0.4
104899,656945,"Tanner Scott",29,2024,,1161,86.6,87.9,84.5,79.3,-1.1,-1.1
105472,641302,"Tyler Alexander",29,2024,"TB",1668,59.3,101,104.3,99.4,0.3,-0.2
106129,664854,"Ryan Helsley",29,2024,"STL",930,74.8,104.2,101.4,101.7,-1.3,-1.2
106294,664875,"Justin Lawrence",29,2024,"COL",1082,86.7,86.3,89.7,94.9,0,0.3
106490,664948,"Anthony Misiewicz",29,2024,"NYY",30,67.4,94.2,161.3,144.2,-0.2,1
106667,623465,"Evan Phillips",29,2024,"LAD",897,79.6,101.6,82.3,78.2,-0.7,-0.8
106791,642028,"Josh Rogers",29,2024,"COL",170,78.5,90.5,92.9,101.6,0.3,0.3
107174,621111,"Walker Buehler",29,2024,"LAD",1336,62.4,99.3,121.6,114.2,0.1,-0.1
107194,640454,"Matt Krook",29,2024,"BAL",27,78.4,88.5,83.8,85,0.4,0.9
107438,669199,"Lake Bachar",29,2024,"MIA",161,75.6,101.4,104.5,90.2,0.1,0.3
107441,641329,"Bryan Baker",29,2024,"BAL",370,72.7,108.1,96.8,105.8,-0.2,-0.4
107467,670280,"David Bednar",29,2024,"PIT",1023,81.9,101.1,89.5,86.7,-0.7,-0.4
107554,669203,"Corbin Burnes",29,2024,"BAL",2995,73,92.7,116.6,110,-0.3,-0.4
107636,650644,"Aaron Civale",29,2024,,2692,68.9,96.9,124.8,114,0.2,0.2
107762,668674,"Lucas Erceg",29,2024,,947,68.4,112.6,101.2,99.4,-0.6,-0.7
107809,641582,"Matt Foster",29,2024,"CWS",107,79.2,96.5,95.6,93.8,0.3,0.7
107918,641656,"Ian Hamilton",29,2024,"NYY",618,72.3,99.8,88.6,93.4,-0.5,-0.3
107920,641658,"Garrett Hampson",29,2024,"KC",13,100,75.8,77.1,118.3,3.2,1.9
107951,663321,"Nick Hernandez",29,2024,"HOU",139,89.1,89.5,73.8,76.8,0.5,0.2
108053,650633,"Michael King",29,2024,"SD",2894,69.7,94.4,98.2,97.3,0.1,0
108059,668800,"Andrew Knizner",29,2024,"TEX",36,100,77.8,112,175.3,4,4.7
108089,669276,"Dylan Lee",29,2024,"ATL",858,71.3,98.4,92.1,95,-0.2,-0.5
108169,661527,"Seth Martinez",29,2024,"HOU",837,71.4,105.8,94.6,104,-0.2,0
108325,670124,"Adam Oller",29,2024,"MIA",710,72.7,91.2,114.4,97.7,0,0.3
108430,615698,"Cal Quantrill",29,2024,"COL",2643,50.2,103.7,112.9,119.3,0.3,0.7
108753,669711,"Greg Weissert",29,2024,"BOS",1028,82.9,105.9,72.4,71,-0.4,-0.5
108774,642215,"Weston Wilson",29,2024,"PHI",1,0,374.4,50,50,2.1,3.4
108818,669211,"Keegan Akin",29,2024,"BAL",1239,81.2,93,85.8,86.1,-0.5,-0.6
108828,669622,"Anthony Bender",29,2024,"MIA",954,89.3,92.7,73.6,70.8,-0.7,-0.7
108830,669456,"Shane Bieber",29,2024,"CLE",166,51.4,103.3,117,102.7,0.6,0.3
108873,641540,"Dane Dunning",29,2024,"TEX",1688,51.7,108,112.3,118.7,0.4,0.7
108931,641712,"Dakota Hudson",29,2024,"COL",1489,54.4,104.1,101.2,108,0.4,1.1
108937,643377,"Griffin Jax",29,2024,"MIN",1066,72.3,114.8,97.4,81.1,-0.9,-1.6
108954,669270,"Joel Kuhnel",29,2024,,158,77.8,97.7,77.1,75.9,0.4,-0.5
108977,656716,"Zach McKinstry",29,2024,"DET",24,95.8,86.4,180.5,187.4,3.4,3.9
109027,640462,"A.J. Puk",29,2024,,1173,69.8,104.6,98.4,98.7,-0.6,-0.9
109030,670990,"Yohan Ramírez",29,2024,,760,88.1,88.3,88.3,87.1,-0.5,-0.2
109055,656924,"Ryder Ryan",29,2024,"PIT",340,73.1,99.1,97.2,107.1,0.2,0.4
109078,669912,"Kirby Snead",29,2024,"SEA",196,70.5,108.6,86.5,87.6,0,0.4
109104,669330,"Tyler Wells",29,2024,"BAL",259,55.4,101.9,134.9,128.1,0,0.1
109106,669952,"Mitch White",29,2024,,413,70.8,104.9,113.3,101.7,0.2,-0.1
109159,641312,"Shaun Anderson",29,2024,,244,59.1,102.1,95,94,0.4,0
109502,641401,"Connor Brogdon",29,2024,,97,64.4,95.2,107.7,124.3,-0.1,1.5
109645,664776,"Jake Cousins",29,2024,"NYY",644,88,89.9,96.4,91.1,-0.4,-0.1
109764,670161,"Parker Dunshee",29,2024,"ATL",51,80.1,87.2,115.9,116.6,0.5,2.2
110119,677161,"Zack Kelly",29,2024,"BOS",957,76.6,104.2,101.5,98.6,-0.8,-0.7
110249,676760,"Ron Marinaccio",29,2024,"NYY",395,82.5,88.4,106.1,111.5,-0.1,0.2
110462,676617,"Riley O'Brien",29,2024,"STL",194,67.2,107.8,114.7,111.3,-0.5,0.4
110582,668676,"Zach Plesac",29,2024,"LAA",208,69.6,95.5,105.9,109.6,0.7,1.4
110748,676614,"Bryan Sammons",29,2024,"DET",374,58.4,101.9,117.3,122.3,0.1,0.5
111013,676684,"Will Vest",29,2024,"DET",1162,80.3,102,78.5,73.7,-0.1,-0.4
111031,677020,"Josh Walker",29,2024,"NYM",215,73.9,94.4,103,110.9,0,0.3
111083,676604,"Tyler Zuber",29,2024,"TB",75,71.3,89.9,99.8,96.9,-0.5,-0.3
111185,677976,"Randy Dobnak",29,2024,"MIN",183,70.2,96.4,91.6,91.7,0.3,0.8
111214,678061,"Ray Kerr",29,2024,"ATL",383,71.2,96.2,126.5,132.7,-0.4,0.4
120416,641585,"J.P. France",29,2024,"HOU",466,62.5,100.3,136.8,130.6,0.2,1
124529,682175,"Joe Jacques",29,2024,,50,84.9,88.7,93.9,97.1,-0.3,0.2
125575,667463,"John King",29,2024,"STL",857,78.6,100.8,76.2,91.1,-0.1,-0.4
134488,642016,"Daniel Robert",29,2024,"TEX",103,78.7,104.3,99.2,98.1,-0.6,-0.4
137998,657265,"Peter Strzelecki",29,2024,"CLE",192,78.7,100.1,84.6,83.1,0.1,0.4
141089,621051,"Steven Wilson",29,2024,"CWS",623,87,92.5,85.3,88.1,-0.4,0.2
151445,703231,"James Meeker",29,2024,"MIL",16,66,85.8,98.3,94.5,0.5,1.7
69377,600917,"José Leclerc",30,2024,"TEX",1182,66.7,113.1,99.2,106.1,-0.3,0.1
69756,606303,"Joel Payamps",30,2024,"MIL",899,76.1,113.1,82.9,78.6,-0.1,-0.3
70610,608331,"Max Fried",30,2024,"ATL",2762,70.4,95.6,109.6,107,-0.2,-0.2
70611,608334,"Carson Fulmer",30,2024,"LAA",1467,56.8,104.7,100.2,92.2,0.2,0.5
70636,608371,"Lucas Sims",30,2024,,884,72.5,108.7,99.1,95.8,-0.6,0.1
70795,607192,"Tyler Glasnow",30,2024,"LAD",2011,68.6,94.1,124,110,-0.6,-0.6
70913,596133,"Luke Weaver",30,2024,"NYY",1374,69.2,101.5,84.9,81.9,-0.2,-0.1
71057,607481,"Aaron Bummer",30,2024,"ATL",974,77.2,104.8,88.5,88.7,-0.6,-0.5
71071,607455,"Anthony Banda",30,2024,"LAD",774,74.8,102.1,93.8,90,-0.6,-0.7
100472,620982,"Ricardo Pinto",30,2024,"PHI",220,59.6,104.3,89.8,106.2,0.2,1
100518,621107,"Zach Eflin",30,2024,,2447,63.1,98.5,105.2,105.7,0,-0.3
100519,621112,"Paul Blackburn",30,2024,,1212,54.8,103.3,122.8,111.1,0.4,0.2
100572,621242,"Edwin Díaz",30,2024,"NYM",907,78.5,89.5,84.6,89.6,-0.9,-0.7
100574,621244,"José Berríos",30,2024,"TOR",2907,59.2,102.3,116.5,109.7,0.3,0.1
100606,621366,"Ryan Borucki",30,2024,"PIT",174,75.5,108.5,80.2,82.9,-0.2,0.1
100720,622075,"Yency Almonte",30,2024,"CHC",266,78.4,102.6,103.5,103.1,-0.4,-0.2
101023,622569,"Pablo Reyes",30,2024,"BOS",18,87.7,75.1,206,193.3,2.9,2.7
101074,622663,"Luis Severino",30,2024,"NYM",2889,62.6,100,100.1,99.6,-0.2,0
101249,623167,"Chris Flexen",30,2024,"CWS",2797,56.9,101.7,127.4,129.1,0.4,0.7
101384,623352,"Josh Hader",30,2024,"HOU",1163,93.2,86,69.7,73.9,-1.2,-1.2
101446,623451,"Jackson Stephens",30,2024,"ATL",51,76.7,105.3,76.8,75.9,0.7,-0.1
101728,625643,"Reynaldo López",30,2024,"ATL",2102,76.5,92.2,113.7,115.1,0,-0.1
102336,630023,"Yonny Chirinos",30,2024,"MIA",510,67.6,95,96.9,96.7,0.1,0.3
103747,622088,"Tejay Antone",30,2024,"CIN",46,80,114.8,73,74.7,0.2,2.7
103789,596295,"Austin Gomber",30,2024,"COL",2621,60.9,102.1,124.6,124.5,0.3,0.2
104483,650895,"Diego Castillo",30,2024,"MIN",177,81,92.6,87.3,92.5,-0.5,0.4
104921,657024,"Erik Swanson",30,2024,"TOR",667,85.9,92.6,76.9,77.9,0.1,0.1
104945,657097,"Jacob Webb",30,2024,"BAL",934,75.3,99.9,99.2,99,0,-0.1
105394,656222,"Jalen Beeks",30,2024,,1189,79.2,93.7,82.3,88.5,-0.1,0.3
105642,621114,"Ryan Burr",30,2024,"TOR",570,80.1,86,100,96.1,0.2,-0.1
105739,664076,"Garrett Cleavinger",30,2024,"TB",1056,76.1,108,98.9,94.4,-0.5,-0.5
105798,621016,"Jose Cuas",30,2024,,319,74.8,96.2,80,78.6,0.2,0.6
105904,664123,"Scott Effross",30,2024,"NYY",55,74,92.8,100.5,112.5,0,0.3
105933,664126,"Pete Fairbanks",30,2024,"TB",694,91.4,89.6,76.5,72.6,-0.8,-0.7
105954,621053,"Tyler Ferguson",30,2024,"OAK",819,64.5,119.9,95.7,96.5,-0.5,-0.5
106036,664139,"Ian Gibaut",30,2024,"CIN",40,64.6,106.5,87.8,85.9,0.4,-0.2
106041,656457,"Tyler Gilbert",30,2024,"PHI",145,67.8,107,81.1,83.1,0.3,0.7
106140,623474,"Jimmy Herget",30,2024,"ATL",189,78.2,103.7,86.2,91.9,-0.2,0
106198,664079,"Tyler Jay",30,2024,,153,70.1,99.8,87.4,92.7,0,0.7
106454,656730,"Trevor Megill",30,2024,"MIL",668,83.4,92.2,100.1,91.2,-0.7,-0.8
106466,664901,"Danny Mendick",30,2024,"CWS",15,93.3,94,148.8,161.1,2.7,2.7
106664,656848,"Michael Petersen",30,2024,,363,92.2,89,65.3,67.6,-0.2,-0.6
106871,622250,"Josh Sborz",30,2024,"TEX",278,88.7,91.7,81,76.4,-0.4,-0.5
106928,622098,"Drew Smith",30,2024,"NYM",318,65.9,121.5,100.2,94.7,-0.2,0.1
106956,622251,"Josh Staumont",30,2024,"MIN",420,82.4,96.1,91.9,88.7,0,0.4
106989,622253,"Dillon Tate",30,2024,,591,91.6,89.4,69.8,74.9,-0.3,0.2
107018,663423,"Trent Thornton",30,2024,"SEA",1141,77.1,120,81.1,74.6,-0.3,-1
107058,664285,"Framber Valdez",30,2024,"HOU",2597,65.9,97.2,125.5,119.8,-0.5,-0.2
107097,621097,"Jacob Waguespack",30,2024,"TB",221,74.2,93.1,118.5,116.2,0.3,0.5
107135,622259,"Trey Wingenter",30,2024,,179,77.3,92.2,102.9,106.9,-0.5,-0.4
107155,664849,"Danny Young",30,2024,"NYM",674,95,82.6,72.7,70.4,-0.6,0
107169,622065,"Alex Young",30,2024,,264,79.1,102.5,71.8,76.7,0.1,0.1
107229,666204,"Dany Jiménez",30,2024,"OAK",450,77.2,97.2,102.3,113.8,0.1,0.4
107502,669854,"Ronel Blanco",30,2024,"HOU",2751,58.5,100.9,115,116.7,0.2,0.3
107925,664129,"Geoff Hartlieb",30,2024,"COL",138,59.7,100.8,90.4,99.6,-0.2,0
108235,621345,"A.J. Minter",30,2024,"ATL",522,73.5,105.8,82.2,78.5,-0.4,-0.5
108406,621363,"Colin Poche",30,2024,"TB",543,80.2,92.4,85,88.3,0.4,0.6
108561,670167,"John Schreiber",30,2024,"KC",895,70.3,117.2,84.5,86,0,0
108893,656464,"Kevin Ginkel",30,2024,"AZ",1184,74.4,101.1,92.8,89.2,0,-0.4
108934,608344,"Cole Irvin",30,2024,,1767,61.5,100.7,112.9,113.9,0.5,0.1
109101,622268,"Donovan Walton",30,2024,"SF",13,92.3,100.5,140.7,182.3,3.2,0.4
109484,676961,"Caleb Boushley",30,2024,"MIN",63,80.2,92,100.2,98.2,0.5,1.3
110699,668942,"Josh Rojas",30,2024,"SEA",27,88.2,96.6,107.9,128.1,2,1.8
115326,666974,"Yennier Cano",30,2024,"BAL",1008,78.5,101,65.9,69.9,-0.6,-0.8
125761,657649,"Jared Koenig",30,2024,"MIL",1016,82.8,105.8,74.3,76.3,-0.2,-0.6
142461,684007,"Shota Imanaga",30,2024,"CHC",2586,81.5,91.4,81.7,88.8,-0.3,-0.5
142809,683822,"Naoyuki Uwasawa",30,2024,"BOS",62,75.2,93.9,91.7,89.9,0.3,0.6
150097,702352,"Spencer Bivens",30,2024,"SF",767,71.1,102.8,92.3,99.8,-0.2,-0.2
67148,592836,"Taijuan Walker",31,2024,"PHI",1341,59.6,101.2,105.8,102.6,0.5,0.9
67182,593334,"Domingo Germán",31,2024,"PIT",373,73.2,92.7,90.4,97.8,0.4,1
67243,593423,"Frankie Montas",31,2024,,2632,45.7,110.4,107.4,110.8,0,0.3
67574,593934,"Miguel Sanó",31,2024,"LAA",3,66.7,167.7,51.8,70.9,2,-2.4
67588,593958,"Eduardo Rodriguez",31,2024,"AZ",866,54.7,103.9,91,91.6,0.4,0.2
69038,600986,"Thyago Vieira",31,2024,,737,74.6,94.6,93.3,96.6,-0.2,0.3
69545,605288,"Adrian Houser",31,2024,"NYM",1098,66,103,104.6,106.6,0.3,0.4
70188,608032,"Carlos Estévez",31,2024,,815,80.2,95,81.1,81.8,-0.2,-0.4
70271,605483,"Blake Snell",31,2024,"SF",1771,70.8,96.9,131.7,121.5,-0.5,-0.4
70397,595978,"Austin Hedges",31,2024,"CLE",20,100,77.9,198.8,193.3,3.6,3.1
70429,605130,"Scott Barlow",31,2024,"CLE",1021,81.5,107,87.4,85,0,0.6
70464,605347,"Jorge López",31,2024,,798,75,114.5,83.6,81.5,-0.3,-0.4
70473,605397,"Joe Musgrove",31,2024,"SD",1582,61.9,99.1,129.5,116.6,0,-0.1
70485,605452,"Joe Ross",31,2024,"MIL",1197,70.2,99.3,88.4,91.1,0.1,-0.1
70543,607179,"Jordan Weems",31,2024,"WSH",733,77.1,95.4,94.4,91,-0.2,0.4
70759,595881,"Tyler Beede",31,2024,"CLE",265,71.6,105.1,98.5,96.8,0.5,0.7
70768,547184,"Michael Kelly",31,2024,"OAK",470,77.2,102.8,98.4,91.3,-0.2,-0.4
70790,605155,"Colten Brewer",31,2024,"CHC",391,79.3,93.3,103.7,99.4,0.1,0.1
70822,605280,"Clay Holmes",31,2024,"NYY",1084,83.5,95.1,92.1,88.9,-0.9,-0.7
70883,607074,"Carlos Rodón",31,2024,"NYY",3102,75.9,94.2,108.6,100.1,-0.5,-0.2
70943,605400,"Aaron Nola",31,2024,"PHI",3185,62.8,99.6,112,105.4,-0.3,-0.3
70964,607200,"Erick Fedde",31,2024,,2874,60,100.6,92.6,95.1,0.2,0.1
70966,595897,"Nick Burdi",31,2024,"NYY",210,81.2,91.3,99.8,91.6,-0.7,0.4
71017,596001,"Jakob Junis",31,2024,,942,76.8,94.9,93.6,95.4,0,-0.4
71042,595928,"John Curtiss",31,2024,"COL",38,75.9,109.6,75.3,75.5,0.3,-0.6
71098,607536,"Kyle Freeland",31,2024,"COL",1768,52.2,107.4,94.2,92,0.5,0.2
71295,607644,"John Means",31,2024,"BAL",320,61.8,102.4,113.8,122.6,0.3,0
71349,605335,"Brandon Leibrandt",31,2024,"CIN",117,61.6,98.9,111,126,0.5,0.1
100945,622491,"Luis Castillo",31,2024,"SEA",2847,62.8,98.9,101.2,105,-0.1,0
101479,623520,"David Bote",31,2024,"CHC",15,100,76.7,87.7,136,4.6,3.2
101621,624431,"Jose Trevino",31,2024,"NYY",43,85.7,81.5,83.3,139.1,3.5,2.5
102061,601713,"Nick Pivetta",31,2024,"BOS",2385,75,94.9,121.9,114.8,-0.3,-0.4
102489,641149,"Wes Parsons",31,2024,,119,68.3,104.1,116.7,101.6,-0.1,0.8
102639,641771,"Chad Kuhl",31,2024,"CWS",981,61.7,107.7,103.5,106,0.1,0.7
103738,622103,"Gerardo Reyes",31,2024,"OAK",78,76.9,90.1,112.6,109.9,0.3,0.9
103794,605121,"Justin Anderson",31,2024,"CWS",947,77.8,102.1,87.5,81.1,-0.4,0
103808,605447,"Jordan Romano",31,2024,"TOR",215,82.4,94.8,94.5,91.9,-0.6,-0.8
103809,605513,"Spencer Turnbull",31,2024,"PHI",916,67.3,100.1,105,112.1,-0.1,0.1
104719,656186,"Dan Altavilla",31,2024,"KC",83,73.4,102.4,79.4,84.3,0.1,-0.2
104760,656354,"Austin Davis",31,2024,"SD",142,74.2,90,93.5,97.6,-0.2,0.4
104777,656420,"J.P. Feyereisen",31,2024,"LAD",179,86.2,97.1,71.6,66,0.4,0.1
104855,656756,"Jordan Montgomery",31,2024,"AZ",1929,54.9,106.5,124,128.1,0.3,0.5
104863,656794,"Sean Newcomb",31,2024,"OAK",184,85.8,88.8,92.6,85.6,0.2,0.8
105101,657585,"Reed Garrett",31,2024,"NYM",952,66.9,118.8,92.1,83.8,-0.6,0.2
105417,659275,"Dinelson Lamet",31,2024,"LAD",74,69.5,101.5,104.8,110.2,0.6,1.1
105425,656546,"Jeff Hoffman",31,2024,"PHI",987,70.7,108.7,102.9,91.4,-0.7,-0.6
106414,664208,"Phil Maton",31,2024,,1075,73.8,111.6,108.8,107.2,-0.1,0.2
106709,663432,"Tanner Rainey",31,2024,"WSH",939,78.5,91.1,89.8,88,-0.1,0.4
106870,642048,"Tayler Saucedo",31,2024,"SEA",626,69,124,77.3,83.6,-0.1,0.4
106950,605488,"Jeffrey Springs",31,2024,"TB",565,77.4,92.4,97.2,103.9,0.2,0.3
106973,596117,"Garrett Stubbs",31,2024,"PHI",65,98.5,81.5,181.4,184.6,3.5,3.7
107792,670036,"Matt Festa",31,2024,,385,72.8,97.3,87.3,90.8,-0.4,-0.6
108123,664192,"Joey Lucchesi",31,2024,"NYM",179,80.4,90.4,87.6,95.4,0.5,0.8
109041,670950,"Trevor Richards",31,2024,,1181,90.2,83.1,99.3,100.7,-0.1,0.5
136521,673540,"Kodai Senga",31,2024,"NYM",73,55.1,109.4,128.2,135.3,-0.4,-0.7
59660,571771,"Enrique Hernández",32,2024,"LAD",45,97.8,79.2,201.5,185.1,4.5,5.8
60095,545121,"Ildemaro Vargas",32,2024,"WSH",23,90.4,87.1,167.9,174.7,3.5,3.2
66246,570257,"Joely Rodríguez",32,2024,"BOS",249,73.5,95.3,78.8,84.2,0,-0.4
66311,570632,"José Ureña",32,2024,"TEX",1757,63.1,98.3,84.5,105.5,0.1,0.4
67083,592662,"Robbie Ray",32,2024,"SF",566,64.3,98.5,97.5,101.9,-0.1,0.4
67560,593833,"Wander Suero",32,2024,"HOU",2,100,65.6,53.6,51.5,-0.6,-3.7
67604,593974,"Wandy Peralta",32,2024,"SD",612,79,109.1,66.3,69.9,-0.2,-0.1
68444,547179,"Michael Lorenzen",32,2024,,2084,46.4,110.6,121.9,121.6,0.4,0.8
68490,592094,"Jason Adam",32,2024,,1093,72.2,112.8,104,95.8,-0.5,-0.3
68546,592288,"Kent Emanuel",32,2024,"MIA",302,85.6,88.6,87.5,98.2,0,0.6
68564,592351,"Jon Gray",32,2024,"TEX",1620,66.4,98.4,94.9,96,0.3,0.1
68592,592426,"Luke Jackson",32,2024,,917,76.7,97.9,91.5,81.6,-0.4,-0.4
68691,592773,"Ryne Stanek",32,2024,,976,78.1,107.8,78.6,77.7,-0.5,-0.4
68692,592779,"Brock Stewart",32,2024,"MIN",268,71.8,108.3,101.2,96.6,-0.6,-0.4
68694,592791,"Jameson Taillon",32,2024,"CHC",2483,60.5,100.7,119.4,114.6,0.5,0
68759,594835,"Marco Gonzales",32,2024,"PIT",546,69.9,95.8,88.9,87.2,0.5,0.4
68781,594902,"Ben Lively",32,2024,"CLE",2396,61.8,97.3,104.6,111.5,0.7,0.4
68933,595345,"Steven Okert",32,2024,"MIN",616,79.5,106.6,89.7,93.2,-0.4,-0.1
70486,605463,"Tayler Scott",32,2024,"HOU",1203,79.6,99.8,88,83.9,0,0.2
70946,607237,"Amir Garrett",32,2024,"LAA",104,87.7,91.5,79.1,86.1,-0.6,0.1
71343,605218,"Carl Edwards Jr.",32,2024,"SD",12,75,128,111,114.1,0.3,4.6
99949,571539,"Matt Carasiti",32,2024,"COL",170,74.5,100.4,104.9,118.4,0.5,0.1
100206,592866,"Trevor Williams",32,2024,"WSH",1064,56.8,101,105.7,118.1,0.4,0.2
100246,606149,"Giovanny Gallegos",32,2024,"STL",401,74.9,93.5,96.4,99.8,0.3,0.6
100305,608678,"Dominic Leone",32,2024,"CWS",355,67,114.9,88.9,83.1,-0.3,0.1
100612,621381,"Matt Strahm",32,2024,"PHI",952,72.5,110.2,76.2,75.9,-0.5,-1
100661,621550,"Patrick Wisdom",32,2024,"CHC",13,84.6,88.5,206,193.3,4,6.2
102028,592155,"Cam Booser",32,2024,"BOS",695,81.8,99.7,81.4,80.6,-0.6,-0.5
102052,594580,"Sam Moll",32,2024,"CIN",624,77,109.5,81.2,80,-0.4,-0.6
102084,608723,"Austin Voth",32,2024,"SEA",974,68.3,120.6,103.6,97.4,0,-0.1
102138,621294,"Ben Heller",32,2024,"PIT",255,68.4,99.8,103.6,109,-0.4,0.6
102428,640448,"Kyle Finnegan",32,2024,"WSH",1066,90.6,92,68.1,67.2,-0.3,-0.7
102658,641835,"Tim Mayza",32,2024,,730,81.3,99.8,72.2,73.8,-0.2,0.1
102796,642239,"Rob Zastryzny",32,2024,"MIL",119,69.4,96.9,84.7,87.9,0,0
103721,640455,"Sean Manaea",32,2024,"NYM",2911,64.2,100.1,111.8,121.2,0.1,0.1
103842,621383,"Tanner Banks",32,2024,,1169,68.5,116.6,83.5,83.1,-0.3,-0.3
103929,642232,"Ryan Yarbrough",32,2024,,1514,75.9,95.8,90,102.2,0,0.2
104928,657044,"Ryan Thompson",32,2024,"AZ",976,83.6,99.1,76.7,88.8,-0.5,-0.6
104993,657240,"Julian Merryweather",32,2024,"CHC",272,74.3,103.4,99.2,106.4,-0.5,0
105056,657514,"Brennan Bernardino",32,2024,"BOS",858,84.7,98.3,79.6,79.8,-0.2,-0.3
110477,672391,"Kaleb Ort",32,2024,"HOU",366,78.7,103.3,85.1,83.1,-0.8,-0.9
57905,543238,"Anthony Gose",33,2024,"CLE",79,74.6,88,104,105,-0.2,0.1
58407,543475,"Jordan Lyles",33,2024,"KC",72,63.9,129.3,95.6,87.3,0.4,0.9
58533,527048,"Martín Pérez",33,2024,,2204,60.1,103.2,96.8,104.6,0.5,0.5
58731,527054,"Julio Teheran",33,2024,"NYM",68,56,107,102.5,113.2,0.3,1.2
59592,571466,"Tucker Barnhart",33,2024,"AZ",11,100,75,192.5,193.3,4.8,3.8
60626,571946,"Shelby Miller",33,2024,"DET",846,73.5,98.7,82.7,82.2,0,-0.1
65957,543037,"Gerrit Cole",33,2024,"NYY",1534,62.2,101.1,118.3,106.7,-0.3,-0.3
66174,554340,"Yimi García",33,2024,,618,70.2,112.5,97.3,96.6,-0.6,-0.8
66214,554431,"Tyler Matzek",33,2024,"ATL",178,80.6,90,108.5,101.6,0,0.1
67118,592741,"Chasen Shreve",33,2024,"COL",10,68.7,134.9,70.4,69.3,0.7,1.6
68557,592332,"Kevin Gausman",33,2024,"TOR",2862,67.6,97.1,99,110.4,0,-0.1
68565,643338,"Chad Green",33,2024,"TOR",839,75.8,92.8,92.6,89.3,-0.3,-0.4
69637,606160,"Rafael Montero",33,2024,"HOU",683,76.7,105.6,67.4,64.1,0.1,0.2
69887,607259,"Nick Martinez",33,2024,"CIN",2121,54.7,106.8,115.1,116,0.3,-0.2
70293,542888,"Shawn Armstrong",33,2024,,1109,64.2,109.3,79.3,73.2,0.2,-0.1
70359,571882,"Derek Law",33,2024,"WSH",1368,64.4,116,84.5,83.1,-0.1,-0.4
70361,571948,"Hoby Milner",33,2024,"MIL",1043,73.7,104.5,84.9,82.8,-0.3,-0.6
70371,573186,"Marcus Stroman",33,2024,"NYY",2658,49.5,108.4,102,102.9,0.3,0.5
70437,605182,"Mike Clevinger",33,2024,"CWS",303,65.9,96,120.2,122.2,0.2,0.2
70514,606965,"Chris Devenski",33,2024,"TB",518,67.4,102.5,110.1,115.6,-0.2,0.2
70641,608379,"Michael Wacha",33,2024,"KC",2601,61.2,99.7,121.9,122.5,0,-0.2
99821,571927,"Steven Matz",33,2024,"STL",754,72.2,98.7,106,109.7,0.1,-0.1
99839,572955,"Pierce Johnson",33,2024,"ATL",916,84.3,97.6,89.9,83.7,-0.5,-0.4
99857,571670,"Dylan Floro",33,2024,,1018,69.6,114,76.8,85.1,0.1,0.1
99874,571760,"Andrew Heaney",33,2024,"TEX",2728,66.9,98,103.9,104.2,-0.2,-0.2
99953,573262,"Mike Yastrzemski",33,2024,"SF",29,96.5,88.6,195.7,171,3.3,5.6
99954,573124,"Taylor Rogers",33,2024,"SF",1082,92.3,83.9,84.2,87.4,-0.2,-0.1
99961,571863,"Matt Koch",33,2024,"COL",23,82.6,101.8,69.7,72.2,0.3,-0.1
100036,571912,"Luke Maile",33,2024,"CIN",65,97.9,82.8,144.4,180.5,3.7,3.9
100067,571656,"Buck Farmer",33,2024,"CIN",1168,76.1,104.5,91,89.7,0.1,0
100110,573009,"Joe Mantiply",33,2024,"AZ",867,71.5,111.9,89.5,96,0,-0.1
100171,571657,"Kyle Farmer",33,2024,"MIN",41,100,76.9,161.7,193.3,4,4.2
100288,608638,"JT Chargois",33,2024,,529,75.4,97.9,89.3,93.5,0,0
100292,608648,"Tyler Duffey",33,2024,"KC",189,63.6,107.8,124.1,119.3,0.3,0.3
100323,608717,"Chris Stratton",33,2024,"KC",995,66.8,115.3,104.2,96.9,0.4,0.6
100392,613534,"Austin Adams",33,2024,"OAK",805,83.5,95.4,81.3,75.5,-0.5,-0.2
100544,621199,"Matt Bowman",33,2024,,497,82.4,96.3,81.5,80.2,-0.1,-0.1
100718,622072,"Alex Wood",33,2024,"OAK",756,72.1,93.7,98.1,93,0,0.4
101250,623168,"Tyler Heineman",33,2024,"TOR",8,87.5,113.7,186.5,175.4,3.3,1.4
101991,621389,"Ty Blach",33,2024,"COL",1133,65.6,99.9,97,109.3,1.2,1.3
102011,571510,"Matthew Boyd",33,2024,"CLE",669,69.7,96,111.2,123.6,0.3,0.1
102190,623437,"Justin Topa",33,2024,"MIN",20,71.7,131.2,92.5,85.2,0.4,-0.8
102544,641427,"Alan Busenitz",33,2024,"CIN",75,77.1,103,91.3,92.5,0.2,0.1
102634,641755,"Tyler Kinley",33,2024,"COL",1182,71.5,101.2,83.2,87.9,-0.1,0.2
102705,641941,"Emilio Pagán",33,2024,"CIN",590,70.7,102.8,92.5,96.6,-0.1,-0.5
103333,643256,"Adam Cimber",33,2024,"LAA",416,85.6,92.8,75.6,91,-0.3,0.2
103395,643361,"Kevin Herget",33,2024,"MIL",151,73.6,99,89,107.7,-0.2,0.3
103426,643410,"Mark Leiter Jr.",33,2024,,1014,71.2,107.9,106.2,101.8,0.2,0.4
103494,643511,"Tyler Rogers",33,2024,"SF",1001,85.6,87.9,67,91,-0.9,-1.5
103727,621399,"Brady Feigl",33,2024,"PIT",44,75.7,89.1,112.9,107.2,0.8,0.4
105174,657697,"Vinny Nittoli",33,2024,,177,78.3,109,76.6,80.8,-0.3,-0.6
107196,623433,"Nick Anderson",33,2024,"KC",571,75.3,97.3,104.1,107.9,0.2,0.2
108282,667297,"Tommy Nance",33,2024,"TOR",322,88.2,94.8,82.9,75.4,-0.6,-0.2
125512,579328,"Yusei Kikuchi",33,2024,,2909,67.1,95.7,106.8,104.8,-0.4,-0.6
138046,663158,"Robert Suarez",33,2024,"SD",976,83,94.7,63.8,66.1,-0.5,-0.7
55769,518585,"Fernando Cruz",34,2024,"CIN",1124,74.7,100.2,98.2,99.4,0,0
57820,543135,"Nathan Eovaldi",34,2024,"TEX",2618,57.8,100.7,116.7,113.5,-0.2,-0.3
57967,543305,"Aaron Hicks",34,2024,"LAA",18,100,77.5,116.2,193.3,4,5.5
58281,519293,"Will Smith",34,2024,"KC",673,76.3,106.7,95.8,94.4,0.2,0.1
58343,543391,"Casey Kelly",34,2024,"CIN",78,61.2,98.2,95.6,96.6,0.3,1
58715,544150,"Albert Suárez",34,2024,"BAL",2234,75.7,92.7,110.1,109.8,0.3,0.3
58750,543859,"Michael Tonkin",34,2024,,1395,64,104.1,108.2,109.9,-0.2,-0.2
59012,541640,"Erasmo Ramírez",34,2024,"TB",302,70.3,100.3,87.5,89.5,0.5,0.4
59541,552640,"Andrew Kittredge",34,2024,"STL",1029,78.6,102.1,84.4,77.2,-0.1,-0.7
59626,571578,"Patrick Corbin",34,2024,"WSH",2888,65.7,97.8,117.5,133.8,0.5,0.4
65851,518397,"Scott Alexander",34,2024,"OAK",566,77.9,99,81.2,91,-0.3,0
65947,542881,"Tyler Anderson",34,2024,"LAA",2913,67.3,97.8,97.8,121.4,-0.1,0.4
66213,554430,"Zack Wheeler",34,2024,"PHI",3134,56.4,103.7,115.4,112.2,-0.5,-0.7
67028,592454,"Tommy Kahnle",34,2024,"NYY",750,86.8,99,72.3,70,-0.1,0.3
68319,598286,"Nick Ramirez",34,2024,"LAD",187,67.9,97.9,95.8,118.9,0.2,1.3
68471,572143,"Burch Smith",34,2024,,896,75.6,106.2,100.7,99.7,-0.3,-0.4
69156,542882,"Matt Andriese",34,2024,"MIA",88,70.1,107.1,88.8,81.4,0.4,-0.2
69172,543294,"Kyle Hendricks",34,2024,"CHC",2134,63.4,98.6,105.3,120.7,0.5,0.4
69177,543518,"Scott McGough",34,2024,"AZ",580,71.1,98.8,86.5,91.4,0.1,0.3
69523,605156,"Aaron Brooks",34,2024,"OAK",403,55.7,103.4,102.8,101.2,0.6,0.6
69837,606930,"Jacob Barnes",34,2024,"WSH",1117,74,94.9,81.4,82.8,0,-0.1
69856,607067,"Colin Rea",34,2024,"MIL",2647,48.1,109.6,112.9,112.1,0.3,0.3
70069,607625,"Seth Lugo",34,2024,"KC",3110,56.5,103.5,121.4,115,0.2,0.2
70306,543243,"Sonny Gray",34,2024,"STL",2483,49.3,108.3,131.7,114.1,-0.1,-0.4
70317,543510,"James McCann",34,2024,"BAL",10,100,74.8,145.6,193.3,5.7,3
70432,605154,"John Brebbia",34,2024,,993,81,89.4,106.6,103.6,0.2,-0.1
70436,605177,"Andrew Chafin",34,2024,,964,76.4,101.5,96.9,97,0.3,0.6
70758,598264,"Matt Barnes",34,2024,"WSH",237,75.9,95.6,106.2,97.9,0.4,1
70826,548389,"Ross Stripling",34,2024,"OAK",1358,61.5,101,94.5,104.1,0.5,0.2
99616,543056,"Danny Coulombe",34,2024,"BAL",466,62.7,133.5,98.7,88.3,-0.2,0.3
100324,608718,"Brent Suter",34,2024,"CIN",1022,71.9,103.5,84.7,99.9,-0.3,0
101231,623149,"Paul Sewald",34,2024,"AZ",629,84,93.2,81.2,84.7,-0.6,-0.6
101287,623211,"Huascar Brazobán",34,2024,,899,62.6,105.2,86.3,89.2,-0.2,0.2
102294,628452,"Raisel Iglesias",34,2024,"ATL",908,71.1,116,85.2,85.1,-0.1,-0.8
102757,642121,"Cole Sulser",34,2024,,292,68.9,105.6,97.1,97.2,0.1,0.1
103484,643493,"Austin Pruitt",34,2024,"TEX",78,66.5,120.8,80.1,71.8,0.1,0.2
104966,657193,"Eddy Alvarez",34,2024,"NYM",13,100,76.1,206,193.3,4.4,3.4
105123,657612,"Tim Hill",34,2024,,982,84.7,99,61.2,64.3,-0.2,-0.5
51611,500743,"Miguel Rojas",35,2024,"LAD",14,85.7,95,206,193.3,2.4,2.8
51645,500779,"Jose Quintana",35,2024,"NYM",2747,63.3,100.1,110.8,108.3,0.4,0.6
57473,519043,"Matt Moore",35,2024,"LAA",849,79.9,93.8,96.4,99,-0.1,0.6
57557,519326,"Hunter Strickland",35,2024,"LAA",1157,81,105.1,83.2,79.7,-0.3,-0.4
58436,519008,"T.J. McFarland",35,2024,"OAK",834,80.7,103.5,83.8,83.6,-0.3,0
58552,519151,"Ryan Pressly",35,2024,"HOU",969,70.7,114.8,99.8,89,-0.2,-0.3
59872,542585,"José Cisnero",35,2024,"LAA",313,72.3,107,91.8,89.7,-0.2,0.4
60625,571945,"Miles Mikolas",35,2024,"STL",2705,54,103.7,110.1,110.1,0.4,-0.2
65751,519242,"Chris Sale",35,2024,"ATL",2813,79.2,91.9,110.6,113.5,-0.7,-0.9
65879,518876,"Merrill Kelly",35,2024,"AZ",1139,49.2,105.4,92.9,88.9,0.5,0.3
66513,571527,"David Buchanan",35,2024,"CIN",58,52.9,102.1,110,114.3,0.6,1.2
67355,593576,"Héctor Neris",35,2024,,1008,80.3,97.3,89.1,91.6,0.3,0.2
68467,572020,"James Paxton",35,2024,,1708,70.8,98,113.6,117.1,0.2,0.6
68688,592767,"Drew Smyly",35,2024,"CHC",1015,87.9,91.3,91.3,94.8,-0.1,-0.2
69516,605135,"Chris Bassitt",35,2024,"TOR",2959,66,100.6,111.7,112.2,0.1,0.3
47965,445276,"Kenley Jansen",36,2024,"BOS",801,86.8,104.6,61.9,71.6,0,-0.4
49786,477132,"Clayton Kershaw",36,2024,"LAD",504,62.8,100,94.9,96.3,0.2,0.6
50167,502171,"Alex Cobb",36,2024,"CLE",242,71,92.2,89.6,86,-0.1,-0.4
53014,547973,"Aroldis Chapman",36,2024,"PIT",1124,65.7,107.7,91.9,98.5,-0.7,-0.7
55617,518489,"Ryan Brasier",36,2024,"LAD",374,71.1,110.8,87.7,86,0.2,-0.5
58309,543351,"Jay Jackson",36,2024,"MIN",453,69.9,104.2,88.8,88.5,0.3,0.3
58350,518886,"Craig Kimbrel",36,2024,"BAL",962,88.1,92,84.3,77.2,-0.5,-0.2
58661,543766,"Bryan Shaw",36,2024,"CWS",95,77.6,109,85.1,88.1,-0.1,1
59179,458677,"Justin Wilson",36,2024,"CIN",815,69.2,107,82.1,78.5,-0.2,-0.3
59304,502624,"Chase Anderson",36,2024,,1016,63.3,101.4,116.5,111.1,0,0
59351,523260,"Joe Kelly",36,2024,"LAD",552,80.1,104.6,81.4,75.8,-0.6,-0.2
59507,548384,"Brooks Raley",36,2024,"NYM",119,85.1,93.9,79.9,75.8,-0.6,-1.4
60448,572971,"Dallas Keuchel",36,2024,"MIL",308,68.2,97.6,78.5,94.8,0.5,1.3
65801,502043,"Kyle Gibson",36,2024,"STL",2764,57.8,103.2,109.5,109.9,0.5,0.7
67740,594798,"Jacob deGrom",36,2024,"TEX",172,64.7,100.1,109.7,99,-0.6,-1.5
68804,595014,"Blake Treinen",36,2024,"LAD",737,79.6,106.8,88,84.2,-0.4,-0.4
102254,628317,"Kenta Maeda",36,2024,"DET",1955,59.7,101.3,110.4,108.1,0.3,0.3
47229,471911,"Carlos Carrasco",37,2024,"CLE",1693,47.8,107.5,106.7,108.2,0.5,0.6
49727,472610,"Luis García",37,2024,,898,77.6,109.5,86.2,93,-0.4,-0.5
53155,506433,"Yu Darvish",37,2024,"SD",1260,54.5,106.8,124.7,117.2,0,-0.1
55842,518617,"Jake Diekman",37,2024,"NYM",591,88,92.7,74.5,76.9,-0.7,0.1
57758,543063,"Brandon Crawford",37,2024,"STL",35,64.7,99.6,79.3,98.4,1.5,4
57996,543339,"Daniel Hudson",37,2024,"LAD",999,72,106.4,80,83,0,0
58410,458681,"Lance Lynn",37,2024,"STL",2037,55.2,103.1,95.1,96,0.3,0.5
58453,489119,"Wade Miley",37,2024,"MIL",118,60.9,104.4,83.7,81.9,0.4,0.7
59239,489446,"Kirby Yates",37,2024,"TEX",1002,79.1,91,85.8,84.7,-0.1,-0.3
60922,573204,"Caleb Thielbar",37,2024,"MIN",887,86.7,92.4,101.6,98.2,-0.2,-0.6
65808,502179,"Paolo Espino",37,2024,"TOR",158,88.3,85.9,111.6,105.2,0.6,0.6
47415,456501,"Johnny Cueto",38,2024,"LAA",167,51.9,109.3,100.9,124.9,0.6,0.8
51434,493603,"Adam Ottavino",38,2024,"NYM",997,73.3,118.5,90.7,91.2,-0.1,-0.2
54159,455119,"Chris Martin",38,2024,"BOS",657,75.5,112.7,70.9,65.9,-0.5,-1.1
56753,453286,"Max Scherzer",39,2024,"TEX",668,65.5,96.9,117.3,113.5,0.1,-0.2
57235,502085,"David Robertson",39,2024,"TEX",1198,85,94.6,91.6,85.4,-0.5,-0.3
47279,445926,"Jesse Chavez",40,2024,"ATL",1043,77.3,99.1,78,76,0.5,0.3
48258,450203,"Charlie Morton",40,2024,"ATL",2789,61,102.1,127,111.4,-0.2,0.3
45613,434378,"Justin Verlander",41,2024,"HOU",1580,69.9,95.7,124.8,116.3,-0.2,0.1
36959,448179,"Rich Hill",44,2024,"BOS",70,79.7,105,114.4,118.9,-0.1,0.7